"ID","Description","GeneRatio","BgRatio","RichFactor","FoldEnrichment","zScore","pvalue","p.adjust","qvalue","geneID","Count"
"GO:0035456","response to interferon-beta","34/758","80/25730",0.425,14.4264511873351,20.9547237211678,5.32599326798788e-31,2.54422698411781e-27,2.05919718666521e-27,"Ddx41/Tlr3/Htra2/Ifi214/Shfl/Ifitm3/Gbp6/Pnpt1/Gm5431/Iigp1c/Ifi213/Ifit3/Ifi209/Trim6/Ifi205/Ifi207/Bst2/Oas1g/Ifi206/Oas1a/Iigp1/Gbp3/Xaf1/Ifi211/Gm12185/Ifit1/Ifi203/Irgm1/Tgtp2/Ifi47/Ifi208/Mndal/Gbp2/Tgtp1",34
"GO:0009615","response to virus","67/758","443/25730",0.151241534988713,5.13383205179366,15.2906317886171,1.64010511859044e-28,3.91739107575328e-25,3.17058215820142e-25,"Pycard/Unc93b1/Il12rb1/Trim28/Fgl2/Ifi44/Ddx41/Apobec1/Mx1/Cd40/Npc2/Otud4/Tlr3/Il27/Ifi27l2a/Tlr7/Sertad3/Mx2/Ccl5/Casp1/Shfl/Ifitm3/Ifit1bl1/Rnase6/Rnf135/Hyal2/Ifit3/Lgals9/Pou2f2/Usp18/Ifit3b/Trim30c/Gbp4/Trim6/Irf7/Bax/Mov10/Ifi207/Bst2/Oas1g/Nmi/Htra1/Ifit2/Nt5c3/Trim21/Tlr9/Il6/Oas1a/Mlkl/Dhx58/Isg20/Ifit1/Il23r/Znfx1/Irgm1/Isg15/Rsad2/Trim30a/Gbp2/Tgtp1/Zbp1/Trim34b/Ifit1bl2/Oasl1/Trim30d/Stat2/Rtp4",67
"GO:0035458","cellular response to interferon-beta","30/758","70/25730",0.428571428571429,14.5476818695816,19.7744802340473,1.23555439712789e-27,1.96741445169331e-24,1.59234782478974e-24,"Ddx41/Tlr3/Htra2/Ifi214/Gbp6/Pnpt1/Gm5431/Iigp1c/Ifi213/Ifit3/Ifi209/Trim6/Ifi205/Ifi207/Oas1g/Ifi206/Oas1a/Iigp1/Gbp3/Ifi211/Gm12185/Ifit1/Ifi203/Irgm1/Tgtp2/Ifi47/Ifi208/Mndal/Gbp2/Tgtp1",30
"GO:0051607","defense response to virus","58/758","351/25730",0.165242165242165,5.60907771989566,15.1478058440893,7.72951517879449e-27,9.23097350227532e-24,7.47118664518741e-24,"Pycard/Unc93b1/Il12rb1/Trim28/Fgl2/Ddx41/Apobec1/Cd40/Otud4/Tlr3/Il27/Tlr7/Sertad3/Mx2/Ccl5/Casp1/Shfl/Ifitm3/Ifit1bl1/Rnase6/Rnf135/Hyal2/Ifit3/Usp18/Ifit3b/Trim30c/Gbp4/Trim6/Irf7/Mov10/Ifi207/Bst2/Oas1g/Htra1/Ifit2/Nt5c3/Trim21/Tlr9/Il6/Oas1a/Mlkl/Dhx58/Isg20/Ifit1/Il23r/Znfx1/Irgm1/Isg15/Rsad2/Trim30a/Gbp2/Zbp1/Trim34b/Ifit1bl2/Oasl1/Trim30d/Stat2/Rtp4",58
"GO:0002833","positive regulation of response to biotic stimulus","58/758","478/25730",0.121338912133891,4.11879974829158,11.9914842575933,5.67525963486451e-20,5.42214305514955e-17,4.38846918712786e-17,"P2rx7/Pycard/Unc93b1/Bid/Ddx41/Nr1h3/Grn/Lamp1/Scimp/Crtam/Otud4/Gsdmd/Tlr3/Ifi214/Tlr7/H2-M3/Arg1/Klrk1/Rab7b/Cd180/Casp1/Nono/Ywhag/Ifi213/Rnf135/Lgals9/Ifi209/Trim30c/Trim6/Irf7/Ifi205/Slamf6/Ifi207/Marchf5/Smpdl3b/Oas1g/Nmi/Ifi206/Ifi35/Tlr9/Oas1a/Naglu/Gbp3/Dhx58/Ifi211/Ifi203/Znfx1/Irgm1/Esr1/Ifi208/Mndal/Ltf/Rsad2/Trim30a/Gbp2/Zbp1/Oasl1/Trim30d",58
"GO:0045089","positive regulation of innate immune response","54/758","443/25730",0.121896162528217,4.13771538502773,11.606095750581,9.26093725300934e-19,7.3732495429376e-16,5.96761798777251e-16,"P2rx7/Pycard/Unc93b1/Bid/Ddx41/Nr1h3/Lamp1/Scimp/Crtam/Otud4/Gsdmd/Tlr3/Ifi214/Tlr7/H2-M3/Klrk1/Rab7b/Casp1/Nono/Ifi213/Rnf135/Lgals9/Ifi209/Trim30c/Trim6/Irf7/Ifi205/Slamf6/Ifi207/Marchf5/Smpdl3b/Oas1g/Nmi/Ifi206/Ifi35/Tlr9/Oas1a/Naglu/Gbp3/Dhx58/Ifi211/Ifi203/Znfx1/Irgm1/Esr1/Ifi208/Mndal/Ltf/Rsad2/Trim30a/Gbp2/Zbp1/Oasl1/Trim30d",54
"GO:0019882","antigen processing and presentation","30/758","142/25730",0.211267605633803,7.17139247092051,12.8477938849298,1.55133263705615e-17,1.05867371531675e-14,8.5684883848229e-15,"Psap/Pycard/Unc93b1/Clec4a1/Ctss/Fgl2/Erap1/Psme1/Fcgr4/Tap2/H2-M3/Psme2/Get3/Marchf8/Clec4a3/Fcgr1/B2m/Tapbpl/Clec4a4/Psmb8/H2-Q6/Psmb9/H2-T22/H2-T23/Cd1d1/Tapbp/Cd68/H2-T24/Mpeg1/Cst7",30
"GO:0002218","activation of innate immune response","47/758","369/25730",0.127371273712737,4.3235657950247,11.2034987473978,3.08703733566077e-17,1.84334716905644e-14,1.491932649195e-14,"P2rx7/Pycard/Unc93b1/Ddx41/Nr1h3/Scimp/Otud4/Gsdmd/Tlr3/Ifi214/Tlr7/Klrk1/Rab7b/Casp1/Nono/Ifi213/Rnf135/Ifi209/Trim30c/Irf7/Ifi205/Ifi207/Marchf5/Smpdl3b/Oas1g/Nmi/Ifi206/Ifi35/Tlr9/Oas1a/Naglu/Gbp3/Dhx58/Ifi211/Ifi203/Znfx1/Irgm1/Esr1/Ifi208/Mndal/Ltf/Rsad2/Trim30a/Gbp2/Zbp1/Oasl1/Trim30d",47
"GO:0034341","response to type II interferon","30/758","152/25730",0.197368421052632,6.69959033467574,12.2786759223938,1.14270598578269e-16,6.06522943787104e-14,4.90895799506414e-14,"Ccl2/Gbp10/Il12rb1/Stxbp3/Ass1/Tlr3/Nub1/Arg1/Gbp8/Rab7b/Ccl5/Casp1/Shfl/Ifitm3/Gbp6/Edn1/Gbp4/Evl/Bst2/Irf8/Trim21/Gbp9/Gbp3/Epsti1/Il23r/Irgm1/Daxx/Gbp2/Tgtp1/Nos2",30
"GO:0016032","viral process","41/758","303/25730",0.135313531353135,4.59316248247516,10.9615003561427,4.03170968161647e-16,1.92594771490819e-13,1.55878628006077e-13,"Axl/Mvb12a/Trim28/Chmp2a/Usf1/Siglec1/Gpr15/Siva1/Mx2/Ccl5/Chmp1b2/Shfl/Ifitm3/Slamf1/Ch25h/Mdfic/Nectin4/Hyal2/Ctsb/Trim30c/Trim6/Pcbp1/Ifi207/Bst2/Larp1/Oas1g/Trim14/Trim21/Naip5/Oas1a/Ptx3/Isg20/Ifit1/Znfx1/Isg15/Npc1/Ltf/Rsad2/Trim30a/Oasl1/Trim30d",41
"GO:0048525","negative regulation of viral process","21/758","82/25730",0.25609756097561,8.69312697084755,12.1563296100313,1.83920703644143e-14,7.39014006134989e-12,5.98128850860773e-12,"Trim28/Mx2/Ccl5/Shfl/Ifitm3/Ch25h/Trim6/Ifi207/Bst2/Oas1g/Trim14/Trim21/Oas1a/Ptx3/Isg20/Ifit1/Znfx1/Isg15/Ltf/Rsad2/Oasl1",21
"GO:0019058","viral life cycle","35/758","249/25730",0.140562248995984,4.77132805628848,10.4184987699303,1.85643041105712e-14,7.39014006134989e-12,5.98128850860773e-12,"Axl/Mvb12a/Trim28/Chmp2a/Siglec1/Gpr15/Siva1/Mx2/Ccl5/Chmp1b2/Shfl/Ifitm3/Slamf1/Ch25h/Nectin4/Hyal2/Ctsb/Trim30c/Trim6/Pcbp1/Ifi207/Bst2/Larp1/Oas1g/Naip5/Oas1a/Isg20/Znfx1/Isg15/Npc1/Ltf/Rsad2/Trim30a/Oasl1/Trim30d",35
"GO:0050792","regulation of viral process","27/758","158/25730",0.170886075949367,5.80065796065596,10.5454800163476,1.5587038063451e-13,5.72763698685427e-11,4.6357239519883e-11,"Axl/Trim28/Mx2/Ccl5/Shfl/Ifitm3/Ch25h/Mdfic/Trim30c/Trim6/Ifi207/Bst2/Larp1/Oas1g/Trim14/Trim21/Oas1a/Ptx3/Isg20/Ifit1/Znfx1/Isg15/Ltf/Rsad2/Trim30a/Oasl1/Trim30d",27
"GO:0071346","cellular response to type II interferon","23/758","119/25730",0.19327731092437,6.5607192745172,10.5927952217012,6.76124001993999e-13,2.30703168394667e-10,1.86722064610824e-10,"Ccl2/Gbp10/Il12rb1/Stxbp3/Ass1/Tlr3/Arg1/Gbp8/Rab7b/Ccl5/Casp1/Gbp6/Edn1/Gbp4/Evl/Irf8/Gbp9/Gbp3/Epsti1/Irgm1/Daxx/Gbp2/Nos2",23
"GO:0042742","defense response to bacterium","44/758","430/25730",0.102325581395349,3.4734000122722,9.0113056172325,8.49341148341897e-13,2.64856383607018e-10,2.1436433282033e-10,"P2rx7/Pycard/Gbp10/Serpine1/Casp7/Grn/Slamf8/Tusc2/Il7r/Gsdmd/Seh1l/Rbck1/H2-M3/Ear6/Klrk1/Adgrb1/Gbp8/Casp1/Stab1/Gbp6/Fcgr1/Rnase6/Lgals9/B2m/Gbp4/Drosha/Plac8/Oas1g/Irf8/Tlr9/Serpinb9/Naip5/Oas1a/Iigp1/Mcoln1/Gbp9/Gbp3/Znfx1/Irgm1/Isg15/Mpeg1/Ltf/Gbp2/Nos2",44
"GO:0048002","antigen processing and presentation of peptide antigen","20/758","88/25730",0.227272727272727,7.71467977932358,10.9928445708275,8.87105325039208e-13,2.64856383607018e-10,2.1436433282033e-10,"Pycard/Unc93b1/Clec4a1/Ctss/Erap1/Tap2/H2-M3/Get3/Marchf8/Clec4a3/Fcgr1/B2m/Tapbpl/Clec4a4/H2-Q6/H2-T22/H2-T23/Tapbp/H2-T24/Mpeg1",20
"GO:0045071","negative regulation of viral genome replication","16/758","53/25730",0.30188679245283,10.2474237068751,11.7410231512794,1.47948034997386e-12,4.15733978342656e-10,3.36478719842353e-10,"Trim28/Mx2/Ccl5/Shfl/Ifitm3/Trim6/Ifi207/Bst2/Oas1g/Oas1a/Isg20/Znfx1/Isg15/Ltf/Rsad2/Oasl1",16
"GO:0001909","leukocyte mediated cytotoxicity","28/758","188/25730",0.148936170212766,5.05557738730141,9.7235210878991,1.84685828547496e-12,4.87042842981615e-10,3.94193308346236e-10,"Ccl2/P2rx7/Bid/Sell/Lamp1/Tusc2/Crtam/Il7r/Fcgr4/Gfus/Tap2/H2-M3/Arg1/Klrk1/Prdx1/Fcgr1/Nectin4/Lgals9/B2m/Plekhm2/H2-Q6/Slamf6/H2-T22/H2-T23/Serpinb9/Cd1d1/Pnp/H2-T24",28
"GO:0002697","regulation of immune effector process","47/758","494/25730",0.0951417004048583,3.22954611004882,8.7174420058318,1.93716014583435e-12,4.87042842981615e-10,3.94193308346236e-10,"Ccl2/P2rx7/Pycard/Axl/Zfp35/Bid/Fgl2/Sell/Grn/Slamf8/Lamp1/Scimp/Mad2l2/Cd40/Crtam/Il7r/Zbtb7b/Tap2/Tlr3/Il27/Tlr7/H2-M3/Arg1/Klrk1/Lgals3/Casp1/Slamf1/Fcgr1/Nectin4/Ywhag/Lgals9/B2m/Trim6/H2-Q6/Slamf6/Bst2/Adora2b/H2-T22/Tlr9/H2-T23/Serpinb9/Cd1d1/Il6/Dhx58/Pnp/H2-T24/Rsad2",47
"GO:0019884","antigen processing and presentation of exogenous antigen","14/758","41/25730",0.341463414634146,11.5908359611301,11.8240964481308,5.55564808371771e-12,1.32696654479597e-09,1.07399449534185e-09,"Unc93b1/Clec4a1/Ctss/Psme1/Tap2/H2-M3/Psme2/Clec4a3/Fcgr1/B2m/Clec4a4/Cd1d1/Tapbp/Mpeg1",14
"GO:0001906","cell killing","36/758","319/25730",0.112852664576803,3.83073754559516,8.86346352498743,6.26362243328367e-12,1.42482496970458e-09,1.15319725300506e-09,"Ccl2/P2rx7/Bid/Fgl2/Sell/Lamp1/Apol9b/Tusc2/Crtam/Ccr5/Il7r/Fcgr4/Gfus/Tap2/H2-M3/Arg1/Klrk1/Lgals3/Prdx1/Fcgr1/Nectin4/Lgals9/B2m/Plekhm2/H2-Q6/Slamf6/Cfb/H2-T22/H2-T23/Serpinb9/Cd1d1/Gbp3/Pnp/H2-T24/Ltf/Gbp2",36
"GO:0042832","defense response to protozoan","14/758","43/25730",0.325581395348837,11.0517273117752,11.4931116696631,1.16998795871448e-11,2.4919335504469e-09,2.01687293958804e-09,"Gbp10/Cd40/Arg1/Gbp8/Gbp6/Gbp4/Irf8/Il6/Iigp1/Gbp9/Gbp3/Tgtp2/Gbp2/Tgtp1",14
"GO:0002237","response to molecule of bacterial origin","44/758","465/25730",0.0946236559139785,3.21196130167106,8.38617156578877,1.19980053716304e-11,2.4919335504469e-09,2.01687293958804e-09,"Ccl2/P2rx7/Pycard/Selenow/Axl/Gbp10/Serpine1/Casp7/Nr1h3/Scimp/Ccr5/Fcgr4/Tap2/Ass1/H2-M3/Tspo/Klrk1/Cd180/Casp1/Gbp6/Edn1/Lgals9/B2m/Trim30c/Trim6/Cebpe/Blvra/Irf8/Zfp709/Cdk4/Tlr9/Il6/Naglu/Gbp3/Epsti1/Cd68/Il23r/Irgm1/Cmpk2/Ltf/Trim30a/Gbp2/Nos2/Trim30d",44
"GO:1903900","regulation of viral life cycle","22/758","124/25730",0.17741935483871,6.02242744063324,9.7672664717723,1.28468780235103e-11,2.55706401326286e-09,2.06958697282251e-09,"Axl/Trim28/Mx2/Ccl5/Shfl/Ifitm3/Ch25h/Trim30c/Trim6/Ifi207/Bst2/Larp1/Oas1g/Oas1a/Isg20/Znfx1/Isg15/Ltf/Rsad2/Trim30a/Oasl1/Trim30d",22
"GO:0060759","regulation of response to cytokine stimulus","26/758","179/25730",0.145251396648045,4.93049925561239,9.19368619498925,2.04149653887522e-11,3.90089158648277e-09,3.15722812096366e-09,"Pycard/Axl/Anxa4/Cd40/Csf1/Otud4/Arg1/Ccl5/Casp1/Sphk1/Edn1/Usp18/Mapk7/Trim6/Irf7/Ecm1/Oas1g/Naip5/Il6/Oas1a/Usp25/Irgm1/Isg15/Taf9/Zbp1/Stat2",26
"GO:0002832","negative regulation of response to biotic stimulus","24/758","157/25730",0.152866242038217,5.18898206813102,9.17248227786236,4.04088881554031e-11,7.30626946255477e-09,5.91340694687564e-09,"Fgl2/Grn/Slamf8/Tap2/Arg1/Nectin4/Ywhag/Lgals9/Usp18/Ifi207/Smpdl3b/Oas1g/Nmi/Htra1/Trim21/Serpinb9/Oas1a/Mcoln1/Dhx58/Irgm1/Isg15/Ltf/Trafd1/Stat2",24
"GO:0032496","response to lipopolysaccharide","42/758","446/25730",0.0941704035874439,3.1965758368139,8.15286279431417,4.12956406717561e-11,7.30626946255477e-09,5.91340694687564e-09,"Ccl2/P2rx7/Pycard/Selenow/Axl/Gbp10/Serpine1/Casp7/Nr1h3/Scimp/Ccr5/Fcgr4/Ass1/Tspo/Klrk1/Cd180/Casp1/Gbp6/Edn1/Lgals9/B2m/Trim30c/Trim6/Cebpe/Blvra/Irf8/Zfp709/Cdk4/Tlr9/Il6/Naglu/Gbp3/Epsti1/Cd68/Il23r/Irgm1/Cmpk2/Ltf/Trim30a/Gbp2/Nos2/Trim30d",42
"GO:0001562","response to protozoan","14/758","47/25730",0.297872340425532,10.1111547746028,10.8922818451569,4.57235247343307e-11,7.65281138663256e-09,6.19388434121865e-09,"Gbp10/Cd40/Arg1/Gbp8/Gbp6/Gbp4/Irf8/Il6/Iigp1/Gbp9/Gbp3/Tgtp2/Gbp2/Tgtp1",14
"GO:0002474","antigen processing and presentation of peptide antigen via MHC class I","16/758","65/25730",0.246153846153846,8.35559163791354,10.3448226026264,4.6458348380227e-11,7.65281138663256e-09,6.19388434121865e-09,"Clec4a1/Erap1/Tap2/H2-M3/Get3/Clec4a3/Fcgr1/B2m/Tapbpl/Clec4a4/H2-Q6/H2-T22/H2-T23/Tapbp/H2-T24/Mpeg1",16
"GO:0050727","regulation of inflammatory response","41/758","430/25730",0.0953488372093023,3.23657728416273,8.1484924978371,4.80845363550119e-11,7.6566610055964e-09,6.1970000712968e-09,"Pycard/Ctss/Serpine1/Nr1h3/Grn/Ccl7/Slamf8/Kars1/Ccr5/1700017B05Rik/Gsdmd/Tlr3/Fanca/Psmb4/Tlr7/Ccl5/Casp1/Cd200r4/Fcgr1/Sphk1/Hyal2/Lgals9/Usp18/Duoxa2/Drosha/Arel1/Ifi207/Smpdl3b/Nmi/Adora2b/Ifi35/Tlr9/Il6/Gbp3/Casp8/Irgm1/Esr1/Il2ra/Gbp2/Zbp1/Cst7",41
"GO:0071222","cellular response to lipopolysaccharide","34/758","312/25730",0.108974358974359,3.69909004803464,8.35686480611199,6.33766057867794e-11,9.76613051107887e-09,7.90432166569917e-09,"Ccl2/Pycard/Axl/Gbp10/Serpine1/Casp7/Nr1h3/Scimp/Ccr5/Fcgr4/Ass1/Tspo/Klrk1/Cd180/Casp1/Gbp6/B2m/Trim30c/Cebpe/Irf8/Zfp709/Cdk4/Tlr9/Il6/Gbp3/Epsti1/Cd68/Irgm1/Cmpk2/Ltf/Trim30a/Gbp2/Nos2/Trim30d",34
"GO:0050777","negative regulation of immune response","29/758","233/25730",0.124463519313305,4.22486326112313,8.61517525102725,6.79897349568629e-11,1.01495926215292e-08,8.21468080580781e-09,"Zfp35/Fgl2/Grn/Slamf8/Il7r/Zbtb7b/Tap2/Psmb4/Arg1/Lgals3/Slamf1/Nectin4/Ywhag/Lgals9/Usp18/Ifi207/Smpdl3b/Oas1g/Fcrlb/Nmi/Trim21/Serpinb9/Oas1a/Mcoln1/Dhx58/Irgm1/Isg15/Trafd1/Stat2",29
"GO:0071216","cellular response to biotic stimulus","36/758","352/25730",0.102272727272727,3.47160590069561,8.13469457855935,1.05636207226806e-10,1.52916412703774e-08,1.23764526042762e-08,"Ccl2/Pycard/Axl/Gbp10/Bid/Serpine1/Casp7/Nr1h3/Scimp/Ccr5/Fcgr4/Ass1/Tspo/Klrk1/Cd180/Casp1/Gbp6/Atg10/B2m/Trim30c/Cebpe/Irf8/Zfp709/Cdk4/Tlr9/Il6/Gbp3/Epsti1/Cd68/Irgm1/Cmpk2/Ltf/Trim30a/Gbp2/Nos2/Trim30d",36
"GO:0001910","regulation of leukocyte mediated cytotoxicity","22/758","138/25730",0.159420289855072,5.41145654085886,9.0529230316671,1.13459421684644e-10,1.59410487466925e-08,1.29020574565851e-08,"Ccl2/P2rx7/Bid/Sell/Lamp1/Crtam/Il7r/Tap2/H2-M3/Arg1/Klrk1/Nectin4/Lgals9/B2m/H2-Q6/Slamf6/H2-T22/H2-T23/Serpinb9/Cd1d1/Pnp/H2-T24",22
"GO:0002703","regulation of leukocyte mediated immunity","34/758","320/25730",0.10625,3.60661279683377,8.17463881095177,1.25934288228536e-10,1.71882312819348e-08,1.39114779146891e-08,"Ccl2/P2rx7/Bid/Sell/Lamp1/Scimp/Mad2l2/Cd40/Crtam/Il7r/Tap2/Tlr3/H2-M3/Arg1/Klrk1/Slamf1/Fcgr1/Nectin4/Ywhag/Lgals9/B2m/H2-Q6/Slamf6/Bst2/Adora2b/H2-T22/Tlr9/H2-T23/Serpinb9/Cd1d1/Il6/Pnp/H2-T24/Rsad2",34
"GO:0031341","regulation of cell killing","23/758","153/25730",0.150326797385621,5.10278165795782,8.86785763093476,1.45388799756829e-10,1.9292286012177e-08,1.56144170031238e-08,"Ccl2/P2rx7/Bid/Sell/Lamp1/Crtam/Ccr5/Il7r/Tap2/H2-M3/Arg1/Klrk1/Nectin4/Lgals9/B2m/H2-Q6/Slamf6/H2-T22/H2-T23/Serpinb9/Cd1d1/Pnp/H2-T24",23
"GO:0071219","cellular response to molecule of bacterial origin","34/758","323/25730",0.105263157894737,3.57311484516039,8.10780193761611,1.61916583993078e-10,2.09047438306739e-08,1.69194768991913e-08,"Ccl2/Pycard/Axl/Gbp10/Serpine1/Casp7/Nr1h3/Scimp/Ccr5/Fcgr4/Ass1/Tspo/Klrk1/Cd180/Casp1/Gbp6/B2m/Trim30c/Cebpe/Irf8/Zfp709/Cdk4/Tlr9/Il6/Gbp3/Epsti1/Cd68/Irgm1/Cmpk2/Ltf/Trim30a/Gbp2/Nos2/Trim30d",34
"GO:0031343","positive regulation of cell killing","19/758","104/25730",0.182692307692308,6.20141566876395,9.26013276924149,1.89257448636926e-10,2.37916534773315e-08,1.92560279458014e-08,"Ccl2/P2rx7/Bid/Sell/Lamp1/Crtam/Ccr5/Tap2/H2-M3/Arg1/Klrk1/B2m/H2-Q6/Slamf6/H2-T22/H2-T23/Cd1d1/Pnp/H2-T24",19
"GO:0001959","regulation of cytokine-mediated signaling pathway","24/758","169/25730",0.142011834319527,4.82053363725781,8.68156163784348,1.94849551861415e-10,2.38665720318456e-08,1.9316664075222e-08,"Pycard/Axl/Anxa4/Cd40/Csf1/Otud4/Arg1/Ccl5/Casp1/Sphk1/Edn1/Usp18/Trim6/Irf7/Ecm1/Oas1g/Naip5/Il6/Oas1a/Usp25/Irgm1/Isg15/Zbp1/Stat2",24
"GO:0002699","positive regulation of immune effector process","34/758","328/25730",0.103658536585366,3.51864663105734,7.99815099765833,2.44378948278522e-10,2.91849558981625e-08,2.36211546586056e-08,"Ccl2/P2rx7/Pycard/Bid/Sell/Lamp1/Scimp/Mad2l2/Cd40/Crtam/Tap2/Tlr3/Tlr7/H2-M3/Arg1/Klrk1/Casp1/Slamf1/Fcgr1/Ywhag/B2m/Trim6/H2-Q6/Slamf6/Adora2b/H2-T22/Tlr9/H2-T23/Cd1d1/Il6/Dhx58/Pnp/H2-T24/Rsad2",34
"GO:0070661","leukocyte proliferation","37/758","381/25730",0.0971128608923885,3.2964563466506,7.86791500373879,2.54934128693857e-10,2.97029349456233e-08,2.40403865132872e-08,"P2rx7/Pycard/Sdc4/Il12rb1/Bid/Ccl12/Cd38/Gpnmb/Nfix/Cd40/Csf1/Crtam/Il7r/Zbtb7b/Il27/Zc3h12d/Tcirg1/Psmb10/Arg1/Ccl5/Cd180/Lgals3/Slamf1/Lgals9/Card11/Bax/Flt3l/Slamf6/Cfb/St6gal1/Azi2/Tlr9/Cd1d1/Il6/Pnp/Irgm1/Il2ra",37
"GO:0002705","positive regulation of leukocyte mediated immunity","26/758","202/25730",0.128712871287129,4.36910577601296,8.37531844215589,3.135388987127e-10,3.56613171226325e-08,2.88628665406453e-08,"Ccl2/P2rx7/Bid/Sell/Lamp1/Scimp/Mad2l2/Cd40/Crtam/Tap2/H2-M3/Arg1/Klrk1/Slamf1/Fcgr1/Ywhag/B2m/H2-Q6/Slamf6/H2-T22/H2-T23/Cd1d1/Il6/Pnp/H2-T24/Rsad2",26
"GO:0045824","negative regulation of innate immune response","20/758","120/25730",0.166666666666667,5.65743183817062,8.90946722703238,3.51088527908849e-10,3.90034859958272e-08,3.15678864873734e-08,"Grn/Slamf8/Tap2/Arg1/Nectin4/Lgals9/Usp18/Ifi207/Smpdl3b/Oas1g/Nmi/Trim21/Serpinb9/Oas1a/Mcoln1/Dhx58/Irgm1/Isg15/Trafd1/Stat2",20
"GO:0045069","regulation of viral genome replication","17/758","85/25730",0.2,6.78891820580475,9.31375731709039,3.9048118710813e-10,4.23938325185349e-08,3.4311899527468e-08,"Trim28/Mx2/Ccl5/Shfl/Ifitm3/Trim6/Ifi207/Bst2/Larp1/Oas1g/Oas1a/Isg20/Znfx1/Isg15/Ltf/Rsad2/Oasl1",17
"GO:0001912","positive regulation of leukocyte mediated cytotoxicity","18/758","100/25730",0.18,6.11002638522427,8.92006938712995,7.3187301739528e-10,7.76923867577167e-08,6.28811600676693e-08,"Ccl2/P2rx7/Bid/Sell/Lamp1/Crtam/Tap2/H2-M3/Arg1/Klrk1/B2m/H2-Q6/Slamf6/H2-T22/H2-T23/Cd1d1/Pnp/H2-T24",18
"GO:0030098","lymphocyte differentiation","41/758","486/25730",0.0843621399176955,2.86363833783945,7.22636806545451,1.93616986342118e-09,2.0106703125137e-07,1.62735741609749e-07,"Psap/Axl/Bak1/Zfp36l2/Il12rb1/Zfp35/Fgl2/Mafb/Slamf8/Tusc2/Crtam/Il7r/Zbtb7b/Dll1/Il27/Hs1bp3/Fanca/Tcirg1/Lyl1/Mmp14/Ly9/Hmga1/Slamf1/Mertk/Lgals9/Pou2f2/B2m/Il15ra/Drosha/Card11/Bax/Flt3l/Slamf6/Cfb/Irf8/Tlr9/Cd1d1/Il6/Pnp/Il2ra/Rsad2",41
"GO:0002478","antigen processing and presentation of exogenous peptide antigen","11/758","34/25730",0.323529411764706,10.9820735682136,10.1472148565504,2.08085653876148e-09,2.11494716716247e-07,1.71175499817938e-07,"Unc93b1/Clec4a1/Ctss/Tap2/H2-M3/Clec4a3/Fcgr1/B2m/Clec4a4/Tapbp/Mpeg1",11
"GO:0051701","biological process involved in interaction with host","21/758","147/25730",0.142857142857143,4.84922728986053,8.1540971469053,2.36700689789634e-09,2.35566498984392e-07,1.9065825298187e-07,"Axl/Chmp2a/Siglec1/Gpr15/Siva1/Chmp1b2/Gbp6/Slamf1/Ch25h/Nectin4/Hyal2/Ctsb/Trim30c/Naip5/Gbp9/Gbp3/Npc1/Ltf/Trim30a/Gbp2/Trim30d",21
"GO:0050729","positive regulation of inflammatory response","23/758","176/25730",0.130681818181818,4.43594087311106,7.96878232069281,2.44438957375243e-09,2.38303040690109e-07,1.92873102135181e-07,"Pycard/Ctss/Serpine1/Grn/Ccl7/Kars1/Ccr5/Gsdmd/Tlr3/Tlr7/Ccl5/Casp1/Fcgr1/Hyal2/Nmi/Adora2b/Ifi35/Tlr9/Il6/Gbp3/Casp8/Gbp2/Zbp1",23
"GO:0032943","mononuclear cell proliferation","33/758","343/25730",0.0962099125364431,3.26580613398771,7.36009652292643,3.01176405260406e-09,2.87743937585792e-07,2.32888618215047e-07,"P2rx7/Pycard/Sdc4/Il12rb1/Bid/Cd38/Gpnmb/Cd40/Csf1/Crtam/Il7r/Zbtb7b/Il27/Zc3h12d/Psmb10/Arg1/Ccl5/Cd180/Lgals3/Slamf1/Lgals9/Card11/Bax/Slamf6/Cfb/St6gal1/Azi2/Tlr9/Cd1d1/Il6/Pnp/Irgm1/Il2ra",33
"GO:0019079","viral genome replication","18/758","110/25730",0.163636363636364,5.55456944111298,8.34014307402934,3.61485125382056e-09,3.38591067441193e-07,2.74042283906768e-07,"Trim28/Mx2/Ccl5/Shfl/Ifitm3/Trim6/Pcbp1/Ifi207/Bst2/Larp1/Oas1g/Oas1a/Isg20/Znfx1/Isg15/Ltf/Rsad2/Oasl1",18
"GO:0044403","biological process involved in symbiotic interaction","25/758","211/25730",0.118483412322275,4.02187097500281,7.67900078822895,3.90818878318542e-09,3.59027265716861e-07,2.90582538474495e-07,"Axl/Chmp2a/Apol9b/Siglec1/Tusc2/Gpr15/Siva1/Arg1/Chmp1b2/Gbp6/Slamf1/Ch25h/Nectin4/Hyal2/Ctsb/Trim30c/Bst2/Naip5/Gbp9/Gbp3/Npc1/Ltf/Trim30a/Gbp2/Trim30d",25
"GO:0035455","response to interferon-alpha","11/758","36/25730",0.305555555555556,10.3719583699795,9.80358987163865,4.14108246609983e-09,3.73244357369036e-07,3.02089292909328e-07,"Axl/Ifitm3/Ifit1bl1/Bst2/Oas1g/Ifit2/Oas1a/Ifi211/Ifit1/Tgtp1/Ifit1bl2",11
"GO:0002758","innate immune response-activating signaling pathway","32/758","334/25730",0.0958083832335329,3.25217638601425,7.21792504807898,5.7830991157393e-09,5.1159008288679e-07,4.14060878208781e-07,"P2rx7/Pycard/Unc93b1/Ddx41/Nr1h3/Scimp/Otud4/Gsdmd/Tlr3/Tlr7/Klrk1/Rab7b/Casp1/Rnf135/Irf7/Ifi207/Marchf5/Smpdl3b/Oas1g/Nmi/Ifi35/Tlr9/Oas1a/Naglu/Dhx58/Irgm1/Esr1/Ltf/Rsad2/Trim30a/Gbp2/Oasl1",32
"GO:0002706","regulation of lymphocyte mediated immunity","27/758","250/25730",0.108,3.66601583113456,7.37993284080171,7.15812482132762e-09,6.2171567766331e-07,5.03192200358591e-07,"P2rx7/Bid/Lamp1/Mad2l2/Cd40/Crtam/Il7r/Tap2/H2-M3/Arg1/Klrk1/Slamf1/Fcgr1/Nectin4/Ywhag/Lgals9/B2m/H2-Q6/Slamf6/H2-T22/H2-T23/Serpinb9/Cd1d1/Il6/Pnp/H2-T24/Rsad2",27
"GO:0002221","pattern recognition receptor signaling pathway","31/758","324/25730",0.095679012345679,3.24778494413499,7.09379296611742,1.03193103963629e-08,8.80274031489742e-07,7.1245915574889e-07,"P2rx7/Pycard/Unc93b1/Ddx41/Nr1h3/Scimp/Otud4/Gsdmd/Tlr3/Tlr7/Rab7b/Casp1/Rnf135/Irf7/Ifi207/Marchf5/Smpdl3b/Oas1g/Nmi/Ifi35/Tlr9/Oas1a/Naglu/Dhx58/Irgm1/Esr1/Ltf/Rsad2/Trim30a/Gbp2/Oasl1",31
"GO:0002708","positive regulation of lymphocyte mediated immunity","22/758","175/25730",0.125714285714286,4.26732001507727,7.55600345890032,1.12043236733719e-08,9.39000950661359e-07,7.59990412784763e-07,"P2rx7/Bid/Lamp1/Mad2l2/Cd40/Crtam/Tap2/H2-M3/Klrk1/Slamf1/Fcgr1/Ywhag/B2m/H2-Q6/Slamf6/H2-T22/H2-T23/Cd1d1/Il6/Pnp/H2-T24/Rsad2",22
"GO:0032729","positive regulation of type II interferon production","15/758","84/25730",0.178571428571429,6.06153411232567,8.0952708778562,2.13606289211146e-08,1.75930559234766e-06,1.42391270466886e-06,"Pycard/Il12rb1/Crtam/Tlr3/Il27/Tlr7/H2-M3/Klrk1/Slamf1/Slamf6/Irf8/Tlr9/Cd1d1/Il23r/Isg15",15
"GO:0032609","type II interferon production","18/758","127/25730",0.141732283464567,4.81104439781439,7.50101154291052,3.7013218256657e-08,2.94686906020084e-06,2.38507983608248e-06,"Pycard/Axl/Il12rb1/Crtam/Tlr3/Il27/Tlr7/H2-M3/Klrk1/Slamf1/Lgals9/Slamf6/Irf8/Tlr9/Cd1d1/Il23r/Irgm1/Isg15",18
"GO:0032649","regulation of type II interferon production","18/758","127/25730",0.141732283464567,4.81104439781439,7.50101154291052,3.7013218256657e-08,2.94686906020084e-06,2.38507983608248e-06,"Pycard/Axl/Il12rb1/Crtam/Tlr3/Il27/Tlr7/H2-M3/Klrk1/Slamf1/Lgals9/Slamf6/Irf8/Tlr9/Cd1d1/Il23r/Irgm1/Isg15",18
"GO:0046651","lymphocyte proliferation","30/758","336/25730",0.0892857142857143,3.03076705616283,6.52805167773146,8.39142176688518e-08,6.57144619350992e-06,5.31866991367891e-06,"P2rx7/Pycard/Sdc4/Il12rb1/Bid/Cd38/Gpnmb/Cd40/Crtam/Il7r/Zbtb7b/Il27/Zc3h12d/Psmb10/Arg1/Ccl5/Cd180/Lgals3/Slamf1/Lgals9/Card11/Bax/Slamf6/Cfb/Tlr9/Cd1d1/Il6/Pnp/Irgm1/Il2ra",30
"GO:0002456","T cell mediated immunity","20/758","164/25730",0.121951219512195,4.13958427183216,7.02719604485369,8.61678443761049e-08,6.63909342878473e-06,5.37342092348783e-06,"P2rx7/Unc93b1/Il7r/Fcgr4/Gfus/Tap2/H2-M3/Arg1/Slamf1/Ywhag/B2m/H2-Q6/H2-T22/H2-T23/Serpinb9/Cd1d1/Il6/Pnp/H2-T24/Rsad2",20
"GO:0001913","T cell mediated cytotoxicity","14/758","82/25730",0.170731707317073,5.79541798056503,7.57750155567718,1.13425422341347e-07,8.60052765912087e-06,6.96092859247732e-06,"P2rx7/Il7r/Fcgr4/Gfus/Tap2/H2-M3/B2m/H2-Q6/H2-T22/H2-T23/Serpinb9/Cd1d1/Pnp/H2-T24",14
"GO:0070663","regulation of leukocyte proliferation","27/758","286/25730",0.0944055944055944,3.20455929294979,6.53177927179727,1.20437739672901e-07,8.98954816277261e-06,7.27578647727902e-06,"Pycard/Sdc4/Il12rb1/Bid/Ccl12/Cd38/Gpnmb/Cd40/Csf1/Crtam/Zbtb7b/Il27/Zc3h12d/Arg1/Ccl5/Lgals3/Slamf1/Lgals9/Card11/Flt3l/St6gal1/Tlr9/Cd1d1/Il6/Pnp/Irgm1/Il2ra",27
"GO:0002449","lymphocyte mediated immunity","37/758","480/25730",0.0770833333333333,2.61656222515391,6.22876214360913,1.22490527411391e-07,9.00211152991098e-06,7.28595477217876e-06,"P2rx7/Unc93b1/Bid/Lamp1/Mad2l2/Cd40/Crtam/Il7r/Fcgr4/Gfus/Tap2/Tcirg1/H2-M3/Arg1/Klrk1/Prdx1/Slamf1/Fcgr1/Nectin4/Ywhag/Lgals9/B2m/Irf7/C1qb/Plekhm2/H2-Q6/Slamf6/Fcrlb/C4b/H2-T22/H2-T23/Serpinb9/Cd1d1/Il6/Pnp/H2-T24/Rsad2",37
"GO:0071887","leukocyte apoptotic process","19/758","153/25730",0.124183006535948,4.21534136961733,6.94972140311601,1.35124858392637e-07,9.75148290594289e-06,7.89246647059446e-06,"P2rx7/Axl/Bak1/Casp7/Siglec1/Ccr5/Tsc22d3/Il7r/Siva1/Ccl5/Lgals3/Mertk/Bax/St6gal1/Serpinb9/Il6/Pnp/Casp8/Il2ra",19
"GO:0070231","T cell apoptotic process","13/758","71/25730",0.183098591549296,6.21520680813111,7.66655470826996,1.36769804207279e-07,9.75148290594289e-06,7.89246647059446e-06,"P2rx7/Bak1/Siglec1/Tsc22d3/Il7r/Siva1/Ccl5/Lgals3/Bax/Serpinb9/Pnp/Casp8/Il2ra",13
"GO:0042116","macrophage activation","17/758","125/25730",0.136,4.61646437994723,7.06148761089001,1.630041338251e-07,1.14510404012133e-05,9.26802141702157e-06,"Nr1h3/Grn/Tmem229b/Kars1/Tmem106a/Tlr3/Casp1/Sphk1/Lgals9/Nmi/Ifi35/Tlr9/Cd1d1/Naglu/Epsti1/Irgm1/Cst7",17
"GO:0002274","myeloid leukocyte activation","27/758","292/25730",0.0924657534246575,3.13871218419055,6.40356291768827,1.83496255935204e-07,1.27037915159778e-05,1.02819488642258e-05,"Pycard/Stxbp3/Nr1h3/Grn/Tmem229b/Kars1/Cd48/Tmem106a/Fcgr4/Tlr3/Klrk1/Ccl5/Casp1/Slamf1/Sphk1/Hyal2/Lgals9/Flt3l/Nmi/Adora2b/Ifi35/Tlr9/Cd1d1/Naglu/Epsti1/Irgm1/Cst7",27
"GO:0032755","positive regulation of interleukin-6 production","16/758","112/25730",0.142857142857143,4.84922728986053,7.11261579702901,1.88300177510231e-07,1.28501421138053e-05,1.04003992781215e-05,"P2rx7/Pycard/Unc93b1/Scimp/Ccr5/Tmem106a/Tlr3/Tlr7/Rab7b/Hyal2/Lgals9/Pou2f2/Adora2b/Tlr9/Il6/Nos2",16
"GO:0035457","cellular response to interferon-alpha","8/758","24/25730",0.333333333333333,11.3148636763412,8.80787728089428,2.646838959753e-07,1.78083798742818e-05,1.44134017778692e-05,"Axl/Ifit1bl1/Oas1g/Ifit2/Oas1a/Ifi211/Ifit1/Ifit1bl2",8
"GO:0032944","regulation of mononuclear cell proliferation","25/758","262/25730",0.0954198473282443,3.23898769360914,6.3463544580883,2.87117120579538e-07,1.90494234028952e-05,1.54178535656234e-05,"Pycard/Sdc4/Il12rb1/Bid/Cd38/Gpnmb/Cd40/Csf1/Crtam/Zbtb7b/Il27/Zc3h12d/Arg1/Ccl5/Lgals3/Slamf1/Lgals9/Card11/St6gal1/Tlr9/Cd1d1/Il6/Pnp/Irgm1/Il2ra",25
"GO:0007249","canonical NF-kappaB signal transduction","28/758","319/25730",0.0877742946708464,2.9794625354629,6.19799387953,3.2003000160808e-07,2.09422372285178e-05,1.69498225797618e-05,"Pycard/Casp7/Anxa4/Ccl7/Cd40/Tmem106a/1700017B05Rik/Tlr3/Tlr7/Rbck1/Siva1/Nup62/Casp1/Prdx1/Edn1/Tnfsf10/Trim30c/Card11/Blvra/Trim21/Azi2/Tlr9/Casp8/Irgm1/Esr1/Ltf/Trim30a/Trim30d",28
"GO:0002819","regulation of adaptive immune response","25/758","265/25730",0.0943396226415094,3.20231990839847,6.27842765885966,3.56130650255778e-07,2.29896772469169e-05,1.86069399486412e-05,"P2rx7/Pycard/Il12rb1/Mad2l2/Cd40/Il7r/Zbtb7b/Tap2/Il27/H2-M3/Arg1/Slamf1/Fcgr1/Ywhag/B2m/Irf7/H2-Q6/H2-T22/H2-T23/Cd1d1/Il6/Pnp/Il23r/H2-T24/Rsad2",25
"GO:0002821","positive regulation of adaptive immune response","20/758","181/25730",0.110497237569061,3.75078353911865,6.47035552327471,4.3636774743158e-07,2.77937163930754e-05,2.24951401588238e-05,"P2rx7/Pycard/Il12rb1/Mad2l2/Cd40/Tap2/H2-M3/Slamf1/Fcgr1/Ywhag/B2m/H2-Q6/H2-T22/H2-T23/Cd1d1/Il6/Pnp/Il23r/H2-T24/Rsad2",20
"GO:0002468","dendritic cell antigen processing and presentation","7/758","18/25730",0.388888888888889,13.2006742890648,9.02135035099555,4.49019497850726e-07,2.82232387004331e-05,2.28427786094974e-05,"Clec4a1/Fgl2/Fcgr4/Clec4a3/Clec4a4/Cd68/Mpeg1",7
"GO:0031348","negative regulation of defense response","27/758","306/25730",0.0882352941176471,2.99511097314915,6.11681328254179,4.67308283645496e-07,2.89913204022667e-05,2.34644337092263e-05,"Fgl2/Nr1h3/Grn/Slamf8/1700017B05Rik/Tap2/Psmb4/Arg1/Nectin4/Lgals9/Usp18/Ifi207/Smpdl3b/Oas1g/Nmi/Htra1/Trim21/Serpinb9/Oas1a/Mcoln1/Dhx58/Irgm1/Isg15/Il2ra/Trafd1/Stat2/Cst7",27
"GO:0032640","tumor necrosis factor production","21/758","202/25730",0.103960396039604,3.5288931267797,6.28661925480543,6.27383756985881e-07,3.79368633812855e-05,3.07046041227068e-05,"Ccl2/Pycard/Axl/Clec4a1/Gpnmb/Ccr5/Tmem106a/Tlr3/Tspo/Clec4a3/Slamf1/Fcgr1/Nfatc4/Lgals9/Clec4a4/Oas1g/Tlr9/Il6/Oas1a/Ltf/Trim30a",21
"GO:0032680","regulation of tumor necrosis factor production","21/758","202/25730",0.103960396039604,3.5288931267797,6.28661925480543,6.27383756985881e-07,3.79368633812855e-05,3.07046041227068e-05,"Ccl2/Pycard/Axl/Clec4a1/Gpnmb/Ccr5/Tmem106a/Tlr3/Tspo/Clec4a3/Slamf1/Fcgr1/Nfatc4/Lgals9/Clec4a4/Oas1g/Tlr9/Il6/Oas1a/Ltf/Trim30a",21
"GO:0002460","adaptive immune response based on somatic recombination of immune receptors built from immunoglobulin superfamily domains","36/758","494/25730",0.0728744939271255,2.47369489280335,5.76209198114428,6.98386662158986e-07,4.17024135641684e-05,3.37522922382889e-05,"P2rx7/Unc93b1/Il12rb1/Mad2l2/Cd40/Il7r/Fcgr4/Zbtb7b/Gfus/Tap2/Il27/Tcirg1/H2-M3/Ly9/Arg1/C3ar1/Slamf1/Fcgr1/Ywhag/B2m/Il18bp/Irf7/C1qb/H2-Q6/Slamf6/Fcrlb/C4b/H2-T22/H2-T23/Serpinb9/Cd1d1/Il6/Pnp/Il23r/H2-T24/Rsad2",36
"GO:0046631","alpha-beta T cell activation","22/758","221/25730",0.0995475113122172,3.37909955945033,6.18844349236113,7.18188926353779e-07,4.2355413594963e-05,3.42808047627996e-05,"Psap/Il12rb1/Clec4a1/Zfp35/Crtam/Zbtb7b/Il27/Tcirg1/H2-M3/Ly9/Lgals3/Clec4a3/Lgals9/Clec4a4/Card11/Slamf6/Cd1d1/Il6/Pnp/Irgm1/Il2ra/Rsad2",22
"GO:0060761","negative regulation of response to cytokine stimulus","14/758","95/25730",0.147368421052632,5.00236078322455,6.80895978916863,7.40766358648179e-07,4.3154157259297e-05,3.49272764481998e-05,"Anxa4/Otud4/Arg1/Ccl5/Usp18/Mapk7/Ecm1/Oas1g/Naip5/Il6/Oas1a/Usp25/Isg15/Stat2",14
"GO:0001818","negative regulation of cytokine production","28/758","333/25730",0.0840840840840841,2.85419984628428,5.9334439089954,7.61729863092136e-07,4.38407657348329e-05,3.54829903251416e-05,"Pycard/Axl/Clec4a1/Anxa4/Ccl7/Gpnmb/Siglec1/Tusc2/Dll1/Tspo/Arg1/Clec4a3/Slamf1/Mertk/Lgals9/Clec4a4/Gbp4/Bst2/Oas1g/Nmi/Il6/Oas1a/Dhx58/Xaf1/Il23r/Irgm1/Ltf/Trim30a",28
"GO:0141188","nucleic acid catabolic process","31/758","393/25730",0.0788804071246819,2.67756316005022,5.83871064397494,7.87914487556741e-07,4.44452640617901e-05,3.59722474794696e-05,"Zfp36l2/Apobec1/Rnh1/Polr2g/Nsun2/Zc3h12d/Plekhn1/Dbr1/Caprin1/Rnaseh2b/Igf2bp2/Nbas/Pnpt1/Dnase1l1/Gtpbp2/Plxnb2/Bax/Mov10/Xrn1/Tent5a/Larp1/Blvra/Slirp/Dcp2/Il6/Mex3d/Angel2/Isg20/Smg7/Magohb/Tent4a",31
"GO:0071706","tumor necrosis factor superfamily cytokine production","21/758","205/25730",0.102439024390244,3.47725078833902,6.20416620334406,8.00145009276523e-07,4.44452640617901e-05,3.59722474794696e-05,"Ccl2/Pycard/Axl/Clec4a1/Gpnmb/Ccr5/Tmem106a/Tlr3/Tspo/Clec4a3/Slamf1/Fcgr1/Nfatc4/Lgals9/Clec4a4/Oas1g/Tlr9/Il6/Oas1a/Ltf/Trim30a",21
"GO:1903555","regulation of tumor necrosis factor superfamily cytokine production","21/758","205/25730",0.102439024390244,3.47725078833902,6.20416620334406,8.00145009276523e-07,4.44452640617901e-05,3.59722474794696e-05,"Ccl2/Pycard/Axl/Clec4a1/Gpnmb/Ccr5/Tmem106a/Tlr3/Tspo/Clec4a3/Slamf1/Fcgr1/Nfatc4/Lgals9/Clec4a4/Oas1g/Tlr9/Il6/Oas1a/Ltf/Trim30a",21
"GO:0002824","positive regulation of adaptive immune response based on somatic recombination of immune receptors built from immunoglobulin superfamily domains","19/758","172/25730",0.11046511627907,3.74969319506658,6.30382898244478,8.47020214717184e-07,4.65082248931493e-05,3.76419267834993e-05,"P2rx7/Il12rb1/Mad2l2/Cd40/Tap2/H2-M3/Slamf1/Fcgr1/Ywhag/B2m/H2-Q6/H2-T22/H2-T23/Cd1d1/Il6/Pnp/Il23r/H2-T24/Rsad2",19
"GO:0042098","T cell proliferation","23/758","243/25730",0.0946502057613169,3.21286252538085,6.03834057664795,9.80735182034771e-07,5.32383177793193e-05,4.30889990862884e-05,"P2rx7/Pycard/Sdc4/Il12rb1/Bid/Gpnmb/Crtam/Zbtb7b/Il27/Zc3h12d/Psmb10/Arg1/Ccl5/Lgals3/Slamf1/Lgals9/Card11/Bax/Cd1d1/Il6/Pnp/Irgm1/Il2ra",23
"GO:0002711","positive regulation of T cell mediated immunity","14/758","98/25730",0.142857142857143,4.84922728986053,6.6514256360118,1.09000103775099e-06,5.85048871610841e-05,4.73515530651614e-05,"P2rx7/Tap2/H2-M3/Slamf1/Ywhag/B2m/H2-Q6/H2-T22/H2-T23/Cd1d1/Il6/Pnp/H2-T24/Rsad2",14
"GO:0032102","negative regulation of response to external stimulus","33/758","442/25730",0.0746606334841629,2.53432466958775,5.6687924205272,1.1925101367927e-06,6.32957880384303e-05,5.1229119677656e-05,"Ccl2/Fgl2/Serpine1/Nr1h3/Grn/Slamf8/1700017B05Rik/Tap2/Psmb4/Arg1/Klrk1/Nectin4/Lgals9/Usp18/Phldb2/Ifi207/Smpdl3b/Oas1g/Nmi/St6gal1/Htra1/Trim21/Serpinb9/Oas1a/Mcoln1/Dhx58/Irgm1/Isg15/Il2ra/Ltf/Trafd1/Stat2/Cst7",33
"GO:0002753","cytoplasmic pattern recognition receptor signaling pathway","22/758","228/25730",0.0964912280701754,3.27535527473036,6.01241449487554,1.21676556131805e-06,6.38735064441356e-05,5.1696702217712e-05,"P2rx7/Pycard/Unc93b1/Ddx41/Scimp/Gsdmd/Tlr3/Tlr7/Rab7b/Rnf135/Irf7/Ifi207/Marchf5/Oas1g/Tlr9/Oas1a/Dhx58/Irgm1/Rsad2/Trim30a/Gbp2/Oasl1",22
"GO:0046718","symbiont entry into host cell","14/758","99/25730",0.141414141414141,4.80024519602356,6.60033279814087,1.23555526390678e-06,6.41548640835073e-05,5.1924422017501e-05,"Axl/Siglec1/Gpr15/Siva1/Slamf1/Ch25h/Nectin4/Hyal2/Ctsb/Trim30c/Naip5/Npc1/Trim30a/Trim30d",14
"GO:0050830","defense response to Gram-positive bacterium","19/758","178/25730",0.106741573033708,3.62329904242388,6.11877869221017,1.42867594665714e-06,7.33847849159266e-05,5.93947566731373e-05,"P2rx7/Pycard/Gbp10/Il7r/Gsdmd/Seh1l/Ear6/Klrk1/Gbp8/Gbp6/Rnase6/B2m/Gbp4/Drosha/Gbp9/Gbp3/Mpeg1/Ltf/Gbp2",19
"GO:0002709","regulation of T cell mediated immunity","16/758","130/25730",0.123076923076923,4.17779581895677,6.32844596074396,1.47072451286316e-06,7.44276850118523e-05,6.02388389648939e-05,"P2rx7/Il7r/Tap2/H2-M3/Arg1/Slamf1/Ywhag/B2m/H2-Q6/H2-T22/H2-T23/Cd1d1/Il6/Pnp/H2-T24/Rsad2",16
"GO:0030101","natural killer cell activation","15/758","115/25730",0.130434782608696,4.42755535161179,6.41808715266517,1.4850448033071e-06,7.44276850118523e-05,6.02388389648939e-05,"Axl/Lamp1/Cd48/Tusc2/Fcgr4/Klrk1/Slamf7/Prdx1/Slamf1/Mertk/Lgals9/Il15ra/Bloc1s3/Flt3l/Slamf6",15
"GO:0002822","regulation of adaptive immune response based on somatic recombination of immune receptors built from immunoglobulin superfamily domains","23/758","249/25730",0.0923694779116466,3.13544415127529,5.89928055349599,1.49572069523505e-06,7.44276850118523e-05,6.02388389648939e-05,"P2rx7/Il12rb1/Mad2l2/Cd40/Il7r/Zbtb7b/Tap2/Il27/H2-M3/Arg1/Slamf1/Fcgr1/Ywhag/B2m/H2-Q6/H2-T22/H2-T23/Cd1d1/Il6/Pnp/Il23r/H2-T24/Rsad2",23
"GO:0042129","regulation of T cell proliferation","20/758","196/25730",0.102040816326531,3.46373377847181,6.0322839964047,1.54760014331167e-06,7.58719964910934e-05,6.14078078317786e-05,"Pycard/Sdc4/Il12rb1/Bid/Gpnmb/Crtam/Zbtb7b/Il27/Zc3h12d/Arg1/Ccl5/Lgals3/Slamf1/Lgals9/Card11/Cd1d1/Il6/Pnp/Irgm1/Il2ra",20
"GO:0140374","antiviral innate immune response","13/758","87/25730",0.149425287356322,5.0721802687047,6.62859673462163,1.56253592756104e-06,7.58719964910934e-05,6.14078078317786e-05,"Otud4/Rnf135/Ifit3/Usp18/Ifit3b/Trim6/Oas1g/Ifit2/Trim21/Oas1a/Dhx58/Zbp1/Oasl1",13
"GO:0042590","antigen processing and presentation of exogenous peptide antigen via MHC class I","6/758","14/25730",0.428571428571429,14.5476818695816,8.83378230092904,1.57239431706474e-06,7.58719964910934e-05,6.14078078317786e-05,"Clec4a1/Clec4a3/Fcgr1/Clec4a4/Tapbp/Mpeg1",6
"GO:0032479","regulation of type I interferon production","17/758","147/25730",0.115646258503401,3.92556494893472,6.19743626624321,1.67740939578698e-06,7.93364820165782e-05,6.42118260627991e-05,"Pycard/Ddx41/Siglec1/Tlr3/Tlr7/Rnf135/Gbp4/Irf7/Oas1g/Nmi/Irf8/Tlr9/Oas1a/Dhx58/Xaf1/Irgm1/Isg15",17
"GO:0032606","type I interferon production","17/758","147/25730",0.115646258503401,3.92556494893472,6.19743626624321,1.67740939578698e-06,7.93364820165782e-05,6.42118260627991e-05,"Pycard/Ddx41/Siglec1/Tlr3/Tlr7/Rnf135/Gbp4/Irf7/Oas1g/Nmi/Irf8/Tlr9/Oas1a/Dhx58/Xaf1/Irgm1/Isg15",17
"GO:0044409","symbiont entry into host","14/758","102/25730",0.137254901960784,4.65906151378757,6.45107115278778,1.78217177271276e-06,8.34650446887143e-05,6.75533221999378e-05,"Axl/Siglec1/Gpr15/Siva1/Slamf1/Ch25h/Nectin4/Hyal2/Ctsb/Trim30c/Naip5/Npc1/Trim30a/Trim30d",14
"GO:0019883","antigen processing and presentation of endogenous antigen","10/758","51/25730",0.196078431372549,6.65580216255368,7.04384250977151,1.9882705558812e-06,9.2213285878102e-05,7.46338043101856e-05,"Tap2/H2-M3/Get3/B2m/H2-Q6/H2-T22/H2-T23/Cd1d1/Tapbp/H2-T24",10
"GO:1903706","regulation of hemopoiesis","33/758","457/25730",0.0722100656455142,2.45114114651594,5.453291976938,2.46421993849753e-06,0.000113188256213487,9.16101197783545e-05,"Axl/Zfp36l2/Zfp35/Fgl2/Mafb/Tm4sf19/Slamf8/Csf1/Crtam/Thoc5/Il7r/Zbtb7b/Dll1/Il27/Fanca/Mmp14/Rab7b/Ccl5/Lgals9/B2m/Il15ra/Drosha/Card11/Flt3l/Tlr9/Cd1d1/Il6/Pnp/Casp8/Irgm1/Isg15/Il2ra/Ltf",33
"GO:0050670","regulation of lymphocyte proliferation","23/758","257/25730",0.0894941634241245,3.03784277691652,5.72027070080862,2.5670497349567e-06,0.000116788538894173,9.4524046882165e-05,"Pycard/Sdc4/Il12rb1/Bid/Cd38/Gpnmb/Cd40/Crtam/Zbtb7b/Il27/Zc3h12d/Arg1/Ccl5/Lgals3/Slamf1/Lgals9/Card11/Tlr9/Cd1d1/Il6/Pnp/Irgm1/Il2ra",23
"GO:0001960","negative regulation of cytokine-mediated signaling pathway","13/758","91/25730",0.142857142857143,4.84922728986053,6.40859909770221,2.62791180122067e-06,0.000118429572400294,9.58522348151293e-05,"Anxa4/Otud4/Arg1/Ccl5/Usp18/Ecm1/Oas1g/Naip5/Il6/Oas1a/Usp25/Isg15/Stat2",13
"GO:0002577","regulation of antigen processing and presentation","7/758","23/25730",0.304347826086957,10.3309624870942,7.799810579463,3.04125140843534e-06,0.00013577624278594,0.000109891947104604,"Pycard/Ctss/Fgl2/Tap2/Tapbpl/Cd68/Cst7",7
"GO:0016236","macroautophagy","28/758","359/25730",0.0779944289693593,2.64748899390714,5.47671758867904,3.31694683466347e-06,0.000146713472492476,0.000118744110367631,"Pacs2/Kdr/Fez2/Stub1/Chmp2a/Afg2b/Snap29/Htra2/Tcirg1/Tspo/Armc3/Chmp1b2/Wdr81/Gm5431/Atg10/Iigp1c/Plekhm2/Larp1/Ctsd/Trim21/Iigp1/Mcoln1/Gm12185/Irgm1/Tgtp2/Ifi47/Npc1/Tgtp1",28
"GO:0042267","natural killer cell mediated cytotoxicity","13/758","94/25730",0.138297872340426,4.69446471677988,6.25186673181673,3.80749498008915e-06,0.000166653342768938,0.000134882656587003,"Bid/Lamp1/Crtam/Fcgr4/Tap2/H2-M3/Klrk1/Prdx1/Nectin4/Lgals9/Plekhm2/Slamf6/Serpinb9",13
"GO:0032635","interleukin-6 production","18/758","173/25730",0.104046242774566,3.53180715908918,5.82127521121854,3.87241386798244e-06,0.000166653342768938,0.000134882656587003,"P2rx7/Pycard/Unc93b1/Scimp/Ccr5/Tmem106a/Tlr3/Tlr7/Rab7b/Slamf1/Hyal2/Lgals9/Pou2f2/Adora2b/Tlr9/Il6/Trim30a/Nos2",18
"GO:0032675","regulation of interleukin-6 production","18/758","173/25730",0.104046242774566,3.53180715908918,5.82127521121854,3.87241386798244e-06,0.000166653342768938,0.000134882656587003,"P2rx7/Pycard/Unc93b1/Scimp/Ccr5/Tmem106a/Tlr3/Tlr7/Rab7b/Slamf1/Hyal2/Lgals9/Pou2f2/Adora2b/Tlr9/Il6/Trim30a/Nos2",18
"GO:0001914","regulation of T cell mediated cytotoxicity","11/758","68/25730",0.161764705882353,5.49103678410678,6.46063508272327,4.4828284871364e-06,0.000191200640027237,0.00015475027286891,"P2rx7/Il7r/Tap2/H2-M3/B2m/H2-Q6/H2-T22/H2-T23/Cd1d1/Pnp/H2-T24",11
"GO:0043122","regulation of canonical NF-kappaB signal transduction","24/758","287/25730",0.083623693379791,2.83857207211348,5.45703628457577,5.08575122323985e-06,0.000214996757463865,0.000174009913767676,"Pycard/Casp7/Anxa4/Cd40/Tmem106a/1700017B05Rik/Tlr3/Tlr7/Rbck1/Siva1/Nup62/Casp1/Edn1/Tnfsf10/Trim30c/Card11/Azi2/Tlr9/Casp8/Irgm1/Esr1/Ltf/Trim30a/Trim30d",24
"GO:1902105","regulation of leukocyte differentiation","28/758","369/25730",0.0758807588075881,2.57574132469557,5.31170948499864,5.59206761369409e-06,0.000234327254303655,0.000189655257110788,"Axl/Zfp36l2/Zfp35/Fgl2/Mafb/Tm4sf19/Slamf8/Csf1/Crtam/Thoc5/Il7r/Zbtb7b/Il27/Fanca/Mmp14/Ccl5/Lgals9/Il15ra/Drosha/Card11/Flt3l/Tlr9/Cd1d1/Il6/Pnp/Casp8/Il2ra/Ltf",28
"GO:0070269","pyroptotic inflammatory response","10/758","57/25730",0.175438596491228,5.95519140860066,6.52497640605155,5.7301368027108e-06,0.000238024900056952,0.000192647986053609,"Pycard/Casp7/Gsdmd/Casp1/Trim21/Naip5/Gbp3/Casp8/Gbp2/Zbp1",10
"GO:0062207","regulation of pattern recognition receptor signaling pathway","19/758","196/25730",0.0969387755102041,3.29054708954822,5.60824820929458,5.97529437862601e-06,0.000246068803850831,0.000199158405196854,"P2rx7/Nr1h3/Otud4/Tlr3/Rab7b/Irf7/Ifi207/Marchf5/Smpdl3b/Ifi35/Tlr9/Dhx58/Irgm1/Esr1/Ltf/Rsad2/Trim30a/Gbp2/Oasl1",19
"GO:0045619","regulation of lymphocyte differentiation","21/758","233/25730",0.0901287553648069,3.0593837408133,5.5016136808367,6.20987973435486e-06,0.000253543551205241,0.000205208171518537,"Axl/Zfp36l2/Zfp35/Fgl2/Slamf8/Crtam/Il7r/Zbtb7b/Il27/Fanca/Mmp14/Lgals9/Il15ra/Drosha/Card11/Flt3l/Tlr9/Cd1d1/Il6/Pnp/Il2ra",21
"GO:0002366","leukocyte activation involved in immune response","27/758","352/25730",0.0767045454545455,2.60370442552171,5.27820624324918,6.71860638525101e-06,0.00026949240983068,0.000218116549983603,"Pycard/Il12rb1/Stxbp3/Zfp35/Fgl2/Plxna1/Grn/Lamp1/Mad2l2/Kars1/Cd40/Fcgr4/Zbtb7b/Dll1/Il27/H2-M3/Ly9/Cd180/Lgals3/Slamf1/Lgals9/Slamf6/Nmi/Irf8/Adora2b/Ifi35/Il6",27
"GO:0098586","cellular response to virus","10/758","58/25730",0.172413793103448,5.85251569465927,6.44570590994166,6.74268734593892e-06,0.00026949240983068,0.000218116549983603,"Ifi44/Tlr3/Tlr7/Ccl5/Lgals9/Pou2f2/Trim6/Bax/Il6/Irgm1",10
"GO:0070227","lymphocyte apoptotic process","14/758","114/25730",0.12280701754386,4.16863398602046,5.90728926375141,6.76974862459316e-06,0.00026949240983068,0.000218116549983603,"P2rx7/Bak1/Casp7/Siglec1/Tsc22d3/Il7r/Siva1/Ccl5/Lgals3/Bax/Serpinb9/Pnp/Casp8/Il2ra",14
"GO:0007033","vacuole organization","23/758","273/25730",0.0842490842490843,2.85980070940493,5.38224563779832,7.0404419396877e-06,0.000277951992941224,0.00022496340360568,"Pacs2/P2rx7/Fez2/Grn/Chmp2a/Lamp1/Tcirg1/Rab7b/Chmp1b2/Gm5431/Atg10/Iigp1c/Hexb/Ctsd/Trim21/Iigp1/Naglu/Mcoln1/Gm12185/Irgm1/Tgtp2/Ifi47/Tgtp1",23
"GO:0002228","natural killer cell mediated immunity","13/758","100/25730",0.13,4.41279683377309,5.95738304785627,7.64491193557909e-06,0.000299342166526732,0.000242275768243158,"Bid/Lamp1/Crtam/Fcgr4/Tap2/H2-M3/Klrk1/Prdx1/Nectin4/Lgals9/Plekhm2/Slamf6/Serpinb9",13
"GO:0001779","natural killer cell differentiation","8/758","36/25730",0.222222222222222,7.54324245089417,6.84459564233025,7.96372439598323e-06,0.000306803177236214,0.000248314416665076,"Axl/Tusc2/Slamf1/Mertk/Lgals9/Il15ra/Flt3l/Slamf6",8
"GO:0019885","antigen processing and presentation of endogenous peptide antigen via MHC class I","9/758","47/25730",0.191489361702128,6.50002806938753,6.57522096485892,7.96390914324691e-06,0.000306803177236214,0.000248314416665076,"Tap2/H2-M3/Get3/B2m/H2-Q6/H2-T22/H2-T23/Tapbp/H2-T24",9
"GO:0002263","cell activation involved in immune response","27/758","356/25730",0.0758426966292135,2.57444931961697,5.21169041658348,8.25705688623868e-06,0.000315551685964497,0.000255395115310776,"Pycard/Il12rb1/Stxbp3/Zfp35/Fgl2/Plxna1/Grn/Lamp1/Mad2l2/Kars1/Cd40/Fcgr4/Zbtb7b/Dll1/Il27/H2-M3/Ly9/Cd180/Lgals3/Slamf1/Lgals9/Slamf6/Nmi/Irf8/Adora2b/Ifi35/Il6",27
"GO:0030183","B cell differentiation","17/758","166/25730",0.102409638554217,3.47625329815303,5.57640232682125,8.83370536552773e-06,0.000334909607389888,0.000271062655034113,"Bak1/Zfp36l2/Slamf8/Dll1/Tcirg1/Lyl1/Mmp14/Hmga1/Pou2f2/Card11/Bax/Flt3l/Cfb/Irf8/Tlr9/Il6/Pnp",17
"GO:0050688","regulation of defense response to virus","11/758","73/25730",0.150684931506849,5.11493837423645,6.13396398439289,9.10514040635623e-06,0.000339510375175874,0.000274786335405613,"Pycard/Il12rb1/Fgl2/Il27/Sertad3/Ccl5/Gbp4/Trim6/Htra1/Il23r/Irgm1",11
"GO:0002367","cytokine production involved in immune response","15/758","133/25730",0.112781954887218,3.82833733410042,5.69746788267477,9.22278341966807e-06,0.000339510375175874,0.000274786335405613,"P2rx7/Pycard/Axl/Scimp/Tlr3/Tlr7/Arg1/Casp1/Slamf1/B2m/Trim6/Bst2/Tlr9/Il6/Rsad2",15
"GO:0002718","regulation of cytokine production involved in immune response","15/758","133/25730",0.112781954887218,3.82833733410042,5.69746788267477,9.22278341966807e-06,0.000339510375175874,0.000274786335405613,"P2rx7/Pycard/Axl/Scimp/Tlr3/Tlr7/Arg1/Casp1/Slamf1/B2m/Trim6/Bst2/Tlr9/Il6/Rsad2",15
"GO:0001916","positive regulation of T cell mediated cytotoxicity","10/758","60/25730",0.166666666666667,5.65743183817062,6.2925777701548,9.23934452017241e-06,0.000339510375175874,0.000274786335405613,"P2rx7/Tap2/H2-M3/B2m/H2-Q6/H2-T22/H2-T23/Cd1d1/Pnp/H2-T24",10
"GO:0002483","antigen processing and presentation of endogenous peptide antigen","9/758","48/25730",0.1875,6.36461081794195,6.48132519078866,9.5473750797657e-06,0.000347953050443883,0.000281619504485392,"Tap2/H2-M3/Get3/B2m/H2-Q6/H2-T22/H2-T23/Tapbp/H2-T24",9
"GO:0006401","RNA catabolic process","27/758","359/25730",0.0752089136490251,2.55293581555332,5.16239618387997,9.6147797066344e-06,0.000347953050443883,0.000281619504485392,"Zfp36l2/Apobec1/Rnh1/Polr2g/Nsun2/Zc3h12d/Plekhn1/Dbr1/Caprin1/Rnaseh2b/Igf2bp2/Nbas/Pnpt1/Gtpbp2/Plxnb2/Mov10/Xrn1/Tent5a/Larp1/Slirp/Dcp2/Mex3d/Angel2/Isg20/Smg7/Magohb/Tent4a",27
"GO:0032732","positive regulation of interleukin-1 production","11/758","74/25730",0.148648648648649,5.04581758539542,6.07221411950543,1.04133480880913e-05,0.000374019276818137,0.000302716482212579,"P2rx7/Pycard/Ccr5/Tmem106a/Gsdmd/Casp1/Lgals9/Ifi207/Naip5/Il6/Casp8",11
"GO:0071674","mononuclear cell migration","20/758","224/25730",0.0892857142857143,3.03076705616283,5.31841636568896,1.17905315617004e-05,0.00042032365127047,0.000340193420472315,"Ccl2/Pycard/Serpine1/Ccl12/Ccl7/Slamf8/Csf1/Crtam/Gpr15/F11r/Mmp14/C3ar1/Klrk1/Ccl5/Lgals3/Slamf1/Ch25h/Lgals9/P2rx4/Ecm1",20
"GO:0050829","defense response to Gram-negative bacterium","15/758","136/25730",0.110294117647059,3.74388871643644,5.58967114958536,1.21048817754261e-05,0.000428333483268226,0.000346676263244757,"Pycard/Serpine1/Tusc2/Gsdmd/Adgrb1/Casp1/Rnase6/B2m/Drosha/Tlr9/Naip5/Iigp1/Irgm1/Mpeg1/Ltf",15
"GO:2000106","regulation of leukocyte apoptotic process","14/758","120/25730",0.116666666666667,3.96020228671944,5.66273993378987,1.23233332982773e-05,0.000432857082101989,0.000350337486103502,"P2rx7/Axl/Siglec1/Ccr5/Tsc22d3/Il7r/Ccl5/Lgals3/Mertk/Bax/St6gal1/Serpinb9/Pnp/Casp8",14
"GO:0032731","positive regulation of interleukin-1 beta production","10/758","62/25730",0.161290322580645,5.47493403693931,6.14618828602499,1.24960118821074e-05,0.000435718604093628,0.000352653489381333,"P2rx7/Pycard/Ccr5/Tmem106a/Gsdmd/Casp1/Ifi207/Naip5/Il6/Casp8",10
"GO:0032963","collagen metabolic process","15/758","138/25730",0.108695652173913,3.68962945967649,5.51949413003062,1.44452759971954e-05,0.00049820687662962,0.000403229037793064,"Ccl2/P2rx7/Ctss/Serpine1/Mmp14/Mmp19/Arg1/Ctsb/Col5a1/Creb3l1/Adora2b/Il6/Naglu/Fap/Prdx5",15
"GO:0032481","positive regulation of type I interferon production","13/758","106/25730",0.122641509433962,4.16301588091801,5.68525875173862,1.45550107314567e-05,0.00049820687662962,0.000403229037793064,"Ddx41/Siglec1/Tlr3/Tlr7/Rnf135/Gbp4/Irf7/Oas1g/Tlr9/Oas1a/Dhx58/Xaf1/Isg15",13
"GO:0060068","vagina development","5/758","12/25730",0.416666666666667,14.1435795954266,7.93423536963581,1.46009970123816e-05,0.00049820687662962,0.000403229037793064,"Axl/Bak1/Mertk/Bax/Esr1",5
"GO:0002698","negative regulation of immune effector process","16/758","156/25730",0.102564102564103,3.48149651579731,5.41621669700042,1.58086057057475e-05,0.000535586591889047,0.000433482708153867,"Axl/Zfp35/Fgl2/Grn/Slamf8/Il7r/Zbtb7b/Tap2/Arg1/Lgals3/Slamf1/Nectin4/Ywhag/Lgals9/Bst2/Serpinb9",16
"GO:0071347","cellular response to interleukin-1","12/758","92/25730",0.130434782608696,4.42755535161179,5.73793616247502,1.64453027893401e-05,0.000553233883272377,0.000447765731247191,"Ccl2/Pycard/Serpine1/Otud4/Gsdmd/Ccl5/Casp1/Saa3/Edn1/Hyal2/Il6/Zbp1",12
"GO:0007005","mitochondrion organization","31/758","457/25730",0.0678336980306346,2.30258713763618,4.89503588537108,1.70630512311135e-05,0.000570001368748456,0.000461336674066102,"P2rx7/Pycard/Coa5/Kdr/Bak1/Aifm2/Bid/Ndufs8/Cnp/Htra2/Tfam/Siva1/Mief2/Sco1/Msto1/Wdr81/Pnpt1/Inf2/Chchd4/Edn1/Tnfsf10/Vat1/Bax/Marchf5/Slirp/Atp23/Timm10/Pnp/Irgm1/Ppm1k/Stat2",31
"GO:0006979","response to oxidative stress","30/758","436/25730",0.0688073394495413,2.33563699740989,4.90052175247871,1.7753324458633e-05,0.000587982510258218,0.000475889902312272,"Stx2/Kat2b/Psap/Axl/Bak1/Dhfr/Aifm2/Cd38/Htra2/Mmp14/Keap1/Txn1/Prdx1/Pnpt1/Psmb5/Sphk1/Chchd4/Edn1/Hk3/Hyal2/Mapk7/Blvra/Hmox2/Il6/Map2k1/Naglu/Usp25/Prdx5/1600014C10Rik/Ncoa7",30
"GO:0034340","response to type I interferon","13/758","108/25730",0.12037037037037,4.08592299423434,5.59899193619567,1.78474908912375e-05,0.000587982510258218,0.000475889902312272,"Mx2/Shfl/Ifitm3/Ch25h/Usp18/Trim6/Irf7/Oas1g/Oas1a/Isg15/Zbp1/Oasl1/Stat2",13
"GO:0043123","positive regulation of canonical NF-kappaB signal transduction","18/758","195/25730",0.0923076923076923,3.13334686421758,5.20991024641903,2.03569056081335e-05,0.000666061219794887,0.000539083736832547,"Pycard/Casp7/Cd40/Tmem106a/Tlr3/Tlr7/Rbck1/Nup62/Casp1/Edn1/Tnfsf10/Trim30c/Card11/Tlr9/Casp8/Ltf/Trim30a/Trim30d",18
"GO:0070232","regulation of T cell apoptotic process","9/758","53/25730",0.169811320754717,5.76417583511724,6.04885215060396,2.21228206464491e-05,0.000709266538443539,0.000574052421295709,"P2rx7/Siglec1/Tsc22d3/Il7r/Ccl5/Lgals3/Serpinb9/Pnp/Casp8",9
"GO:0097300","programmed necrotic cell death","9/758","53/25730",0.169811320754717,5.76417583511724,6.04885215060396,2.21228206464491e-05,0.000709266538443539,0.000574052421295709,"Itpk1/Tlr3/Rbck1/Tspo/Casp1/Bax/Mlkl/Casp8/Zbp1",9
"GO:0140894","endolysosomal toll-like receptor signaling pathway","9/758","53/25730",0.169811320754717,5.76417583511724,6.04885215060396,2.21228206464491e-05,0.000709266538443539,0.000574052421295709,"Unc93b1/Scimp/Tlr3/Tlr7/Rab7b/Oas1g/Tlr9/Oas1a/Rsad2",9
"GO:0050863","regulation of T cell activation","28/758","400/25730",0.07,2.37612137203166,4.83268550592048,2.46615498185894e-05,0.000785388156556011,0.000635662263043361,"Ccl2/Pycard/Sdc4/Il12rb1/Zfp35/Bid/Fgl2/Gpnmb/Crtam/Il7r/Zbtb7b/Il27/Zc3h12d/Fanca/Arg1/Ccl5/Lgals3/Slamf1/Ywhag/Lgals9/B2m/Drosha/Card11/Cd1d1/Il6/Pnp/Irgm1/Il2ra",28
"GO:1905523","positive regulation of macrophage migration","7/758","31/25730",0.225806451612903,7.66490765171504,6.46898678785829,2.6564076658892e-05,0.000840374796023359,0.000680166284894461,"Ccl2/Csf1/Mmp14/C3ar1/Ccl5/Slamf1/P2rx4",7
"GO:0002696","positive regulation of leukocyte activation","27/758","381/25730",0.0708661417322835,2.40552219890719,4.81547546636312,2.76613064012771e-05,0.000869329346571714,0.000703600958531099,"Ccl2/Pycard/Axl/Il12rb1/Cd38/Mad2l2/Kars1/Cd40/Il7r/Zbtb7b/Mmp14/Klrk1/Ccl5/Slamf1/Ywhag/Lgals9/B2m/Il15ra/Bloc1s3/Card11/Flt3l/Tlr9/Cd1d1/Il6/Pnp/Irgm1/Il2ra",27
"GO:0070555","response to interleukin-1","13/758","113/25730",0.115044247787611,3.90512994139211,5.39212613889804,2.90848507463981e-05,0.000908093673304206,0.000734975278923427,"Ccl2/Pycard/Serpine1/Otud4/Gsdmd/Ccl5/Casp1/Saa3/Edn1/Hyal2/Il6/Taf9/Zbp1",13
"GO:0010821","regulation of mitochondrion organization","14/758","130/25730",0.107692307692308,3.65557134158717,5.28845800283413,3.07143299480611e-05,0.000952742559492778,0.000771112330138267,"Pycard/Kdr/Bak1/Bid/Siva1/Mief2/Msto1/Inf2/Tnfsf10/Vat1/Bax/Marchf5/Irgm1/Stat2",14
"GO:0030162","regulation of proteolysis","28/758","406/25730",0.0689655172413793,2.34100627786371,4.74511856525403,3.2161549113424e-05,0.000991198194289204,0.000802236807426869,"Bak1/Serpine1/Nr1h3/Grn/Stub1/Svbp/Spon1/Psme1/Mmp14/Nub1/Timm17a/Sco1/Psme2/Igf2bp2/Stfa3/Dab2/Notch4/Asph/Snx12/Ecm1/C2cd3/Tmem67/Usp25/Stfa2/Casp8/Taf9/Csta2/Cstb",28
"GO:0042269","regulation of natural killer cell mediated cytotoxicity","10/758","69/25730",0.144927536231884,4.91950594623533,5.67987107362635,3.28348694579378e-05,0.00100546263718313,0.000813781886093154,"Bid/Lamp1/Crtam/Tap2/H2-M3/Klrk1/Nectin4/Lgals9/Slamf6/Serpinb9",10
"GO:0030522","intracellular receptor signaling pathway","30/758","451/25730",0.0665188470066519,2.257955057363,4.69561892831181,3.34646977442856e-05,0.00101822204537868,0.00082410884890889,"P2rx7/Pycard/Unc93b1/Ddx41/Nr1h3/Stub1/Scimp/Gsdmd/Tlr3/Pdk3/Tlr7/Rab7b/Hmga1/Dab2/Rnf135/Ywhah/Irf7/Ifi207/Marchf5/Oas1g/Tlr9/Oas1a/Dhx58/Irgm1/Esr1/Rsad2/Trim30a/Daxx/Gbp2/Oasl1",30
"GO:0051251","positive regulation of lymphocyte activation","25/758","343/25730",0.0728862973760933,2.47409555605129,4.78835563811448,3.42659618442723e-05,0.00103600316284866,0.000838500185569703,"Ccl2/Pycard/Axl/Il12rb1/Cd38/Mad2l2/Cd40/Il7r/Zbtb7b/Mmp14/Ccl5/Slamf1/Ywhag/Lgals9/B2m/Il15ra/Bloc1s3/Card11/Flt3l/Tlr9/Cd1d1/Il6/Pnp/Irgm1/Il2ra",25
"GO:0071675","regulation of mononuclear cell migration","15/758","149/25730",0.100671140939597,3.41724070761984,5.15553414959164,3.59739318096089e-05,0.00108080171229246,0.000874758368332959,"Ccl2/Pycard/Serpine1/Ccl7/Slamf8/Csf1/Mmp14/C3ar1/Klrk1/Ccl5/Lgals3/Slamf1/Lgals9/P2rx4/Ecm1",15
"GO:0060760","positive regulation of response to cytokine stimulus","10/758","70/25730",0.142857142857143,4.84922728986053,5.61841278031526,3.73076438733171e-05,0.00111386634239272,0.000901519578596668,"Axl/Cd40/Csf1/Casp1/Edn1/Trim6/Irf7/Irgm1/Taf9/Zbp1",10
"GO:0007599","hemostasis","18/758","206/25730",0.087378640776699,2.96603222583703,4.93593313189407,4.23200550550096e-05,0.00124428705700167,0.00100707697197473,"Vwf/Axl/Stxbp3/Fgl2/Serpine1/Pdia6/F11r/Enpp4/Fundc2/Mertk/Anxa7/Bloc1s3/Evl/Il6/Gp6/F7/Hpse/Procr",18
"GO:0061013","regulation of mRNA catabolic process","18/758","206/25730",0.087378640776699,2.96603222583703,4.93593313189407,4.23200550550096e-05,0.00124428705700167,0.00100707697197473,"Zfp36l2/Apobec1/Polr2g/Zc3h12d/Plekhn1/Caprin1/Igf2bp2/Nbas/Pnpt1/Mov10/Tent5a/Larp1/Slirp/Dcp2/Mex3d/Angel2/Magohb/Tent4a",18
"GO:0071677","positive regulation of mononuclear cell migration","12/758","101/25730",0.118811881188119,4.03302071631965,5.32095549165899,4.24573561421964e-05,0.00124428705700167,0.00100707697197473,"Ccl2/Pycard/Serpine1/Ccl7/Csf1/Mmp14/C3ar1/Ccl5/Lgals3/Slamf1/Lgals9/P2rx4",12
"GO:0002687","positive regulation of leukocyte migration","16/758","171/25730",0.0935672514619883,3.17610208458702,4.97421765212971,4.90974101014901e-05,0.00143011175643182,0.00115747617010766,"Ccl2/Pycard/Sell/Serpine1/Ccl12/Ccl7/Csf1/Mmp14/C3ar1/Ccl5/Lgals3/Slamf1/Edn1/Lgals9/P2rx4/F7",16
"GO:0051928","positive regulation of calcium ion transport","13/758","119/25730",0.109243697478992,3.70823263342276,5.15900053254651,5.03484972138754e-05,0.00145766527994353,0.00117977690760169,"Ccl2/P2rx7/Bak1/Serpine1/Tspo/Ccl5/Lgals3/P2rx4/Asph/Cacna1d/Bax/Akap6/Hap1",13
"GO:0002685","regulation of leukocyte migration","20/758","249/25730",0.0803212851405622,2.72647317502199,4.76947599938741,5.39509798479165e-05,0.00153483057271363,0.00124223145854085,"Ccl2/Pycard/Sell/Serpine1/Ccl12/Ccl7/Slamf8/Csf1/Mmp14/C3ar1/Klrk1/Ccl5/Lgals3/Slamf1/Edn1/Lgals9/P2rx4/Gdf15/Ecm1/F7",20
"GO:0032608","interferon-beta production","10/758","73/25730",0.136986301369863,4.6499439765786,5.44081657153351,5.39777132543205e-05,0.00153483057271363,0.00124223145854085,"Pycard/Tlr3/Tlr7/Rnf135/Irf7/Oas1g/Nmi/Tlr9/Oas1a/Isg15",10
"GO:0032648","regulation of interferon-beta production","10/758","73/25730",0.136986301369863,4.6499439765786,5.44081657153351,5.39777132543205e-05,0.00153483057271363,0.00124223145854085,"Pycard/Tlr3/Tlr7/Rnf135/Irf7/Oas1g/Nmi/Tlr9/Oas1a/Isg15",10
"GO:0043487","regulation of RNA stability","18/758","210/25730",0.0857142857142857,2.90953637391632,4.84079443864489,5.44480687158131e-05,0.00153904393050556,0.00124564158451063,"Zfp36l2/Apobec1/Rnh1/Polr2g/Nsun2/Zc3h12d/Plekhn1/Caprin1/Igf2bp2/Pnpt1/Plxnb2/Mov10/Tent5a/Larp1/Dcp2/Mex3d/Angel2/Tent4a",18
"GO:0002768","immune response-regulating cell surface receptor signaling pathway","24/758","332/25730",0.072289156626506,2.45382585751979,4.6451641377378,5.56137931917033e-05,0.0015622835784087,0.00126445084087022,"Nr1h3/Cd38/Scimp/Cd40/Fcgr4/Rbck1/Siva1/C3ar1/Klrk1/Rab7b/Lgals3/Fcgr1/Dgkz/Card11/Bax/Oas1g/Nmi/Blvra/Ifi35/Oas1a/Naglu/Cmtm3/Ltf/Nos2",24
"GO:0042060","wound healing","28/758","419/25730",0.0668257756563246,2.26837362485123,4.56056820626602,5.59243231961249e-05,0.0015622835784087,0.00126445084087022,"Vwf/Ccl2/Kdr/Axl/Sdc4/Stxbp3/Fgl2/Serpine1/Casp7/Chmp2a/Gsdmd/Pdia6/F11r/Enpp4/Chmp1b2/Fundc2/Casp1/Myof/Mertk/Col5a1/Bloc1s3/Phldb2/Evl/Il6/Gp6/F7/Hpse/Procr",28
"GO:0002715","regulation of natural killer cell mediated immunity","10/758","74/25730",0.135135135135135,4.58710689581402,5.38375264855356,6.07846453115438e-05,0.00168818750379793,0.00136635252282314,"Bid/Lamp1/Crtam/Tap2/H2-M3/Klrk1/Nectin4/Lgals9/Slamf6/Serpinb9",10
"GO:0002475","antigen processing and presentation via MHC class Ib","8/758","47/25730",0.170212765957447,5.77780272834447,5.71180878879933,6.21881166733961e-05,0.00171718285172724,0.00138982021625424,"Tap2/H2-M3/B2m/H2-Q6/H2-T22/H2-T23/Cd1d1/H2-T24",8
"GO:0006909","phagocytosis","20/758","252/25730",0.0793650793650794,2.69401516103363,4.70819335200611,6.37529132234e-05,0.00175027394521944,0.00141660284494585,"Ccl2/P2rx7/Pycard/Axl/Nr1h3/Nfix/Tusc2/Msr1/Adgrb1/Rab7b/Arhgap12/Slamf1/Fcgr1/Mertk/Sphk1/Il15ra/Cebpe/Irf8/Ptx3/Nos2",20
"GO:0032722","positive regulation of chemokine production","11/758","90/25730",0.122222222222222,4.14878334799179,5.21344045339755,6.76888300796756e-05,0.00184771166451777,0.00149546510004601,"Pycard/Chil3/Tlr3/Tlr7/Ccl5/Lgals9/Oas1g/Adora2b/Tlr9/Il6/Oas1a",11
"GO:0016485","protein processing","21/758","274/25730",0.0766423357664234,2.60159274310036,4.64356667477838,6.9857857313291e-05,0.00189608513855449,0.00153461668607487,"P2rx7/Rnpep/Ctss/Casp2/Serpine1/Casp7/Anpep/Mafb/Spon1/Mmp14/Metap2/Timm17a/Casp1/Notch4/Snx12/Fkrp/Atp23/C2cd3/Naglu/Casp8/F7",21
"GO:0030217","T cell differentiation","25/758","359/25730",0.0696378830083565,2.36382945884566,4.53375337428182,7.17799343813074e-05,0.00193724715559043,0.00156793160263183,"Psap/Zfp36l2/Il12rb1/Zfp35/Fgl2/Mafb/Crtam/Il7r/Zbtb7b/Il27/Hs1bp3/Fanca/Tcirg1/Ly9/Hmga1/Lgals9/B2m/Drosha/Card11/Slamf6/Cd1d1/Il6/Pnp/Il2ra/Rsad2",25
"GO:0060338","regulation of type I interferon-mediated signaling pathway","8/758","48/25730",0.166666666666667,5.65743183817062,5.62693759557696,7.27162649921221e-05,0.00195149212285038,0.00157946091848648,"Usp18/Trim6/Irf7/Oas1g/Oas1a/Isg15/Zbp1/Stat2",8
"GO:0070665","positive regulation of leukocyte proliferation","16/758","177/25730",0.0903954802259887,3.06843760714339,4.81091300990647,7.42915303400078e-05,0.00198262927616881,0.00160466210490355,"Pycard/Il12rb1/Cd38/Cd40/Csf1/Ccl5/Slamf1/Card11/Flt3l/St6gal1/Tlr9/Cd1d1/Il6/Pnp/Irgm1/Il2ra",16
"GO:0050867","positive regulation of cell activation","27/758","406/25730",0.0665024630541872,2.25739891079715,4.44927590127221,8.18323217633505e-05,0.0021607232836533,0.00174880438523596,"Ccl2/Pycard/Axl/Il12rb1/Cd38/Mad2l2/Kars1/Cd40/Il7r/Zbtb7b/Mmp14/Klrk1/Ccl5/Slamf1/Ywhag/Lgals9/B2m/Il15ra/Bloc1s3/Card11/Flt3l/Tlr9/Cd1d1/Il6/Pnp/Irgm1/Il2ra",27
"GO:0032946","positive regulation of mononuclear cell proliferation","15/758","160/25730",0.09375,3.18230540897098,4.82424715690487,8.18695654890618e-05,0.0021607232836533,0.00174880438523596,"Pycard/Il12rb1/Cd38/Cd40/Csf1/Ccl5/Slamf1/Card11/St6gal1/Tlr9/Cd1d1/Il6/Pnp/Irgm1/Il2ra",15
"GO:0002720","positive regulation of cytokine production involved in immune response","11/758","92/25730",0.119565217391304,4.05859240564414,5.12026974629723,8.29249916265562e-05,0.00217655321428604,0.00176161650806444,"P2rx7/Pycard/Scimp/Tlr3/Tlr7/Casp1/Slamf1/B2m/Trim6/Il6/Rsad2",11
"GO:0001776","leukocyte homeostasis","14/758","144/25730",0.0972222222222222,3.3001685722662,4.82235420844366,9.48055949490564e-05,0.00247478867252264,0.00200299655017477,"Ccl2/P2rx7/Axl/Bak1/Csf1/Tsc22d3/Il7r/Tcirg1/Siva1/Mertk/Bbs4/Bax/Il6/Il2ra",14
"GO:1905521","regulation of macrophage migration","8/758","50/25730",0.16,5.4311345646438,5.46414008035456,9.82342274768866e-05,0.00255035274270156,0.00206415513456868,"Ccl2/Slamf8/Csf1/Mmp14/C3ar1/Ccl5/Slamf1/P2rx4",8
"GO:0006402","mRNA catabolic process","21/758","281/25730",0.0747330960854092,2.53678438295195,4.51284202235712,9.99200713555519e-05,0.00258009827494849,0.00208822999766112,"Zfp36l2/Apobec1/Polr2g/Zc3h12d/Plekhn1/Caprin1/Igf2bp2/Nbas/Pnpt1/Gtpbp2/Mov10/Xrn1/Tent5a/Larp1/Slirp/Dcp2/Mex3d/Angel2/Smg7/Magohb/Tent4a",21
"GO:0010524","positive regulation of calcium ion transport into cytosol","5/758","17/25730",0.294117647058824,9.98370324383051,6.45539581742143,0.000100907469379472,0.00259158592056849,0.00209752764590153,"P2rx7/Bak1/P2rx4/Asph/Bax",5
"GO:0001961","positive regulation of cytokine-mediated signaling pathway","9/758","64/25730",0.140625,4.77345811345646,5.26586618538654,0.000103051649997127,0.0026325012408357,0.00213064289580325,"Axl/Cd40/Csf1/Casp1/Edn1/Trim6/Irf7/Irgm1/Zbp1",9
"GO:0022408","negative regulation of cell-cell adhesion","18/758","221/25730",0.081447963800905,2.76471782136845,4.59033186489449,0.000105067500177969,0.00266972046994764,0.0021607666749926,"Sdc4/Zfp35/Fgl2/Sell/Gpnmb/Mad2l2/Crtam/Zbtb7b/Ass1/Zc3h12d/Arg1/Lgals3/Ywhag/Notch4/Lgals9/Mapk7/Map2k1/Il2ra",18
"GO:0007596","blood coagulation","17/758","202/25730",0.0841584158415842,2.85672300739309,4.61565990492507,0.000108850467521177,0.00275120996480774,0.00222672106491386,"Vwf/Axl/Stxbp3/Fgl2/Serpine1/Pdia6/F11r/Enpp4/Fundc2/Mertk/Bloc1s3/Evl/Il6/Gp6/F7/Hpse/Procr",17
"GO:0032386","regulation of intracellular transport","22/758","304/25730",0.0723684210526316,2.45651645604777,4.45074342967905,0.00011015854455755,0.00276961772290218,0.00224161957983313,"Ran/Rdx/Trim28/Pkig/Lamp1/Thoc5/Nsun2/Rufy3/Nup62/Txn1/Dab2/Dynlt2b/Chchd4/Mdfic/Hyal2/Asph/Gbp4/Snx12/Il6/Pgap1/Map2k1/Hap1",22
"GO:0050817","coagulation","17/758","205/25730",0.0829268292682927,2.81491730484587,4.5453809753912,0.000130250107403673,0.00325761656056202,0.00263658663264641,"Vwf/Axl/Stxbp3/Fgl2/Serpine1/Pdia6/F11r/Enpp4/Fundc2/Mertk/Bloc1s3/Evl/Il6/Gp6/F7/Hpse/Procr",17
"GO:1903037","regulation of leukocyte cell-cell adhesion","26/758","396/25730",0.0656565656565657,2.22868526958237,4.29294925267826,0.000135156793599213,0.00335716339344421,0.00271715592127202,"Ccl2/Pycard/Sdc4/Il12rb1/Zfp35/Fgl2/Sell/Gpnmb/Crtam/Il7r/Zbtb7b/Ass1/Zc3h12d/Arg1/Ccl5/Lgals3/Slamf1/Ywhag/Lgals9/B2m/Card11/Cd1d1/Il6/Pnp/Irgm1/Il2ra",26
"GO:0002396","MHC protein complex assembly","5/758","18/25730",0.277777777777778,9.42905306361771,6.23256051365801,0.000136338643150131,0.00335716339344421,0.00271715592127202,"Erap1/Tap2/B2m/Tapbpl/Tapbp",5
"GO:0002501","peptide antigen assembly with MHC protein complex","5/758","18/25730",0.277777777777778,9.42905306361771,6.23256051365801,0.000136338643150131,0.00335716339344421,0.00271715592127202,"Erap1/Tap2/B2m/Tapbpl/Tapbp",5
"GO:0140053","mitochondrial gene expression","15/758","168/25730",0.0892857142857143,3.03076705616283,4.60083574017132,0.000141728969673791,0.00347199634939334,0.00281009719628521,"Mrpl54/Mrpl27/Tfam/Mrpl30/Mrpl40/Pnpt1/Mrpl32/Mrpl34/Mrps34/Lars2/Mrps33/Mrpl36/Slirp/Rpusd4/Angel2",15
"GO:0048872","homeostasis of number of cells","28/758","443/25730",0.0632054176072235,2.14548205149586,4.23702367450876,0.000144235836384152,0.00351538056330151,0.00284521067153056,"Ccl2/P2rx7/Selenow/Axl/Bak1/Mafb/Nfix/Csf1/Akt3/Tsc22d3/Il7r/Tcirg1/Siva1/Sco1/Hmga1/Prdx1/Mertk/B2m/P2ry14/Bbs4/Card11/Bax/Flt3l/Il6/Epsti1/Prdx5/Isg15/Il2ra",28
"GO:0002224","toll-like receptor signaling pathway","10/758","82/25730",0.121951219512195,4.13958427183216,4.96102838176052,0.000146562216517369,0.00355394775788564,0.00287642544092063,"Unc93b1/Scimp/Otud4/Tlr3/Tlr7/Irf7/Smpdl3b/Tlr9/Esr1/Trim30a",10
"GO:0043903","regulation of biological process involved in symbiotic interaction","7/758","40/25730",0.175,5.94030343007916,5.44779755600458,0.000149610908172866,0.00360213360559178,0.00291542516958201,"Arg1/Ch25h/Trim30c/Bst2/Ltf/Trim30a/Trim30d",7
"GO:0032728","positive regulation of interferon-beta production","8/758","53/25730",0.150943396226415,5.12371185343755,5.23568486479318,0.000150057481162395,0.00360213360559178,0.00291542516958201,"Tlr3/Tlr7/Rnf135/Irf7/Oas1g/Tlr9/Oas1a/Isg15",8
"GO:0032611","interleukin-1 beta production","11/758","99/25730",0.111111111111111,3.77162122544708,4.81380056673279,0.000161479617460509,0.00383775190352662,0.0031061253465957,"P2rx7/Pycard/Ccr5/Tmem106a/Gsdmd/Casp1/Sphk1/Ifi207/Naip5/Il6/Casp8",11
"GO:0032651","regulation of interleukin-1 beta production","11/758","99/25730",0.111111111111111,3.77162122544708,4.81380056673279,0.000161479617460509,0.00383775190352662,0.0031061253465957,"P2rx7/Pycard/Ccr5/Tmem106a/Gsdmd/Casp1/Sphk1/Ifi207/Naip5/Il6/Casp8",11
"GO:0008630","intrinsic apoptotic signaling pathway in response to DNA damage","12/758","116/25730",0.103448275862069,3.51150941679556,4.72328874820051,0.000164082665607687,0.00388031135449465,0.00314057129117787,"Pycard/Bak1/Bid/Casp2/Htra2/Nfatc4/Bax/Shisa5/Ifi211/Pnp/Hic1/Fnip2",12
"GO:0034599","cellular response to oxidative stress","20/758","271/25730",0.0738007380073801,2.50513586930065,4.3396936608844,0.000171494310995507,0.00403560750554452,0.00326626188377754,"Stx2/Kat2b/Psap/Axl/Dhfr/Aifm2/Htra2/Keap1/Txn1/Prdx1/Pnpt1/Sphk1/Chchd4/Edn1/Hk3/Mapk7/Il6/Naglu/Prdx5/Ncoa7",20
"GO:0044406","adhesion of symbiont to host","5/758","19/25730",0.263157894736842,8.93278711290099,6.02646320136966,0.000180558907147358,0.00421480131579971,0.00341129430118712,"Gbp6/Gbp9/Gbp3/Ltf/Gbp2",5
"GO:0002702","positive regulation of production of molecular mediator of immune response","14/758","153/25730",0.0915032679738562,3.10604100919172,4.55205111834258,0.000180873826614809,0.00421480131579971,0.00341129430118712,"P2rx7/Pycard/Scimp/Mad2l2/Cd40/Tlr3/Tlr7/Casp1/Slamf1/B2m/Trim6/Tlr9/Il6/Rsad2",14
"GO:1905517","macrophage migration","9/758","69/25730",0.130434782608696,4.42755535161179,4.96697103204347,0.000186073673560807,0.00431492203203871,0.00349232806841514,"Ccl2/Slamf8/Csf1/Mmp14/C3ar1/Ccl5/Lgals3/Slamf1/P2rx4",9
"GO:0048873","homeostasis of number of cells within a tissue","8/758","55/25730",0.145454545454545,4.93739505876709,5.09277516832506,0.000195748789312624,0.00451735249539326,0.003656167318308,"P2rx7/Nfix/Csf1/Akt3/Bax/Flt3l/Epsti1/Prdx5",8
"GO:0002428","antigen processing and presentation of peptide antigen via MHC class Ib","7/758","42/25730",0.166666666666667,5.65743183817062,5.26290341346925,0.000205725600020005,0.00468759310886217,0.00379395337061374,"Tap2/H2-M3/B2m/H2-Q6/H2-T22/H2-T23/H2-T24",7
"GO:0090382","phagosome maturation","6/758","30/25730",0.2,6.78891820580475,5.52727244753781,0.000207846025281027,0.00468759310886217,0.00379395337061374,"P2rx7/Slamf8/Tcirg1/Rab7b/Mcoln1/Mreg",6
"GO:0002285","lymphocyte activation involved in immune response","19/758","254/25730",0.0748031496062992,2.53916232106871,4.29491976080182,0.000207975572539971,0.00468759310886217,0.00379395337061374,"Il12rb1/Zfp35/Fgl2/Plxna1/Lamp1/Mad2l2/Cd40/Fcgr4/Zbtb7b/Dll1/Il27/H2-M3/Ly9/Cd180/Lgals3/Lgals9/Slamf6/Irf8/Il6",19
"GO:2001238","positive regulation of extrinsic apoptotic signaling pathway","9/758","70/25730",0.128571428571429,4.36430456087448,4.91060940762866,0.000208022759908141,0.00468759310886217,0.00379395337061374,"Pycard/Bid/Siglec1/Htra2/Rbck1/Hyal2/Tnfsf10/Bax/Casp8",9
"GO:0062197","cellular response to chemical stress","24/758","362/25730",0.0662983425414365,2.25047012347119,4.17449441016983,0.000208774322159229,0.00468759310886217,0.00379395337061374,"Stx2/Kat2b/Psap/Pycard/Axl/Dhfr/Aifm2/Htra2/Tspo/Keap1/Txn1/Casp1/Prdx1/Pnpt1/Sphk1/Chchd4/Edn1/Hk3/Mapk7/Gdf15/Il6/Naglu/Prdx5/Ncoa7",24
"GO:0034154","toll-like receptor 7 signaling pathway","4/758","11/25730",0.363636363636364,12.3434876469177,6.5559449620803,0.000209013467068797,0.00468759310886217,0.00379395337061374,"Unc93b1/Scimp/Tlr7/Rsad2",4
"GO:0097193","intrinsic apoptotic signaling pathway","23/758","340/25730",0.0676470588235294,2.29625174608102,4.19195735267115,0.000210191846621943,0.00469199276314495,0.00379751427763107,"Pycard/Bak1/Bid/Casp2/Cycs/Htra2/Ifi27l2a/Siva1/Nono/Nfatc4/Mapk7/Bax/Ifi207/Shisa5/Taf6/Creb3l1/Map2k1/Ifi211/Pnp/Hic1/Ptpmt1/Daxx/Fnip2",23
"GO:0097191","extrinsic apoptotic signaling pathway","19/758","255/25730",0.0745098039215686,2.5292048217704,4.27560962227217,0.000218672650231009,0.00485860116350479,0.00393236055960096,"P2rx7/Pycard/Bak1/Bid/Casp2/Serpine1/Siglec1/Tlr3/Htra2/Rbck1/Siva1/Lgals3/Dab2/Hyal2/Tnfsf10/Mapk7/Bax/Casp8/Daxx",19
"GO:0000045","autophagosome assembly","14/758","156/25730",0.0897435897435897,3.04630945132264,4.466359451616,0.0002216489202203,0.00490193005505729,0.00396742925910898,"Pacs2/Fez2/Tcirg1/Gm5431/Atg10/Iigp1c/Ctsd/Trim21/Iigp1/Gm12185/Irgm1/Tgtp2/Ifi47/Tgtp1",14
"GO:0032612","interleukin-1 production","12/758","120/25730",0.1,3.39445910290237,4.58049750270903,0.000226063565262306,0.00495369564797263,0.00400932629265306,"P2rx7/Pycard/Ccr5/Tmem106a/Gsdmd/Casp1/Sphk1/Lgals9/Ifi207/Naip5/Il6/Casp8",12
"GO:0032652","regulation of interleukin-1 production","12/758","120/25730",0.1,3.39445910290237,4.58049750270903,0.000226063565262306,0.00495369564797263,0.00400932629265306,"P2rx7/Pycard/Ccr5/Tmem106a/Gsdmd/Casp1/Sphk1/Lgals9/Ifi207/Naip5/Il6/Casp8",12
"GO:0045765","regulation of angiogenesis","22/758","320/25730",0.06875,2.33369063324538,4.18260787546721,0.000228445227188108,0.00497642414407204,0.00402772184286033,"Ccl2/Kdr/Serpine1/Grn/Rnh1/Erap1/Cd40/Akt3/Dll1/Tlr3/C3ar1/Adgrb1/Ccl5/Wars1/Lgals3/Stab1/Sphk1/Notch4/Mapk7/Ecm1/Creb3l1/Ngp",22
"GO:0006935","chemotaxis","29/758","479/25730",0.0605427974947808,2.05510050071334,4.06108133945146,0.000229184281284457,0.00497642414407204,0.00402772184286033,"Ccl2/Kdr/Prok2/Mycbp2/Sell/Serpine1/Ccl12/Ccl7/Slamf8/Csf1/Ccr5/Ear6/C3ar1/Klrk1/Ccl5/Lgals3/Saa3/Slamf1/Ch25h/Itga9/Edn1/Lgals9/P2rx4/Cxcr1/Blvra/St6gal1/Cmtm3/F7/Stx3",29
"GO:0002695","negative regulation of leukocyte activation","17/758","215/25730",0.0790697674418605,2.68399091857397,4.31996851818043,0.000230456824396735,0.00498141289657559,0.00403175954279214,"Axl/Sdc4/Zfp35/Fgl2/Nr1h3/Grn/Gpnmb/Crtam/Zbtb7b/Zc3h12d/Arg1/Lgals3/Mertk/Ywhag/Lgals9/Il2ra/Cst7",17
"GO:0030167","proteoglycan catabolic process","5/758","20/25730",0.25,8.48614775725594,5.83501191758523,0.000234930804073481,0.00503257601371757,0.00407316895615716,"Galns/Hexb/Gns/Naglu/Hpse",5
"GO:0030540","female genitalia development","5/758","20/25730",0.25,8.48614775725594,5.83501191758523,0.000234930804073481,0.00503257601371757,0.00407316895615716,"Axl/Bak1/Mertk/Bax/Esr1",5
"GO:0070228","regulation of lymphocyte apoptotic process","10/758","87/25730",0.114942528735632,3.90167712977284,4.72327998226282,0.00024027243581904,0.00510145705194229,0.00412891855751441,"P2rx7/Siglec1/Tsc22d3/Il7r/Ccl5/Lgals3/Bax/Serpinb9/Pnp/Casp8",10
"GO:1901136","carbohydrate derivative catabolic process","20/758","278/25730",0.0719424460431655,2.44205690856286,4.2117562919939,0.000240282151284701,0.00510145705194229,0.00412891855751441,"Kat2b/Psap/P2rx7/Ran/Galns/Chil3/Enpp4/Renbp/Amdhd2/Hexb/Hk3/Hyal2/Mttp/Gns/Fkrp/Fbxo6/Nt5c3/Naglu/Pnp/Hpse",20
"GO:0002700","regulation of production of molecular mediator of immune response","17/758","216/25730",0.0787037037037037,2.67156503469168,4.29813716897888,0.000243444971001789,0.00514213640121105,0.0041618428217772,"P2rx7/Pycard/Axl/Scimp/Mad2l2/Cd40/Tlr3/Tlr7/Arg1/Casp1/Slamf1/B2m/Trim6/Bst2/Tlr9/Il6/Rsad2",17
"GO:0140888","interferon-mediated signaling pathway","12/758","121/25730",0.0991735537190083,3.36640572188665,4.54574400894699,0.000244351049419072,0.00514213640121105,0.0041618428217772,"Arg1/Ifitm3/Usp18/Trim6/Irf7/Oas1g/Oas1a/Irgm1/Isg15/Zbp1/Oasl1/Stat2",12
"GO:0042330","taxis","29/758","481/25730",0.0602910602910603,2.04655538428625,4.03675188342483,0.00024562050900203,0.0051461805767662,0.00416511601830311,"Ccl2/Kdr/Prok2/Mycbp2/Sell/Serpine1/Ccl12/Ccl7/Slamf8/Csf1/Ccr5/Ear6/C3ar1/Klrk1/Ccl5/Lgals3/Saa3/Slamf1/Ch25h/Itga9/Edn1/Lgals9/P2rx4/Cxcr1/Blvra/St6gal1/Cmtm3/F7/Stx3",29
"GO:0032760","positive regulation of tumor necrosis factor production","12/758","122/25730",0.0983606557377049,3.33881223236299,4.51135324782323,0.000263881288415075,0.00550463281554067,0.00445523315260203,"Ccl2/Pycard/Ccr5/Tmem106a/Tlr3/Fcgr1/Nfatc4/Lgals9/Oas1g/Tlr9/Il6/Oas1a",12
"GO:0006665","sphingolipid metabolic process","14/758","159/25730",0.0880503144654088,2.98883191450524,4.3827043982347,0.000270096542230374,0.0055814598904501,0.00451741396331616,"Psap/P2rx7/Casp7/Asah2/Gsdmd/Htra2/Ormdl2/Naaa/Casp1/Sphk1/Hexb/Bax/Smpdl3b/Naglu",14
"GO:0050900","leukocyte migration","26/758","414/25730",0.0628019323671498,2.13178591003531,4.04469988977085,0.000271353731988696,0.0055814598904501,0.00451741396331616,"Ccl2/Pycard/Sell/Serpine1/Ccl12/Ccl7/Slamf8/Csf1/Crtam/Gpr15/F11r/Mmp14/C3ar1/Klrk1/Ccl5/Lgals3/Slamf1/Ch25h/Itga9/Edn1/Lgals9/P2rx4/Gdf15/Ecm1/Cxcr1/F7",26
"GO:0030168","platelet activation","11/758","105/25730",0.104761904761905,3.55610001256439,4.57256563547706,0.000272237838491705,0.0055814598904501,0.00451741396331616,"Vwf/Axl/Stxbp3/Pdia6/F11r/Fundc2/Mertk/Bloc1s3/Evl/Il6/Gp6",11
"GO:2001057","reactive nitrogen species metabolic process","11/758","105/25730",0.104761904761905,3.55610001256439,4.57256563547706,0.000272237838491705,0.0055814598904501,0.00451741396331616,"Tmem106a/Ass1/H2-M3/Tspo/Klrk1/P2rx4/Il6/Ptx3/Esr1/Prdx5/Nos2",11
"GO:0007159","leukocyte cell-cell adhesion","27/758","438/25730",0.0616438356164384,2.09247478946037,4.01768871887611,0.000280362039583297,0.00572345924397184,0.00463234265132457,"Ccl2/Pycard/Sdc4/Il12rb1/Zfp35/Fgl2/Sell/Gpnmb/Crtam/Il7r/Zbtb7b/Ass1/Zc3h12d/F11r/Arg1/Ccl5/Lgals3/Slamf1/Ywhag/Lgals9/B2m/Card11/Cd1d1/Il6/Pnp/Irgm1/Il2ra",27
"GO:0034142","toll-like receptor 4 signaling pathway","9/758","73/25730",0.123287671232877,4.18494957892074,4.74766915867413,0.000287149216314639,0.00581233816243657,0.00470427774988256,"Nr1h3/Scimp/Rab7b/Oas1g/Nmi/Ifi35/Oas1a/Naglu/Ltf",9
"GO:1903556","negative regulation of tumor necrosis factor superfamily cytokine production","9/758","73/25730",0.123287671232877,4.18494957892074,4.74766915867413,0.000287149216314639,0.00581233816243657,0.00470427774988256,"Axl/Clec4a1/Gpnmb/Tspo/Clec4a3/Slamf1/Clec4a4/Ltf/Trim30a",9
"GO:0031664","regulation of lipopolysaccharide-mediated signaling pathway","6/758","32/25730",0.1875,6.36461081794195,5.29033216453894,0.000301710275735267,0.00605575624868644,0.00490129076857867,"Scimp/Cd180/Trim30c/Ltf/Trim30a/Trim30d",6
"GO:0046597","host-mediated suppression of symbiont invasion","6/758","32/25730",0.1875,6.36461081794195,5.29033216453894,0.000301710275735267,0.00605575624868644,0.00490129076857867,"Ly6e/Ifitm3/Trim30c/Ptx3/Trim30a/Trim30d",6
"GO:1903557","positive regulation of tumor necrosis factor superfamily cytokine production","12/758","124/25730",0.0967741935483871,3.28496042216359,4.44363160733113,0.000306942024786799,0.00608945020654368,0.00492856133196015,"Ccl2/Pycard/Ccr5/Tmem106a/Tlr3/Fcgr1/Nfatc4/Lgals9/Oas1g/Tlr9/Il6/Oas1a",12
"GO:0007162","negative regulation of cell adhesion","22/758","327/25730",0.0672782874617737,2.283733953023,4.07029412667275,0.000308487952686534,0.00608945020654368,0.00492856133196015,"Sdc4/Zfp35/Fgl2/Sell/Serpine1/Gpnmb/Mad2l2/Crtam/Zbtb7b/Ass1/Zc3h12d/Mmp14/Arg1/Lgals3/Ywhag/Notch4/Lgals9/Mapk7/Plxnb2/Phldb2/Map2k1/Il2ra",22
"GO:0042113","B cell activation","22/758","327/25730",0.0672782874617737,2.283733953023,4.07029412667275,0.000308487952686534,0.00608945020654368,0.00492856133196015,"Bak1/Zfp36l2/Slamf8/Cd38/Mad2l2/Cd40/Il7r/Dll1/Tcirg1/Lyl1/Mmp14/Cd180/Hmga1/Pou2f2/Card11/Bax/Flt3l/Cfb/Irf8/Tlr9/Il6/Pnp",22
"GO:1901342","regulation of vasculature development","22/758","327/25730",0.0672782874617737,2.283733953023,4.07029412667275,0.000308487952686534,0.00608945020654368,0.00492856133196015,"Ccl2/Kdr/Serpine1/Grn/Rnh1/Erap1/Cd40/Akt3/Dll1/Tlr3/C3ar1/Adgrb1/Ccl5/Wars1/Lgals3/Stab1/Sphk1/Notch4/Mapk7/Ecm1/Creb3l1/Ngp",22
"GO:0032735","positive regulation of interleukin-12 production","7/758","45/25730",0.155555555555556,5.28026971562592,5.00676262268607,0.000320576169500318,0.00630202617984781,0.00510061195830482,"Unc93b1/Scimp/Cd40/Tlr3/Irf8/Tlr9/Il23r",7
"GO:1903038","negative regulation of leukocyte cell-cell adhesion","14/758","163/25730",0.0858895705521472,2.91548634605112,4.27417569371953,0.000348630488457715,0.00682544198099387,0.00552424410744257,"Sdc4/Zfp35/Fgl2/Sell/Gpnmb/Crtam/Zbtb7b/Ass1/Zc3h12d/Arg1/Lgals3/Ywhag/Lgals9/Il2ra",14
"GO:0032607","interferon-alpha production","6/758","33/25730",0.181818181818182,6.17174382345886,5.17931297483546,0.000359645682227328,0.00698385131707294,0.00565245438947785,"Tlr3/Tlr7/Gbp4/Irf7/Nmi/Tlr9",6
"GO:0032647","regulation of interferon-alpha production","6/758","33/25730",0.181818181818182,6.17174382345886,5.17931297483546,0.000359645682227328,0.00698385131707294,0.00565245438947785,"Tlr3/Tlr7/Gbp4/Irf7/Nmi/Tlr9",6
"GO:0032480","negative regulation of type I interferon production","7/758","46/25730",0.152173913043478,5.16548124354709,4.92642824625713,0.000368610116582557,0.00712894950167966,0.00576989114940436,"Pycard/Siglec1/Gbp4/Nmi/Dhx58/Xaf1/Irgm1",7
"GO:0010522","regulation of calcium ion transport into cytosol","5/758","22/25730",0.227272727272727,7.71467977932358,5.48936228462434,0.000380015757954376,0.00726134110299222,0.00587704370091125,"P2rx7/Bak1/P2rx4/Asph/Bax",5
"GO:0044790","suppression of viral release by host","5/758","22/25730",0.227272727272727,7.71467977932358,5.48936228462434,0.000380015757954376,0.00726134110299222,0.00587704370091125,"Trim28/Trim30c/Trim21/Trim30a/Trim30d",5
"GO:0048245","eosinophil chemotaxis","5/758","22/25730",0.227272727272727,7.71467977932358,5.48936228462434,0.000380015757954376,0.00726134110299222,0.00587704370091125,"Ccl2/Ccl12/Ccl7/Ccl5/Lgals3",5
"GO:0050920","regulation of chemotaxis","17/758","225/25730",0.0755555555555556,2.56470243330402,4.10704769413088,0.000391983803609791,0.0074601857762708,0.00603798075344417,"Ccl2/Kdr/Mycbp2/Sell/Serpine1/Ccl7/Slamf8/Csf1/C3ar1/Klrk1/Ccl5/Slamf1/Edn1/P2rx4/St6gal1/F7/Stx3",17
"GO:1905037","autophagosome organization","14/758","165/25730",0.0848484848484849,2.88014711761414,4.22114528359977,0.000394725423385872,0.00748255296632663,0.00605608387675985,"Pacs2/Fez2/Tcirg1/Gm5431/Atg10/Iigp1c/Ctsd/Trim21/Iigp1/Gm12185/Irgm1/Tgtp2/Ifi47/Tgtp1",14
"GO:0043488","regulation of mRNA stability","15/758","185/25730",0.0810810810810811,2.75226413748841,4.16727227315425,0.00040416761743934,0.00763125971742185,0.00617644126837819,"Zfp36l2/Apobec1/Polr2g/Zc3h12d/Plekhn1/Caprin1/Igf2bp2/Pnpt1/Mov10/Tent5a/Larp1/Dcp2/Mex3d/Angel2/Tent4a",15
"GO:0072676","lymphocyte migration","11/758","110/25730",0.1,3.39445910290237,4.38463651972287,0.000408099070543096,0.00764505592150733,0.0061876073729816,"Ccl2/Pycard/Ccl7/Crtam/Gpr15/F11r/Klrk1/Ccl5/Ch25h/Lgals9/Ecm1",11
"GO:1902369","negative regulation of RNA catabolic process","11/758","110/25730",0.1,3.39445910290237,4.38463651972287,0.000408099070543096,0.00764505592150733,0.0061876073729816,"Apobec1/Rnh1/Nsun2/Igf2bp2/Nbas/Plxnb2/Tent5a/Larp1/Slirp/Angel2/Tent4a",11
"GO:0002230","positive regulation of defense response to virus by host","6/758","34/25730",0.176470588235294,5.99022194629831,5.07277910996443,0.000425928513454384,0.00791696696020076,0.00640768146597565,"Pycard/Il12rb1/Il27/Ccl5/Trim6/Il23r",6
"GO:0033198","response to ATP","6/758","34/25730",0.176470588235294,5.99022194629831,5.07277910996443,0.000425928513454384,0.00791696696020076,0.00640768146597565,"Ccl2/P2rx7/Sell/Casp1/P2rx4/Asph",6
"GO:0009620","response to fungus","9/758","77/25730",0.116883116883117,3.96754960079498,4.54353273975726,0.000429909085232567,0.00795998333393787,0.0064424972258638,"Bak1/Clec4a1/Scimp/Arg1/Clec4a3/Clec4a4/Ptx3/Ltf/Zbp1",9
"GO:0046634","regulation of alpha-beta T cell activation","12/758","129/25730",0.0930232558139535,3.15763637479291,4.2801997630546,0.00044138175945988,0.00810954101899941,0.00656354332994389,"Zfp35/Crtam/Zbtb7b/Il27/Lgals3/Lgals9/Card11/Cd1d1/Il6/Pnp/Irgm1/Il2ra",12
"GO:0071621","granulocyte chemotaxis","12/758","129/25730",0.0930232558139535,3.15763637479291,4.2801997630546,0.00044138175945988,0.00810954101899941,0.00656354332994389,"Ccl2/Sell/Ccl12/Ccl7/Csf1/C3ar1/Ccl5/Lgals3/Slamf1/Itga9/Edn1/Cxcr1",12
"GO:0062208","positive regulation of pattern recognition receptor signaling pathway","10/758","94/25730",0.106382978723404,3.61112670521529,4.41861472021912,0.000451707632526384,0.008241246100193,0.00667014023908616,"P2rx7/Nr1h3/Marchf5/Ifi35/Tlr9/Dhx58/Ltf/Rsad2/Gbp2/Oasl1",10
"GO:0002429","immune response-activating cell surface receptor signaling pathway","21/758","314/25730",0.0668789808917197,2.27017965480732,3.94544295387297,0.000452687209958325,0.008241246100193,0.00667014023908616,"Nr1h3/Cd38/Scimp/Rbck1/Siva1/C3ar1/Klrk1/Rab7b/Lgals3/Dgkz/Card11/Bax/Oas1g/Nmi/Blvra/Ifi35/Oas1a/Naglu/Cmtm3/Ltf/Nos2",21
"GO:0007080","mitotic metaphase chromosome alignment","8/758","62/25730",0.129032258064516,4.37994722955145,4.64225660047053,0.000453725711607862,0.008241246100193,0.00667014023908616,"Kat2b/Cdt1/Chmp2a/Seh1l/Nup62/Chmp1b2/Spdl1/Kifc5b",8
"GO:0035710","CD4-positive, alpha-beta T cell activation","13/758","149/25730",0.087248322147651,2.96160861327053,4.1837538818413,0.000482268112278571,0.00872649534982854,0.00706288188356934,"Il12rb1/Zfp35/Zbtb7b/Il27/Tcirg1/Ly9/Lgals9/Card11/Slamf6/Il6/Irgm1/Il2ra/Rsad2",13
"GO:0010758","regulation of macrophage chemotaxis","6/758","35/25730",0.171428571428571,5.81907274783264,4.97041426145689,0.000501365189540211,0.00903781702050411,0.00731485339098787,"Ccl2/Slamf8/Csf1/C3ar1/Ccl5/Slamf1",6
"GO:0002688","regulation of leukocyte chemotaxis","12/758","131/25730",0.0916030534351145,3.10942818586477,4.21704548672999,0.000507571909542643,0.00911530455595942,0.0073775687524738,"Ccl2/Sell/Serpine1/Ccl7/Slamf8/Csf1/C3ar1/Klrk1/Ccl5/Slamf1/Edn1/F7",12
"GO:0006672","ceramide metabolic process","11/758","113/25730",0.0973451327433628,3.30434071963948,4.277018955421,0.000514050105226846,0.00919706873658668,0.00744374546224406,"Psap/P2rx7/Casp7/Asah2/Gsdmd/Htra2/Ormdl2/Casp1/Sphk1/Hexb/Naglu",11
"GO:0032615","interleukin-12 production","8/758","64/25730",0.125,4.24307387862797,4.52571422835655,0.000564134576415122,0.0100181073291265,0.00810826178506259,"Unc93b1/Scimp/Cd40/Tlr3/Slamf1/Irf8/Tlr9/Il23r",8
"GO:0032655","regulation of interleukin-12 production","8/758","64/25730",0.125,4.24307387862797,4.52571422835655,0.000564134576415122,0.0100181073291265,0.00810826178506259,"Unc93b1/Scimp/Cd40/Tlr3/Slamf1/Irf8/Tlr9/Il23r",8
"GO:2000107","negative regulation of leukocyte apoptotic process","9/758","80/25730",0.1125,3.81876649076517,4.39926174268493,0.000571553909999313,0.0101122704743212,0.00818447372876209,"Axl/Ccr5/Tsc22d3/Il7r/Ccl5/Mertk/St6gal1/Serpinb9/Pnp",9
"GO:0002440","production of molecular mediator of immune response","18/758","254/25730",0.0708661417322835,2.40552219890719,3.92200678492485,0.000576244155319519,0.0101576322138795,0.00822118773543831,"P2rx7/Pycard/Axl/Scimp/Mad2l2/Cd40/Tlr3/Tlr7/Msh3/Arg1/Casp1/Slamf1/B2m/Trim6/Bst2/Tlr9/Il6/Rsad2",18
"GO:0001778","plasma membrane repair","6/758","36/25730",0.166666666666667,5.65743183817062,4.87193282279133,0.000586798925554102,0.0103056561300439,0.0083409924673383,"Casp7/Chmp2a/Gsdmd/Chmp1b2/Casp1/Myof",6
"GO:0002158","osteoclast proliferation","4/758","14/25730",0.285714285714286,9.69845457972107,5.67183779863501,0.000590783984090747,0.0103376376996392,0.00836687709105577,"Nfix/Csf1/Tcirg1/Flt3l",4
"GO:0048771","tissue remodeling","17/758","234/25730",0.0726495726495727,2.46606003202309,3.92503063467331,0.000613096756228818,0.010650048016382,0.00861972970575483,"Def8/Ccl2/P2rx7/Axl/Bak1/Ctss/Cd38/Gpnmb/Fcgr4/Tcirg1/Mmp14/Flt4/Tns3/Bax/Fkrp/Il6/Nos2",17
"GO:0050866","negative regulation of cell activation","17/758","234/25730",0.0726495726495727,2.46606003202309,3.92503063467331,0.000613096756228818,0.010650048016382,0.00861972970575483,"Axl/Sdc4/Zfp35/Fgl2/Nr1h3/Grn/Gpnmb/Crtam/Zbtb7b/Zc3h12d/Arg1/Lgals3/Mertk/Ywhag/Lgals9/Il2ra/Cst7",17
"GO:0048246","macrophage chemotaxis","7/758","50/25730",0.14,4.75224274406332,4.62698202231286,0.000621347934111177,0.0106963333030441,0.00865719119510839,"Ccl2/Slamf8/Csf1/C3ar1/Ccl5/Lgals3/Slamf1",7
"GO:0002437","inflammatory response to antigenic stimulus","9/758","81/25730",0.111111111111111,3.77162122544708,4.35271831072751,0.000626482390813814,0.0106963333030441,0.00865719119510839,"Zfp35/Kars1/Il5ra/Fcgr4/Psmb4/Fcgr1/Serpinb9/Cd68/Il2ra",9
"GO:0032613","interleukin-10 production","8/758","65/25730",0.123076923076923,4.17779581895677,4.46921683974839,0.000626956944704283,0.0106963333030441,0.00865719119510839,"Pycard/Tusc2/Dll1/Lgals9/Tlr9/Il6/Il23r/Isg15",8
"GO:0032653","regulation of interleukin-10 production","8/758","65/25730",0.123076923076923,4.17779581895677,4.46921683974839,0.000626956944704283,0.0106963333030441,0.00865719119510839,"Pycard/Tusc2/Dll1/Lgals9/Tlr9/Il6/Il23r/Isg15",8
"GO:0070585","protein localization to mitochondrion","8/758","65/25730",0.123076923076923,4.17779581895677,4.46921683974839,0.000626956944704283,0.0106963333030441,0.00865719119510839,"Tspo/Timm17a/Grpel2/Chchd4/Bax/Marchf5/Timm10/Isg15",8
"GO:0022411","cellular component disassembly","27/758","462/25730",0.0584415584415584,1.98377480039749,3.71749711928707,0.000638168965597891,0.0108488724151641,0.00878065034890823,"Rdx/Pnpla2/Ctss/Plaat3/Rrp7a/Chmp2a/Rhou/Afg2b/Snap29/Tpgs1/Sh3pxd2b/Chmp1b2/Shfl/Cfl2/Gtpbp2/Asph/Camsap1/C1qb/Bax/Evl/Blvra/Trim21/Plin2/Il6/Fap/Mcoln1/Irgm1",27
"GO:0000209","protein polyubiquitination","21/758","323/25730",0.065015479876161,2.20692387495201,3.80297822706824,0.000653423341599524,0.0110688060383721,0.00895865596750672,"Mycbp2/Ube2d1/Stub1/Rnf187/Otud4/Rbck1/Keap1/Marchf8/Ywhag/Rnf135/Trim30c/Trim6/Arel1/Marchf5/Ube2l6/Nmi/Trim21/Usp25/Parp10/Trim30a/Trim30d",21
"GO:0050878","regulation of body fluid levels","24/758","392/25730",0.0612244897959184,2.07824026708309,3.7479329030735,0.000657913603173186,0.0111054886302414,0.00898834541363255,"Vwf/Axl/Aprt/Stxbp3/Fgl2/Serpine1/Nr1h3/Zbtb7b/Pdia6/F11r/Enpp4/Fundc2/Mertk/Edn1/Hyal2/Anxa7/Bloc1s3/Socs2/Evl/Il6/Gp6/F7/Hpse/Procr",24
"GO:0006643","membrane lipid metabolic process","16/758","215/25730",0.0744186046511628,2.52610909983433,3.9149517933124,0.000677077526051678,0.0112524469610757,0.00910728770270508,"Psap/P2rx7/Casp7/Asah2/Gsdmd/Htra2/Pgap2/Ormdl2/Naaa/Casp1/Sphk1/Hexb/Bax/Smpdl3b/Pgap1/Naglu",16
"GO:0043270","positive regulation of monoatomic ion transport","16/758","215/25730",0.0744186046511628,2.52610909983433,3.9149517933124,0.000677077526051678,0.0112524469610757,0.00910728770270508,"Ccl2/P2rx7/Bak1/Ctss/Serpine1/Akt3/Tspo/Ccl5/Lgals3/P2rx4/Asph/Cacna1d/Bax/Akap6/Wnk2/Hap1",16
"GO:0002220","innate immune response activating cell surface receptor signaling pathway","10/758","99/25730",0.101010101010101,3.42874656858826,4.2182898229301,0.000682620444138737,0.0112524469610757,0.00910728770270508,"Nr1h3/Scimp/Klrk1/Rab7b/Oas1g/Nmi/Ifi35/Oas1a/Naglu/Ltf",10
"GO:0006516","glycoprotein catabolic process","6/758","37/25730",0.162162162162162,5.50452827497682,4.77707614768607,0.000683108565776,0.0112524469610757,0.00910728770270508,"Galns/Hexb/Gns/Fbxo6/Naglu/Hpse",6
"GO:0010574","regulation of vascular endothelial growth factor production","6/758","37/25730",0.162162162162162,5.50452827497682,4.77707614768607,0.000683108565776,0.0112524469610757,0.00910728770270508,"Ccl2/C3ar1/Flt4/Adora2b/Il6/Hpse",6
"GO:0070266","necroptotic process","6/758","37/25730",0.162162162162162,5.50452827497682,4.77707614768607,0.000683108565776,0.0112524469610757,0.00910728770270508,"Itpk1/Tlr3/Rbck1/Mlkl/Casp8/Zbp1",6
"GO:0090140","regulation of mitochondrial fission","6/758","37/25730",0.162162162162162,5.50452827497682,4.77707614768607,0.000683108565776,0.0112524469610757,0.00910728770270508,"Kdr/Mief2/Inf2/Marchf5/Irgm1/Stat2",6
"GO:0140895","cell surface toll-like receptor signaling pathway","9/758","82/25730",0.109756097560976,3.72562584464895,4.30691008828135,0.000685650631480499,0.0112555088198706,0.00910976585070672,"Nr1h3/Scimp/Rab7b/Oas1g/Nmi/Ifi35/Oas1a/Naglu/Ltf",9
"GO:0043030","regulation of macrophage activation","8/758","66/25730",0.121212121212121,4.11449588230591,4.41384368481574,0.000695303918568519,0.0113748863664446,0.00920638533850818,"Nr1h3/Grn/Kars1/Sphk1/Lgals9/Cd1d1/Irgm1/Cst7",8
"GO:0002495","antigen processing and presentation of peptide antigen via MHC class II","5/758","25/25730",0.2,6.78891820580475,5.04519558107668,0.00071263630727333,0.0115398767452363,0.00933992205750201,"Pycard/Unc93b1/Ctss/Marchf8/B2m",5
"GO:0010759","positive regulation of macrophage chemotaxis","5/758","25/25730",0.2,6.78891820580475,5.04519558107668,0.00071263630727333,0.0115398767452363,0.00933992205750201,"Ccl2/Csf1/C3ar1/Ccl5/Slamf1",5
"GO:0010878","cholesterol storage","5/758","25/25730",0.2,6.78891820580475,5.04519558107668,0.00071263630727333,0.0115398767452363,0.00933992205750201,"Nr1h3/Npc2/Msr1/Soat1/Npc1",5
"GO:0060337","type I interferon-mediated signaling pathway","10/758","100/25730",0.1,3.39445910290237,4.17977124429206,0.000738835128571365,0.0118064868863577,0.00955570581263106,"Ifitm3/Usp18/Trim6/Irf7/Oas1g/Oas1a/Isg15/Zbp1/Oasl1/Stat2",10
"GO:0071357","cellular response to type I interferon","10/758","100/25730",0.1,3.39445910290237,4.17977124429206,0.000738835128571365,0.0118064868863577,0.00955570581263106,"Ifitm3/Usp18/Trim6/Irf7/Oas1g/Oas1a/Isg15/Zbp1/Oasl1/Stat2",10
"GO:0032602","chemokine production","11/758","118/25730",0.0932203389830508,3.16432628236662,4.10545582596343,0.000741332566394583,0.0118064868863577,0.00955570581263106,"Pycard/Chil3/Tlr3/Tlr7/Ccl5/Lgals9/Oas1g/Adora2b/Tlr9/Il6/Oas1a",11
"GO:0032642","regulation of chemokine production","11/758","118/25730",0.0932203389830508,3.16432628236662,4.10545582596343,0.000741332566394583,0.0118064868863577,0.00955570581263106,"Pycard/Chil3/Tlr3/Tlr7/Ccl5/Lgals9/Oas1g/Adora2b/Tlr9/Il6/Oas1a",11
"GO:0030595","leukocyte chemotaxis","17/758","238/25730",0.0714285714285714,2.42461364493027,3.8468301966468,0.000741458251184278,0.0118064868863577,0.00955570581263106,"Ccl2/Sell/Serpine1/Ccl12/Ccl7/Slamf8/Csf1/C3ar1/Klrk1/Ccl5/Lgals3/Slamf1/Ch25h/Itga9/Edn1/Cxcr1/F7",17
"GO:0050671","positive regulation of lymphocyte proliferation","13/758","157/25730",0.0828025477707006,2.81069862023763,3.96482981654054,0.000790745685348179,0.0125122549493097,0.010126926705555,"Pycard/Il12rb1/Cd38/Cd40/Ccl5/Slamf1/Card11/Tlr9/Cd1d1/Il6/Pnp/Irgm1/Il2ra",13
"GO:0001774","microglial cell activation","7/758","52/25730",0.134615384615385,4.56946417698397,4.48893684642347,0.000791019676510684,0.0125122549493097,0.010126926705555,"Grn/Tlr3/Casp1/Sphk1/Tlr9/Naglu/Cst7",7
"GO:0001894","tissue homeostasis","20/758","307/25730",0.0651465798045603,2.21137400840546,3.72008988331079,0.000847871561133422,0.0133232975247841,0.0107833526455785,"Slc28a2/Def8/P2rx7/Ctss/Cd38/Nfix/Csf1/Akt3/Fcgr4/Tcirg1/Tns3/Bbs4/Prom1/Bax/Flt3l/Tlr9/Il6/Naglu/Epsti1/Prdx5",20
"GO:0060249","anatomical structure homeostasis","20/758","307/25730",0.0651465798045603,2.21137400840546,3.72008988331079,0.000847871561133422,0.0133232975247841,0.0107833526455785,"Slc28a2/Def8/P2rx7/Ctss/Cd38/Nfix/Csf1/Akt3/Fcgr4/Tcirg1/Tns3/Bbs4/Prom1/Bax/Flt3l/Tlr9/Il6/Naglu/Epsti1/Prdx5",20
"GO:0072677","eosinophil migration","5/758","26/25730",0.192307692307692,6.52780596711995,4.91313277897427,0.000861098342615673,0.0134556910127669,0.010890506724082,"Ccl2/Ccl12/Ccl7/Ccl5/Lgals3",5
"GO:0039531","regulation of cytoplasmic pattern recognition receptor signaling pathway","12/758","139/25730",0.0863309352517986,2.93046829027543,3.97599506995639,0.000861930385159447,0.0134556910127669,0.010890506724082,"P2rx7/Tlr3/Rab7b/Ifi207/Marchf5/Tlr9/Dhx58/Irgm1/Rsad2/Trim30a/Gbp2/Oasl1",12
"GO:0002690","positive regulation of leukocyte chemotaxis","10/758","103/25730",0.0970873786407767,3.29559136204114,4.06708925103336,0.000930779609005544,0.0144338094308207,0.0116821572754106,"Ccl2/Sell/Serpine1/Ccl7/Csf1/C3ar1/Ccl5/Slamf1/Edn1/F7",10
"GO:0046209","nitric oxide metabolic process","10/758","103/25730",0.0970873786407767,3.29559136204114,4.06708925103336,0.000930779609005544,0.0144338094308207,0.0116821572754106,"Tmem106a/Ass1/H2-M3/Tspo/Klrk1/P2rx4/Il6/Ptx3/Esr1/Nos2",10
"GO:0034612","response to tumor necrosis factor","17/758","243/25730",0.0699588477366255,2.3747244752815,3.75127441745377,0.000933650222759806,0.0144338094308207,0.0116821572754106,"Ccl2/Pycard/Zfp36l2/Anxa4/Ass1/Rbck1/Nub1/Ccl5/Casp1/Sphk1/Edn1/Hyal2/Naip5/Il6/Gbp3/Casp8/Nos2",17
"GO:0050921","positive regulation of chemotaxis","13/758","160/25730",0.08125,2.75799802110818,3.88626491980083,0.000942797212750166,0.0145282009203469,0.011758554032025,"Ccl2/Kdr/Sell/Serpine1/Ccl7/Csf1/C3ar1/Ccl5/Slamf1/Edn1/P2rx4/F7/Stx3",13
"GO:0006874","intracellular calcium ion homeostasis","21/758","333/25730",0.0630630630630631,2.14064988471321,3.65008233837932,0.000962879854151238,0.0147425546900015,0.0119320435367662,"Ccl2/Pacs2/P2rx7/Bak1/Atp13a1/Rmdn3/Cd40/Ccr5/Tcirg1/Ccl5/Anxa6/Edn1/Hexb/Anxa7/Asph/Cacna1d/Bax/Mcoln1/Akap6/Hap1/1600014C10Rik",21
"GO:0060326","cell chemotaxis","21/758","333/25730",0.0630630630630631,2.14064988471321,3.65008233837932,0.000962879854151238,0.0147425546900015,0.0119320435367662,"Ccl2/Kdr/Sell/Serpine1/Ccl12/Ccl7/Slamf8/Csf1/Ccr5/C3ar1/Klrk1/Ccl5/Lgals3/Saa3/Slamf1/Ch25h/Itga9/Edn1/P2rx4/Cxcr1/F7",21
"GO:0002704","negative regulation of leukocyte mediated immunity","9/758","86/25730",0.104651162790698,3.55234092164202,4.1306121508747,0.000969686882123428,0.0147993426067208,0.0119780054415314,"Il7r/Tap2/Arg1/Slamf1/Nectin4/Ywhag/Lgals9/Bst2/Serpinb9",9
"GO:1904407","positive regulation of nitric oxide metabolic process","7/758","54/25730",0.12962962962963,4.4002247630216,4.35772896773349,0.000995329787117676,0.0151423260925514,0.0122556027760081,"Tmem106a/Ass1/H2-M3/Klrk1/Il6/Ptx3/Esr1",7
"GO:1902855","regulation of non-motile cilium assembly","4/758","16/25730",0.25,8.48614775725594,5.2185873768965,0.00102488492492202,0.0153679146260364,0.012438185256422,"Cpap/Bbs4/Tmem67/Hap1",4
"GO:0002504","antigen processing and presentation of peptide or polysaccharide antigen via MHC class II","5/758","27/25730",0.185185185185185,6.28603537574514,4.78783783529517,0.00103141350817091,0.0153679146260364,0.012438185256422,"Pycard/Unc93b1/Ctss/Marchf8/B2m",5
"GO:0006925","inflammatory cell apoptotic process","5/758","27/25730",0.185185185185185,6.28603537574514,4.78783783529517,0.00103141350817091,0.0153679146260364,0.012438185256422,"Ccr5/Ccl5/Hmga1/St6gal1/Il6",5
"GO:0007039","protein catabolic process in the vacuole","5/758","27/25730",0.185185185185185,6.28603537574514,4.78783783529517,0.00103141350817091,0.0153679146260364,0.012438185256422,"Psap/Grn/Tcirg1/Dpp7/Cst7",5
"GO:0030194","positive regulation of blood coagulation","5/758","27/25730",0.185185185185185,6.28603537574514,4.78783783529517,0.00103141350817091,0.0153679146260364,0.012438185256422,"Vwf/Serpine1/Enpp4/F7/Hpse",5
"GO:1900048","positive regulation of hemostasis","5/758","27/25730",0.185185185185185,6.28603537574514,4.78783783529517,0.00103141350817091,0.0153679146260364,0.012438185256422,"Vwf/Serpine1/Enpp4/F7/Hpse",5
"GO:0048511","rhythmic process","22/758","358/25730",0.0614525139664804,2.08598045429755,3.60500244770056,0.00103267753714835,0.0153679146260364,0.012438185256422,"Kat2b/Axl/Prok2/Mycbp2/Gpr157/Casp2/Ciart/Ass1/Mmp19/Timeless/Cipc/Casp1/Nono/Mttp/Dbp/Htr7/Il6/Naglu/Ptx3/Esr1/F7/Nos2",22
"GO:0010573","vascular endothelial growth factor production","6/758","40/25730",0.15,5.09168865435356,4.51200857732778,0.00104658768950411,0.0154307080023491,0.0124890077438226,"Ccl2/C3ar1/Flt4/Adora2b/Il6/Hpse",6
"GO:0045577","regulation of B cell differentiation","6/758","40/25730",0.15,5.09168865435356,4.51200857732778,0.00104658768950411,0.0154307080023491,0.0124890077438226,"Zfp36l2/Slamf8/Mmp14/Card11/Tlr9/Pnp",6
"GO:0045954","positive regulation of natural killer cell mediated cytotoxicity","6/758","40/25730",0.15,5.09168865435356,4.51200857732778,0.00104658768950411,0.0154307080023491,0.0124890077438226,"Bid/Lamp1/Crtam/H2-M3/Klrk1/Slamf6",6
"GO:0006399","tRNA metabolic process","15/758","203/25730",0.0738916256157636,2.50822101199683,3.75865539303832,0.00105698171793412,0.0155360051279117,0.0125742310930269,"Rnh1/Kars1/Pop7/Nsun2/Farsa/Trp53rkb/Wars1/Qng1/Lars2/Plxnb2/Trmt11/Rpusd4/Kti12/Aars1/Lars1",15
"GO:0019080","viral gene expression","7/758","55/25730",0.127272727272727,4.3202206764212,4.29449856106948,0.00111193534929758,0.0162437772586989,0.0131470739995816,"Usf1/Shfl/Ifitm3/Mdfic/Trim14/Trim21/Ifit1",7
"GO:0043029","T cell homeostasis","7/758","55/25730",0.127272727272727,4.3202206764212,4.29449856106948,0.00111193534929758,0.0162437772586989,0.0131470739995816,"P2rx7/Tsc22d3/Il7r/Tcirg1/Siva1/Bax/Il2ra",7
"GO:0032720","negative regulation of tumor necrosis factor production","8/758","71/25730",0.112676056338028,3.8247426511576,4.15248040367624,0.00113258862742909,0.0164449114687804,0.0133098641130924,"Axl/Clec4a1/Gpnmb/Tspo/Clec4a3/Slamf1/Clec4a4/Trim30a",8
"GO:1904427","positive regulation of calcium ion transmembrane transport","8/758","71/25730",0.112676056338028,3.8247426511576,4.15248040367624,0.00113258862742909,0.0164449114687804,0.0133098641130924,"P2rx7/Bak1/P2rx4/Asph/Cacna1d/Bax/Akap6/Hap1",8
"GO:0002752","cell surface pattern recognition receptor signaling pathway","9/758","88/25730",0.102272727272727,3.47160590069561,4.04635520972289,0.00114382890495928,0.0165577899363349,0.0134012235021227,"Nr1h3/Scimp/Rab7b/Oas1g/Nmi/Ifi35/Oas1a/Naglu/Ltf",9
"GO:0046683","response to organophosphorus","12/758","144/25730",0.0833333333333333,2.82871591908531,3.83394330953774,0.00117385366704723,0.0169410844939113,0.0137114470315296,"Ccl2/P2rx7/Sell/Ass1/Tlr7/Mmp19/Hmga1/Casp1/Pnpt1/P2rx4/Asph/Akap6",12
"GO:0002476","antigen processing and presentation of endogenous peptide antigen via MHC class Ib","6/758","41/25730",0.146341463414634,4.9675011261986,4.42950076334051,0.00119585404310143,0.0170017701306415,0.0137605635974673,"Tap2/H2-M3/H2-Q6/H2-T22/H2-T23/H2-T24",6
"GO:0002484","antigen processing and presentation of endogenous peptide antigen via MHC class I via ER pathway","6/758","41/25730",0.146341463414634,4.9675011261986,4.42950076334051,0.00119585404310143,0.0170017701306415,0.0137605635974673,"Tap2/H2-M3/H2-Q6/H2-T22/H2-T23/H2-T24",6
"GO:0006418","tRNA aminoacylation for protein translation","6/758","41/25730",0.146341463414634,4.9675011261986,4.42950076334051,0.00119585404310143,0.0170017701306415,0.0137605635974673,"Kars1/Farsa/Wars1/Lars2/Aars1/Lars1",6
"GO:0046006","regulation of activated T cell proliferation","6/758","41/25730",0.146341463414634,4.9675011261986,4.42950076334051,0.00119585404310143,0.0170017701306415,0.0137605635974673,"Pycard/Il12rb1/Crtam/Arg1/Slamf1/Il2ra",6
"GO:0071398","cellular response to fatty acid","6/758","41/25730",0.146341463414634,4.9675011261986,4.42950076334051,0.00119585404310143,0.0170017701306415,0.0137605635974673,"Ccl2/Ass1/Pdk3/Edn1/Nfatc4/Cdk4",6
"GO:0007035","vacuolar acidification","5/758","28/25730",0.178571428571429,6.06153411232567,4.66871235498925,0.00122549136285592,0.017268944661837,0.0139768041477094,"Grn/Lamp1/Tcirg1/Atp6v0d2/Clic4",5
"GO:0032740","positive regulation of interleukin-17 production","5/758","28/25730",0.178571428571429,6.06153411232567,4.66871235498925,0.00122549136285592,0.017268944661837,0.0139768041477094,"Zbtb7b/Ly9/Sphk1/Slamf6/Il6",5
"GO:0090200","positive regulation of release of cytochrome c from mitochondria","5/758","28/25730",0.178571428571429,6.06153411232567,4.66871235498925,0.00122549136285592,0.017268944661837,0.0139768041477094,"Pycard/Bak1/Bid/Tnfsf10/Bax",5
"GO:0055074","calcium ion homeostasis","22/758","363/25730",0.0606060606060606,2.05724794115295,3.53439430972085,0.0012336297458255,0.0173324979288483,0.014028241660734,"Ccl2/Pacs2/P2rx7/Kdr/Bak1/Atp13a1/Rmdn3/Cd40/Ccr5/Tcirg1/Ccl5/Anxa6/Edn1/Hexb/Anxa7/Asph/Cacna1d/Bax/Mcoln1/Akap6/Hap1/1600014C10Rik",22
"GO:0002269","leukocyte activation involved in inflammatory response","7/758","56/25730",0.125,4.24307387862797,4.23275840184131,0.00123899076073764,0.0173461243755502,0.0140392703703923,"Grn/Tlr3/Casp1/Sphk1/Tlr9/Naglu/Cst7",7
"GO:0032964","collagen biosynthetic process","8/758","72/25730",0.111111111111111,3.77162122544708,4.10306237838118,0.00124186195026966,0.0173461243755502,0.0140392703703923,"Ccl2/Serpine1/Arg1/Col5a1/Creb3l1/Adora2b/Il6/Prdx5",8
"GO:1903320","regulation of protein modification by small protein conjugation or removal","16/758","228/25730",0.0701754385964912,2.38207656344026,3.65200865787464,0.00126129060643346,0.0175661376878503,0.0142173404862057,"Mycbp2/Ube2d1/Stub1/Svbp/Mad2l2/Otud4/Tspo/Gnl3/Adgrb1/Sphk1/Gbp4/Nmi/Trim21/Parp10/Isg15/Daxx",16
"GO:0051250","negative regulation of lymphocyte activation","14/758","186/25730",0.0752688172043011,2.55496921723835,3.70811511970378,0.00128459324046776,0.0178386683421933,0.01443791607172,"Axl/Sdc4/Zfp35/Fgl2/Gpnmb/Crtam/Zbtb7b/Zc3h12d/Arg1/Lgals3/Mertk/Ywhag/Lgals9/Il2ra",14
"GO:0002371","dendritic cell cytokine production","4/758","17/25730",0.235294117647059,7.98696259506441,5.02060318428631,0.00130918568047357,0.0180229971055397,0.0145871045180629,"Scimp/Tlr3/Bst2/Tlr9",4
"GO:0002730","regulation of dendritic cell cytokine production","4/758","17/25730",0.235294117647059,7.98696259506441,5.02060318428631,0.00130918568047357,0.0180229971055397,0.0145871045180629,"Scimp/Tlr3/Bst2/Tlr9",4
"GO:1904181","positive regulation of membrane depolarization","4/758","17/25730",0.235294117647059,7.98696259506441,5.02060318428631,0.00130918568047357,0.0180229971055397,0.0145871045180629,"P2rx7/Kdr/Tspo/Cacna1d",4
"GO:0097530","granulocyte migration","13/758","166/25730",0.0783132530120482,2.65831134564644,3.73443672073218,0.00132095495944789,0.0181002979166374,0.0146496687522028,"Ccl2/Sell/Ccl12/Ccl7/Slamf8/Csf1/C3ar1/Ccl5/Lgals3/Slamf1/Itga9/Edn1/Cxcr1",13
"GO:0046822","regulation of nucleocytoplasmic transport","12/758","146/25730",0.0821917808219178,2.78996638594716,3.77882233164779,0.00132237889321885,0.0181002979166374,0.0146496687522028,"Ran/Trim28/Pkig/Thoc5/Nsun2/Nup62/Txn1/Chchd4/Mdfic/Hyal2/Gbp4/Il6",12
"GO:0002707","negative regulation of lymphocyte mediated immunity","8/758","73/25730",0.10958904109589,3.71995518126288,4.05452174581476,0.0013593650559872,0.0185533910641454,0.015016384513206,"Il7r/Tap2/Arg1/Slamf1/Nectin4/Ywhag/Lgals9/Serpinb9",8
"GO:0045766","positive regulation of angiogenesis","14/758","188/25730",0.074468085106383,2.5277886936507,3.66297672609604,0.00142212693233892,0.0193547018683277,0.0156649339405634,"Kdr/Serpine1/Grn/Erap1/Cd40/Akt3/Dll1/Tlr3/C3ar1/Ccl5/Lgals3/Sphk1/Notch4/Ecm1",14
"GO:0060339","negative regulation of type I interferon-mediated signaling pathway","5/758","29/25730",0.172413793103448,5.85251569465927,4.55523020999524,0.00144528190299387,0.019600284398006,0.0158636987745835,"Usp18/Oas1g/Oas1a/Isg15/Stat2",5
"GO:0032543","mitochondrial translation","11/758","128/25730",0.0859375,2.91711329155673,3.7882201480139,0.00144837772503582,0.019600284398006,0.0158636987745835,"Mrpl54/Mrpl27/Mrpl30/Mrpl40/Mrpl32/Mrpl34/Mrps34/Lars2/Mrps33/Mrpl36/Rpusd4",11
"GO:0050868","negative regulation of T cell activation","12/758","148/25730",0.0810810810810811,2.75226413748841,3.72462519054547,0.00148610975918214,0.0200540856486245,0.0162309876463752,"Sdc4/Zfp35/Fgl2/Gpnmb/Crtam/Zbtb7b/Zc3h12d/Arg1/Lgals3/Ywhag/Lgals9/Il2ra",12
"GO:0061157","mRNA destabilization","10/758","110/25730",0.0909090909090909,3.08587191172943,3.81956415482195,0.00154060313607495,0.0206429735525682,0.0167076103387025,"Zfp36l2/Polr2g/Zc3h12d/Plekhn1/Caprin1/Pnpt1/Mov10/Dcp2/Mex3d/Tent4a",10
"GO:0000956","nuclear-transcribed mRNA catabolic process","11/758","129/25730",0.0852713178294574,2.89450001022683,3.75820438958725,0.00154225023030137,0.0206429735525682,0.0167076103387025,"Zfp36l2/Apobec1/Polr2g/Caprin1/Nbas/Gtpbp2/Xrn1/Dcp2/Smg7/Magohb/Tent4a",11
"GO:0002717","positive regulation of natural killer cell mediated immunity","6/758","43/25730",0.13953488372093,4.73645456218936,4.27224975368741,0.00154271332599264,0.0206429735525682,0.0167076103387025,"Bid/Lamp1/Crtam/H2-M3/Klrk1/Slamf6",6
"GO:0072593","reactive oxygen species metabolic process","17/758","256/25730",0.06640625,2.25413299802111,3.51345502415469,0.00164175770728017,0.0217310976753943,0.01758829517793,"P2rx7/Dhfr/Cycs/Tusc2/Pdk3/Tspo/Adgrb1/Txn1/Sh3pxd2b/Prdx1/Edn1/Duoxa2/Blvra/Naglu/Prdx5/Trim30a/Nos2",17
"GO:0006450","regulation of translational fidelity","4/758","18/25730",0.222222222222222,7.54324245089417,4.83816559498924,0.00164428483399456,0.0217310976753943,0.01758829517793,"Rps5/Lars2/Aars1/Lars1",4
"GO:0035743","CD4-positive, alpha-beta T cell cytokine production","4/758","18/25730",0.222222222222222,7.54324245089417,4.83816559498924,0.00164428483399456,0.0217310976753943,0.01758829517793,"Arg1/Slamf1/Il6/Rsad2",4
"GO:0061158","3'-UTR-mediated mRNA destabilization","4/758","18/25730",0.222222222222222,7.54324245089417,4.83816559498924,0.00164428483399456,0.0217310976753943,0.01758829517793,"Zfp36l2/Zc3h12d/Plekhn1/Mov10",4
"GO:1901873","regulation of post-translational protein modification","16/758","234/25730",0.0683760683760684,2.32099767719821,3.53666032637166,0.00164920880119526,0.0217310976753943,0.01758829517793,"Mycbp2/Ube2d1/Stub1/Svbp/Mad2l2/Otud4/Tspo/Gnl3/Adgrb1/Sphk1/Gbp4/Nmi/Trim21/Parp10/Isg15/Daxx",16
"GO:1904018","positive regulation of vasculature development","14/758","191/25730",0.0732984293193717,2.48808520631588,3.59634984179388,0.00165132686961861,0.0217310976753943,0.01758829517793,"Kdr/Serpine1/Grn/Erap1/Cd40/Akt3/Dll1/Tlr3/C3ar1/Ccl5/Lgals3/Sphk1/Notch4/Ecm1",14
"GO:0051259","protein complex oligomerization","20/758","325/25730",0.0615384615384615,2.08889790947838,3.44182383711085,0.00168271836862837,0.0220336727198054,0.017833187510295,"P2rx7/Pycard/Chmp2a/Gsdmd/Farsa/Cutc/Pnpt1/Rnf135/B2m/Kctd19/Card11/Fkrp/Evl/Oas1g/Acot13/Oas1a/Cbr4/Mcoln1/Mlkl/Isg15",20
"GO:0010575","positive regulation of vascular endothelial growth factor production","5/758","30/25730",0.166666666666667,5.65743183817062,4.44692665541423,0.00169276907853644,0.0220336727198054,0.017833187510295,"C3ar1/Flt4/Adora2b/Il6/Hpse",5
"GO:0014829","vascular associated smooth muscle contraction","5/758","30/25730",0.166666666666667,5.65743183817062,4.44692665541423,0.00169276907853644,0.0220336727198054,0.017833187510295,"Stub1/Cd38/Edn1/Htr7/Map2k1",5
"GO:0060907","positive regulation of macrophage cytokine production","5/758","30/25730",0.166666666666667,5.65743183817062,4.44692665541423,0.00169276907853644,0.0220336727198054,0.017833187510295,"P2rx7/Pycard/Tlr3/Tlr7/Casp1",5
"GO:0046660","female sex differentiation","13/758","171/25730",0.0760233918128655,2.58058294372695,3.61295714710637,0.00172548198824757,0.0223984441789637,0.0181284191728642,"Kdr/Axl/Bak1/Casp2/Serpine1/Lhfpl2/Fanca/Mmp14/Mmp19/Mertk/Bax/Ptx3/Esr1",13
"GO:0043039","tRNA aminoacylation","6/758","44/25730",0.136363636363636,4.62880786759415,4.19721742093271,0.00174245339472153,0.0225574522129668,0.018257114017436,"Kars1/Farsa/Wars1/Lars2/Aars1/Lars1",6
"GO:0141084","inflammasome-mediated signaling pathway","8/758","76/25730",0.105263157894737,3.57311484516039,3.9138827801739,0.00176564397775926,0.0227958953560973,0.0184501005129723,"P2rx7/Pycard/Gsdmd/Ifi207/Marchf5/Irgm1/Trim30a/Gbp2",8
"GO:0045861","negative regulation of proteolysis","12/758","152/25730",0.0789473684210526,2.6798361338703,3.61888526707486,0.00186387716191101,0.0239993024324768,0.0194240908375631,"Serpine1/Nr1h3/Sco1/Igf2bp2/Stfa3/Snx12/Ecm1/Usp25/Stfa2/Taf9/Csta2/Cstb",12
"GO:0042102","positive regulation of T cell proliferation","10/758","113/25730",0.0884955752212389,3.00394610876316,3.71946536368248,0.0018858591621706,0.0242170677894865,0.0196003415468382,"Pycard/Il12rb1/Ccl5/Slamf1/Card11/Cd1d1/Il6/Pnp/Irgm1/Il2ra",10
"GO:0010934","macrophage cytokine production","6/758","45/25730",0.133333333333333,4.5259454705365,4.12440644267434,0.00196120373706325,0.0246995267087732,0.0199908248077574,"P2rx7/Pycard/Axl/Tlr3/Tlr7/Casp1",6
"GO:0010935","regulation of macrophage cytokine production","6/758","45/25730",0.133333333333333,4.5259454705365,4.12440644267434,0.00196120373706325,0.0246995267087732,0.0199908248077574,"P2rx7/Pycard/Axl/Tlr3/Tlr7/Casp1",6
"GO:0032620","interleukin-17 production","6/758","45/25730",0.133333333333333,4.5259454705365,4.12440644267434,0.00196120373706325,0.0246995267087732,0.0199908248077574,"Tusc2/Zbtb7b/Ly9/Sphk1/Slamf6/Il6",6
"GO:0032660","regulation of interleukin-17 production","6/758","45/25730",0.133333333333333,4.5259454705365,4.12440644267434,0.00196120373706325,0.0246995267087732,0.0199908248077574,"Tusc2/Zbtb7b/Ly9/Sphk1/Slamf6/Il6",6
"GO:0032733","positive regulation of interleukin-10 production","6/758","45/25730",0.133333333333333,4.5259454705365,4.12440644267434,0.00196120373706325,0.0246995267087732,0.0199908248077574,"Pycard/Tusc2/Lgals9/Tlr9/Il6/Isg15",6
"GO:0043038","amino acid activation","6/758","45/25730",0.133333333333333,4.5259454705365,4.12440644267434,0.00196120373706325,0.0246995267087732,0.0199908248077574,"Kars1/Farsa/Wars1/Lars2/Aars1/Lars1",6
"GO:0006809","nitric oxide biosynthetic process","9/758","95/25730",0.0947368421052632,3.21580336064436,3.76960419124855,0.00196197430002602,0.0246995267087732,0.0199908248077574,"Ass1/H2-M3/Tspo/Klrk1/P2rx4/Il6/Ptx3/Esr1/Nos2",9
"GO:0019083","viral transcription","5/758","31/25730",0.161290322580645,5.47493403693931,4.34338938725561,0.00196996434499531,0.0246995267087732,0.0199908248077574,"Usf1/Ifitm3/Mdfic/Trim14/Trim21",5
"GO:0034138","toll-like receptor 3 signaling pathway","5/758","31/25730",0.161290322580645,5.47493403693931,4.34338938725561,0.00196996434499531,0.0246995267087732,0.0199908248077574,"Unc93b1/Scimp/Tlr3/Oas1g/Oas1a",5
"GO:0007040","lysosome organization","10/758","114/25730",0.087719298245614,2.97759570430033,3.68683474443387,0.002013912345893,0.0251186926274958,0.0203300812050708,"P2rx7/Grn/Chmp2a/Lamp1/Rab7b/Chmp1b2/Hexb/Naglu/Mcoln1/Irgm1",10
"GO:0080171","lytic vacuole organization","10/758","114/25730",0.087719298245614,2.97759570430033,3.68683474443387,0.002013912345893,0.0251186926274958,0.0203300812050708,"P2rx7/Grn/Chmp2a/Lamp1/Rab7b/Chmp1b2/Hexb/Naglu/Mcoln1/Irgm1",10
"GO:0032823","regulation of natural killer cell differentiation","4/758","19/25730",0.210526315789474,7.14622969032079,4.6692324562254,0.00203461174782048,0.0251796381330011,0.0203794080985673,"Axl/Lgals9/Il15ra/Flt3l",4
"GO:0034162","toll-like receptor 9 signaling pathway","4/758","19/25730",0.210526315789474,7.14622969032079,4.6692324562254,0.00203461174782048,0.0251796381330011,0.0203794080985673,"Unc93b1/Rab7b/Tlr9/Rsad2",4
"GO:0034392","negative regulation of smooth muscle cell apoptotic process","4/758","19/25730",0.210526315789474,7.14622969032079,4.6692324562254,0.00203461174782048,0.0251796381330011,0.0203794080985673,"Stub1/Edn1/Mapk7/Esr1",4
"GO:0071622","regulation of granulocyte chemotaxis","7/758","61/25730",0.114754098360656,3.89528093775682,3.94430551377377,0.00205379571472916,0.0253513750110109,0.0205184051685032,"Ccl2/Sell/Csf1/C3ar1/Ccl5/Slamf1/Edn1",7
"GO:0042130","negative regulation of T cell proliferation","8/758","78/25730",0.102564102564103,3.48149651579731,3.82401642188234,0.002085885840386,0.0256811254111442,0.0207852921642371,"Sdc4/Gpnmb/Crtam/Zbtb7b/Zc3h12d/Arg1/Lgals9/Il2ra",8
"GO:0050779","RNA destabilization","10/758","115/25730",0.0869565217391304,2.9517035677412,3.65455909794138,0.00214888179553021,0.026388710378529,0.0213579835881003,"Zfp36l2/Polr2g/Zc3h12d/Plekhn1/Caprin1/Pnpt1/Mov10/Dcp2/Mex3d/Tent4a",10
"GO:0002548","monocyte chemotaxis","6/758","46/25730",0.130434782608696,4.42755535161179,4.05369860348027,0.00220009278013536,0.0268395127603999,0.0217228452935555,"Ccl2/Serpine1/Ccl12/Slamf8/Ccl5/Lgals3",6
"GO:0007099","centriole replication","6/758","46/25730",0.130434782608696,4.42755535161179,4.05369860348027,0.00220009278013536,0.0268395127603999,0.0217228452935555,"Kat2b/Chmp2a/Nup62/Wdr62/Cpap/C2cd3",6
"GO:0045580","regulation of T cell differentiation","14/758","197/25730",0.0710659898477157,2.41230596145346,3.46681267679245,0.00220244693365643,0.0268395127603999,0.0217228452935555,"Zfp35/Fgl2/Crtam/Il7r/Zbtb7b/Il27/Fanca/Lgals9/Drosha/Card11/Cd1d1/Il6/Pnp/Il2ra",14
"GO:0061900","glial cell activation","7/758","62/25730",0.112903225806452,3.83245382585752,3.89029075769329,0.00225744098785369,0.0274396834579569,0.0222085998349715,"Grn/Tlr3/Casp1/Sphk1/Tlr9/Naglu/Cst7",7
"GO:0050820","positive regulation of coagulation","5/758","32/25730",0.15625,5.30384234828496,4.24425114494542,0.00227890028374717,0.0274906733723743,0.022249869064868,"Vwf/Serpine1/Enpp4/F7/Hpse",5
"GO:0060402","calcium ion transport into cytosol","5/758","32/25730",0.15625,5.30384234828496,4.24425114494542,0.00227890028374717,0.0274906733723743,0.022249869064868,"P2rx7/Bak1/P2rx4/Asph/Bax",5
"GO:0070233","negative regulation of T cell apoptotic process","5/758","32/25730",0.15625,5.30384234828496,4.24425114494542,0.00227890028374717,0.0274906733723743,0.022249869064868,"Tsc22d3/Il7r/Ccl5/Serpinb9/Pnp",5
"GO:0048284","organelle fusion","14/758","198/25730",0.0707070707070707,2.40012259801178,3.44568550231129,0.00230760398267767,0.0277668116505069,0.0224733645190908,"Stx2/Bak1/Pnpla2/Chmp2a/Snap29/Msto1/Rab7b/Chmp1b2/Slamf1/Sphk1/Vat1/Plekhm2/Bax/Stx3",14
"GO:0009895","negative regulation of catabolic process","23/758","407/25730",0.0565110565110565,1.91824470188586,3.25325009775503,0.00238750658686475,0.0286560778026455,0.023193101543386,"Mycbp2/Fez2/Apobec1/Rnh1/Mad2l2/Nsun2/Htra2/Tspo/Sco1/Adgrb1/Igf2bp2/Nbas/Plxnb2/Snx12/Tent5a/Larp1/Slirp/Usp25/Angel2/Taf9/Npc1/Tent4a/Nos2",23
"GO:0002260","lymphocyte homeostasis","9/758","98/25730",0.0918367346938776,3.11736040062463,3.65877725290188,0.00243142318317588,0.0290372713650779,0.0235016246100132,"P2rx7/Bak1/Tsc22d3/Il7r/Tcirg1/Siva1/Bbs4/Bax/Il2ra",9
"GO:0043489","RNA stabilization","9/758","98/25730",0.0918367346938776,3.11736040062463,3.65877725290188,0.00243142318317588,0.0290372713650779,0.0235016246100132,"Apobec1/Rnh1/Nsun2/Igf2bp2/Plxnb2/Tent5a/Larp1/Angel2/Tent4a",9
"GO:0061014","positive regulation of mRNA catabolic process","10/758","117/25730",0.0854700854700855,2.90124709649776,3.59104347641093,0.0024406444623724,0.0290747097175884,0.0235319257390572,"Zfp36l2/Polr2g/Zc3h12d/Plekhn1/Caprin1/Pnpt1/Mov10/Dcp2/Mex3d/Tent4a",10
"GO:0071806","protein transmembrane transport","8/758","80/25730",0.1,3.39445910290237,3.73704326354562,0.00245010795385522,0.0291148400387224,0.023564405641556,"Fcgr4/Timm17a/Grpel2/Chchd4/Edn1/Bloc1s3/Pex26/Hpse",8
"GO:0050691","regulation of defense response to virus by host","6/758","47/25730",0.127659574468085,4.33335204625835,3.98498443668016,0.00246026724065761,0.0291630188799539,0.0236033996994525,"Pycard/Il12rb1/Il27/Ccl5/Trim6/Il23r",6
"GO:2000641","regulation of early endosome to late endosome transport","4/758","20/25730",0.2,6.78891820580475,4.51212129603736,0.00248453198375723,0.0293777457584363,0.0237771911837944,"Rdx/Dab2/Snx12/Map2k1",4
"GO:2001235","positive regulation of apoptotic signaling pathway","13/758","179/25730",0.0726256983240224,2.46524962780619,3.42731149386164,0.00258226184336303,0.030346086507816,0.0245609280749222,"Pycard/Bid/Casp2/Siglec1/Htra2/Rbck1/Nfatc4/Hyal2/Tnfsf10/Bax/Taf6/Casp8/Daxx",13
"GO:0030200","heparan sulfate proteoglycan catabolic process","3/758","10/25730",0.3,10.1833773087071,5.06041738610083,0.00261724673251417,0.030346086507816,0.0245609280749222,"Gns/Naglu/Hpse",3
"GO:0043174","nucleoside salvage","3/758","10/25730",0.3,10.1833773087071,5.06041738610083,0.00261724673251417,0.030346086507816,0.0245609280749222,"Aprt/Qng1/Pnp",3
"GO:0043615","astrocyte cell migration","3/758","10/25730",0.3,10.1833773087071,5.06041738610083,0.00261724673251417,0.030346086507816,0.0245609280749222,"Ccl2/Mmp14/Hexb",3
"GO:0048050","post-embryonic eye morphogenesis","3/758","10/25730",0.3,10.1833773087071,5.06041738610083,0.00261724673251417,0.030346086507816,0.0245609280749222,"Kdr/Bak1/Bax",3
"GO:0052547","regulation of peptidase activity","3/758","10/25730",0.3,10.1833773087071,5.06041738610083,0.00261724673251417,0.030346086507816,0.0245609280749222,"Grn/Svbp/Ecm1",3
"GO:0071888","macrophage apoptotic process","3/758","10/25730",0.3,10.1833773087071,5.06041738610083,0.00261724673251417,0.030346086507816,0.0245609280749222,"Ccr5/Ccl5/St6gal1",3
"GO:1905651","regulation of artery morphogenesis","3/758","10/25730",0.3,10.1833773087071,5.06041738610083,0.00261724673251417,0.030346086507816,0.0245609280749222,"Akt3/Edn1/Notch4",3
"GO:0022409","positive regulation of cell-cell adhesion","20/758","338/25730",0.0591715976331361,2.00855568219075,3.25184000184087,0.00265135834745383,0.0305798549987191,0.0247501310909281,"Ccl2/Pycard/Il12rb1/Sell/Piezo1/Ccr5/Il7r/Zbtb7b/F11r/Ccl5/Slamf1/Ywhag/Lgals9/B2m/Card11/Cd1d1/Il6/Pnp/Irgm1/Il2ra",20
"GO:1902107","positive regulation of leukocyte differentiation","15/758","223/25730",0.0672645739910314,2.28326845486707,3.35320150369256,0.00265661290024459,0.0305798549987191,0.0247501310909281,"Axl/Tm4sf19/Csf1/Il7r/Zbtb7b/Mmp14/Ccl5/Lgals9/Il15ra/Flt3l/Cd1d1/Il6/Pnp/Casp8/Il2ra",15
"GO:1903708","positive regulation of hemopoiesis","15/758","223/25730",0.0672645739910314,2.28326845486707,3.35320150369256,0.00265661290024459,0.0305798549987191,0.0247501310909281,"Axl/Tm4sf19/Csf1/Il7r/Zbtb7b/Mmp14/Ccl5/Lgals9/Il15ra/Flt3l/Cd1d1/Il6/Pnp/Casp8/Il2ra",15
"GO:1901224","positive regulation of non-canonical NF-kappaB signal transduction","7/758","64/25730",0.109375,3.71268964379947,3.78556227132656,0.00271113711237994,0.0311324566967283,0.0251973851563045,"Pycard/Rbck1/Sphk1/Edn1/Nmi/Ifi35/Trim21",7
"GO:0150076","neuroinflammatory response","9/758","100/25730",0.09,3.05501319261214,3.58723397643732,0.00279099812693205,0.0319726571998907,0.025877410375417,"Grn/Tlr3/Ccl5/Casp1/Cd200r4/Sphk1/Tlr9/Naglu/Cst7",9
"GO:0045453","bone resorption","8/758","82/25730",0.0975609756097561,3.31166741746573,3.65279179480219,0.00286231481161568,0.0327111910408807,0.0264751505995074,"Def8/P2rx7/Ctss/Cd38/Fcgr4/Tcirg1/Tns3/Il6",8
"GO:0045807","positive regulation of endocytosis","14/758","203/25730",0.0689655172413793,2.34100627786371,3.34193757963721,0.0028974752755462,0.0330339842274086,0.0267364067003673,"Ccl2/Pycard/Axl/Serpine1/Dll1/Cd63/Dab2/Fcgr1/Mertk/B2m/Il15ra/Ptx3/Abca13/Syne1",14
"GO:1905144","response to acetylcholine","7/758","65/25730",0.107692307692308,3.65557134158717,3.73476611938864,0.0029626760981339,0.0336969136209182,0.0272729556602652,"Ly6e/Ly6a/Tspo/Ly6c2/Ly6c1/Anxa7/Ly6i",7
"GO:0043254","regulation of protein-containing complex assembly","25/758","464/25730",0.0538793103448276,1.82891115458102,3.13919375320103,0.00298188401655324,0.0337570966070514,0.0273216654005927,"P2rx7/Pycard/Fblim1/Rdx/Bak1/Bid/Stub1/Aida/Piezo1/Dbnl/Wars1/Lgals3/Bbs4/Camsap1/Bax/Evl/Ifi207/Marchf5/Stxbp5/Xaf1/Irgm1/Isg15/Trim30a/Gbp2/Fnip2",25
"GO:2001236","regulation of extrinsic apoptotic signaling pathway","13/758","182/25730",0.0714285714285714,2.42461364493027,3.36026658369683,0.00298210064228087,0.0337570966070514,0.0273216654005927,"Pycard/Bid/Serpine1/Siglec1/Htra2/Rbck1/Lgals3/Dab2/Hyal2/Tnfsf10/Mapk7/Bax/Casp8",13
"GO:0002828","regulation of type 2 immune response","5/758","34/25730",0.147058823529412,4.99185162191526,4.05789196064724,0.00300019256219466,0.0338016978056696,0.0273577638553649,"Zfp35/Arg1/Ecm1/Il6/Rsad2",5
"GO:0070498","interleukin-1-mediated signaling pathway","5/758","34/25730",0.147058823529412,4.99185162191526,4.05789196064724,0.00300019256219466,0.0338016978056696,0.0273577638553649,"Otud4/Gsdmd/Casp1/Il6/Zbp1",5
"GO:0006040","amino sugar metabolic process","6/758","49/25730",0.122448979591837,4.15648053416617,3.8531381741676,0.00304913812423892,0.0341918610786134,0.0276735466526552,"Chil3/Uap1l1/Renbp/Amdhd2/Hexb/St6gal1",6
"GO:0050798","activated T cell proliferation","6/758","49/25730",0.122448979591837,4.15648053416617,3.8531381741676,0.00304913812423892,0.0341918610786134,0.0276735466526552,"Pycard/Il12rb1/Crtam/Arg1/Slamf1/Il2ra",6
"GO:1903008","organelle disassembly","8/758","83/25730",0.0963855421686747,3.27176781002639,3.6116370113857,0.0030877029786234,0.034543225126192,0.0279579268839733,"Pnpla2/Plaat3/Rrp7a/Afg2b/Tpgs1/Gtpbp2/Trim21/Plin2",8
"GO:1903313","positive regulation of mRNA metabolic process","12/758","162/25730",0.0740740740740741,2.51441415029806,3.36878411476368,0.00316187658260344,0.035290384194151,0.0285626480273056,"Zfp36l2/Apobec1/Polr2g/Zc3h12d/Plekhn1/Caprin1/Pnpt1/Mov10/Slirp/Dcp2/Mex3d/Tent4a",12
"GO:0007623","circadian rhythm","16/758","250/25730",0.064,2.17245382585752,3.24552854965128,0.00319865715775234,0.035617681218142,0.0288275493569485,"Prok2/Mycbp2/Gpr157/Ciart/Ass1/Timeless/Cipc/Casp1/Nono/Mttp/Dbp/Htr7/Il6/Naglu/F7/Nos2",16
"GO:0042306","regulation of protein import into nucleus","8/758","84/25730",0.0952380952380952,3.23281819324036,3.57110466790492,0.00332665244183202,0.0368710411012333,0.0298419695172768,"Ran/Trim28/Pkig/Nup62/Mdfic/Hyal2/Gbp4/Il6",8
"GO:1903321","negative regulation of protein modification by small protein conjugation or removal","8/758","84/25730",0.0952380952380952,3.23281819324036,3.57110466790492,0.00332665244183202,0.0368710411012333,0.0298419695172768,"Svbp/Mad2l2/Tspo/Adgrb1/Gbp4/Trim21/Parp10/Isg15",8
"GO:0051452","intracellular pH reduction","6/758","50/25730",0.12,4.07335092348285,3.78982396427116,0.00338020042289271,0.0373778181022187,0.0302521348764253,"Grn/Slamf8/Lamp1/Tcirg1/Atp6v0d2/Clic4",6
"GO:0070664","negative regulation of leukocyte proliferation","9/758","103/25730",0.087378640776699,2.96603222583703,3.4832107600271,0.00340779176723025,0.0375958920832769,0.0304286353738585,"Sdc4/Ccl12/Gpnmb/Crtam/Zbtb7b/Zc3h12d/Arg1/Lgals9/Il2ra",9
"GO:0097529","myeloid leukocyte migration","16/758","252/25730",0.0634920634920635,2.1552121288269,3.21069267277454,0.00345739826870853,0.0380552800221673,0.0308004458912598,"Ccl2/Sell/Serpine1/Ccl12/Ccl7/Slamf8/Csf1/Mmp14/C3ar1/Ccl5/Lgals3/Slamf1/Itga9/Edn1/P2rx4/Cxcr1",16
"GO:0002526","acute inflammatory response","10/758","123/25730",0.0813008130081301,2.75972284788811,3.40829259516912,0.00351078924999241,0.0381329626011505,0.0308633191133008,"Vwf/Ccr5/Fcgr4/Ass1/Ccl5/Saa3/Fcgr1/Saa1/Serpinb9/Il6",10
"GO:0010712","regulation of collagen metabolic process","7/758","67/25730",0.104477611940299,3.54644980900248,3.63611996359428,0.00351893845419938,0.0381329626011505,0.0308633191133008,"Ccl2/Serpine1/Creb3l1/Adora2b/Il6/Fap/Prdx5",7
"GO:0031077","post-embryonic camera-type eye development","3/758","11/25730",0.272727272727273,9.25761573518829,4.7724717444033,0.00352033420705618,0.0381329626011505,0.0308633191133008,"Kdr/Bak1/Bax",3
"GO:0051901","positive regulation of mitochondrial depolarization","3/758","11/25730",0.272727272727273,9.25761573518829,4.7724717444033,0.00352033420705618,0.0381329626011505,0.0308633191133008,"P2rx7/Kdr/Tspo",3
"GO:0061511","centriole elongation","3/758","11/25730",0.272727272727273,9.25761573518829,4.7724717444033,0.00352033420705618,0.0381329626011505,0.0308633191133008,"Chmp2a/Cpap/C2cd3",3
"GO:0070213","protein auto-ADP-ribosylation","3/758","11/25730",0.272727272727273,9.25761573518829,4.7724717444033,0.00352033420705618,0.0381329626011505,0.0308633191133008,"Parp11/Parp12/Parp10",3
"GO:0140639","positive regulation of pyroptotic inflammatory response","3/758","11/25730",0.272727272727273,9.25761573518829,4.7724717444033,0.00352033420705618,0.0381329626011505,0.0308633191133008,"Gbp3/Casp8/Gbp2",3
"GO:0051648","vesicle localization","15/758","230/25730",0.0652173913043478,2.2137776758059,3.22145720580309,0.00355494621829278,0.0384207648977028,0.0310962549649664,"P2rx7/Sdc4/Stxbp3/Chmp2a/Tpgs1/Tcirg1/Mx2/Dpysl2/Bloc1s3/Stard3/Sdc1/Map2k1/Naglu/Hap1/Mreg",15
"GO:0080164","regulation of nitric oxide metabolic process","8/758","85/25730",0.0941176470588235,3.19478503802576,3.53117706635678,0.0035797014022671,0.0386009787779457,0.0312421129868767,"Tmem106a/Ass1/H2-M3/Tspo/Klrk1/Il6/Ptx3/Esr1",8
"GO:0051650","establishment of vesicle localization","14/758","208/25730",0.0673076923076923,2.28473208849198,3.24120335686331,0.00360574896310474,0.0387942855782688,0.031398567902996,"P2rx7/Sdc4/Stxbp3/Chmp2a/Tcirg1/Mx2/Dpysl2/Bloc1s3/Stard3/Sdc1/Map2k1/Naglu/Hap1/Mreg",14
"GO:1902117","positive regulation of organelle assembly","9/758","104/25730",0.0865384615384615,2.93751268520398,3.44937337248842,0.00363559754618905,0.03902752691718,0.031587344262927,"Sdc4/Nup62/Caprin1/Cpap/Bbs4/Gpsm2/Sdc1/Tmem67/Hap1",9
"GO:0008360","regulation of cell shape","11/758","144/25730",0.0763888888888889,2.59298959249487,3.33973786008478,0.00365478149670901,0.0391454959860514,0.0316828237843101,"Ccl2/Fblim1/Kdr/Rdx/Ccl7/Rhou/F11r/Hexb/Anxa7/Plxnb2/Il6",11
"GO:0014074","response to purine-containing compound","12/758","165/25730",0.0727272727272727,2.46869752938355,3.29739390663169,0.00366922254422479,0.0392122507690421,0.0317368524783649,"Ccl2/P2rx7/Sell/Ass1/Tlr7/Mmp19/Hmga1/Casp1/Pnpt1/P2rx4/Asph/Akap6",12
"GO:0032814","regulation of natural killer cell activation","6/758","51/25730",0.117647058823529,3.99348129753221,3.72813797402045,0.003737275577827,0.0397616156687742,0.0321814868066079,"Axl/Slamf7/Lgals9/Il15ra/Bloc1s3/Flt3l",6
"GO:0098534","centriole assembly","6/758","51/25730",0.117647058823529,3.99348129753221,3.72813797402045,0.003737275577827,0.0397616156687742,0.0321814868066079,"Kat2b/Chmp2a/Nup62/Wdr62/Cpap/C2cd3",6
"GO:0040014","regulation of multicellular organism growth","8/758","86/25730",0.0930232558139535,3.15763637479291,3.49183721943978,0.00384739519920493,0.0406216336038584,0.0328775514751544,"Csf1/Htra2/Sh3pxd2b/Bbs4/Socs2/Plac8/Gdf15/Daxx",8
"GO:0097194","execution phase of apoptosis","8/758","86/25730",0.0930232558139535,3.15763637479291,3.49183721943978,0.00384739519920493,0.0406216336038584,0.0328775514751544,"Casp7/Htra2/Bax/Blvra/Ctsd/Il6/Fap/Casp8",8
"GO:0001911","negative regulation of leukocyte mediated cytotoxicity","5/758","36/25730",0.138888888888889,4.71452653180885,3.88560141302186,0.00387309360797303,0.0406216336038584,0.0328775514751544,"Il7r/Tap2/Nectin4/Lgals9/Serpinb9",5
"GO:0036037","CD8-positive, alpha-beta T cell activation","5/758","36/25730",0.138888888888889,4.71452653180885,3.88560141302186,0.00387309360797303,0.0406216336038584,0.0328775514751544,"Clec4a1/Crtam/Zbtb7b/Clec4a3/Clec4a4",5
"GO:0043124","negative regulation of canonical NF-kappaB signal transduction","9/758","105/25730",0.0857142857142857,2.90953637391632,3.4159384844662,0.0038751739423006,0.0406216336038584,0.0328775514751544,"Pycard/Anxa4/1700017B05Rik/Rbck1/Siva1/Azi2/Casp8/Irgm1/Esr1",9
"GO:0050870","positive regulation of T cell activation","16/758","255/25730",0.0627450980392157,2.12985669201718,3.15904454092976,0.00387763552927767,0.0406216336038584,0.0328775514751544,"Ccl2/Pycard/Il12rb1/Il7r/Zbtb7b/Ccl5/Slamf1/Ywhag/Lgals9/B2m/Card11/Cd1d1/Il6/Pnp/Irgm1/Il2ra",16
"GO:1902115","regulation of organelle assembly","16/758","255/25730",0.0627450980392157,2.12985669201718,3.15904454092976,0.00387763552927767,0.0406216336038584,0.0328775514751544,"Kat2b/Rdx/Sdc4/Fez2/Chmp2a/Nup62/Caprin1/Chmp1b2/Dynlt2b/Cpap/Bbs4/Gpsm2/Sdc1/Tmem67/Hap1/Syne1",16
"GO:0045621","positive regulation of lymphocyte differentiation","11/758","146/25730",0.0753424657534247,2.55746918711823,3.28799433963753,0.00405865132765435,0.0424248958253935,0.0343370409454669,"Axl/Il7r/Zbtb7b/Mmp14/Lgals9/Il15ra/Flt3l/Cd1d1/Il6/Pnp/Il2ra",11
"GO:0007009","plasma membrane organization","13/758","189/25730",0.0687830687830688,2.33481313956248,3.20886775973885,0.00411344821239395,0.0425223609355018,0.0344159253696105,"Stx2/Psap/P2rx7/Pacsin1/Casp7/Mafb/Chmp2a/Gsdmd/Chmp1b2/Casp1/Myof/Col5a1/Whamm",13
"GO:0032506","cytokinetic process","6/758","52/25730",0.115384615384615,3.91668358027197,3.66800386379112,0.00412156982582479,0.0425223609355018,0.0344159253696105,"Stx2/Chmp2a/Nup62/Chmp1b2/Mitd1/Alkbh4",6
"GO:0045429","positive regulation of nitric oxide biosynthetic process","6/758","52/25730",0.115384615384615,3.91668358027197,3.66800386379112,0.00412156982582479,0.0425223609355018,0.0344159253696105,"Ass1/H2-M3/Klrk1/Il6/Ptx3/Esr1",6
"GO:0032637","interleukin-8 production","9/758","106/25730",0.0849056603773585,2.88208791755862,3.38289695900488,0.00412692903613632,0.0425223609355018,0.0344159253696105,"Pycard/Serpine1/Anxa4/Tlr3/Tlr7/Hyal2/Tlr9/Il6/Nos2",9
"GO:0032677","regulation of interleukin-8 production","9/758","106/25730",0.0849056603773585,2.88208791755862,3.38289695900488,0.00412692903613632,0.0425223609355018,0.0344159253696105,"Pycard/Serpine1/Anxa4/Tlr3/Tlr7/Hyal2/Tlr9/Il6/Nos2",9
"GO:1902373","negative regulation of mRNA catabolic process","8/758","87/25730",0.0919540229885057,3.12134170381828,3.45306881402362,0.00413028584343162,0.0425223609355018,0.0344159253696105,"Apobec1/Igf2bp2/Nbas/Tent5a/Larp1/Slirp/Angel2/Tent4a",8
"GO:1903036","positive regulation of response to wounding","8/758","87/25730",0.0919540229885057,3.12134170381828,3.45306881402362,0.00413028584343162,0.0425223609355018,0.0344159253696105,"Vwf/Ccl2/Serpine1/Grn/Enpp4/Scarf1/F7/Hpse",8
"GO:0070230","positive regulation of lymphocyte apoptotic process","4/758","23/25730",0.173913043478261,5.90340713548239,4.09878904814462,0.00423413105829263,0.0434977291730407,0.0352053500330704,"P2rx7/Siglec1/Ccl5/Bax",4
"GO:0006641","triglyceride metabolic process","10/758","127/25730",0.078740157480315,2.67280244323022,3.29245978946737,0.00441036195190567,0.0452109421550502,0.0365919571930191,"Pnpla2/Plaat3/Apobec1/Nr1h3/Tmem68/Mttp/Blvra/Slc27a1/Esr1/Lipg",10
"GO:0032757","positive regulation of interleukin-8 production","8/758","88/25730",0.0909090909090909,3.08587191172943,3.4148561768952,0.00442893153727886,0.0453040812710516,0.0366673403277928,"Pycard/Serpine1/Tlr3/Tlr7/Hyal2/Tlr9/Il6/Nos2",8
"GO:1903039","positive regulation of leukocyte cell-cell adhesion","17/758","282/25730",0.0602836879432624,2.04630513295533,3.0780486172967,0.00444040065856945,0.0453243460384321,0.036683741832941,"Ccl2/Pycard/Il12rb1/Sell/Il7r/Zbtb7b/Ccl5/Slamf1/Ywhag/Lgals9/B2m/Card11/Cd1d1/Il6/Pnp/Irgm1/Il2ra",17
"GO:0031396","regulation of protein ubiquitination","13/758","191/25730",0.0680628272251309,2.31036483443617,3.16684175409809,0.0044935790666246,0.0456020336185116,0.036908491231183,"Mycbp2/Ube2d1/Stub1/Svbp/Mad2l2/Tspo/Adgrb1/Sphk1/Gbp4/Nmi/Parp10/Isg15/Daxx",13
"GO:0006940","regulation of smooth muscle contraction","7/758","70/25730",0.1,3.39445910290237,3.49500266225545,0.00449797990308125,0.0456020336185116,0.036908491231183,"Prok2/Stub1/Sphk1/Edn1/Adora2b/Htr7/Map2k1",7
"GO:0031397","negative regulation of protein ubiquitination","7/758","70/25730",0.1,3.39445910290237,3.49500266225545,0.00449797990308125,0.0456020336185116,0.036908491231183,"Svbp/Mad2l2/Tspo/Adgrb1/Gbp4/Parp10/Isg15",7
"GO:0000266","mitochondrial fission","6/758","53/25730",0.113207547169811,3.84278389007816,3.60935029317162,0.00453429481611437,0.0456020336185116,0.036908491231183,"Kdr/Mief2/Inf2/Marchf5/Irgm1/Stat2",6
"GO:0006953","acute-phase response","6/758","53/25730",0.113207547169811,3.84278389007816,3.60935029317162,0.00453429481611437,0.0456020336185116,0.036908491231183,"Ccr5/Ass1/Ccl5/Saa3/Saa1/Il6",6
"GO:0003056","regulation of vascular associated smooth muscle contraction","3/758","12/25730",0.25,8.48614775725594,4.51907776619754,0.00459170570870924,0.0456020336185116,0.036908491231183,"Stub1/Htr7/Map2k1",3
"GO:0032741","positive regulation of interleukin-18 production","3/758","12/25730",0.25,8.48614775725594,4.51907776619754,0.00459170570870924,0.0456020336185116,0.036908491231183,"Gsdmd/Casp1/Tlr9",3
"GO:0032825","positive regulation of natural killer cell differentiation","3/758","12/25730",0.25,8.48614775725594,4.51907776619754,0.00459170570870924,0.0456020336185116,0.036908491231183,"Axl/Il15ra/Flt3l",3
"GO:0035745","T-helper 2 cell cytokine production","3/758","12/25730",0.25,8.48614775725594,4.51907776619754,0.00459170570870924,0.0456020336185116,0.036908491231183,"Arg1/Il6/Rsad2",3
"GO:0043320","natural killer cell degranulation","3/758","12/25730",0.25,8.48614775725594,4.51907776619754,0.00459170570870924,0.0456020336185116,0.036908491231183,"Lamp1/Fcgr4/Lgals9",3
"GO:0071863","regulation of cell proliferation in bone marrow","3/758","12/25730",0.25,8.48614775725594,4.51907776619754,0.00459170570870924,0.0456020336185116,0.036908491231183,"Lgals3/Flt3l/Il6",3
"GO:1902857","positive regulation of non-motile cilium assembly","3/758","12/25730",0.25,8.48614775725594,4.51907776619754,0.00459170570870924,0.0456020336185116,0.036908491231183,"Cpap/Tmem67/Hap1",3
"GO:2000551","regulation of T-helper 2 cell cytokine production","3/758","12/25730",0.25,8.48614775725594,4.51907776619754,0.00459170570870924,0.0456020336185116,0.036908491231183,"Arg1/Il6/Rsad2",3
"GO:0006066","alcohol metabolic process","21/758","380/25730",0.0552631578947368,1.87588529370921,2.9968806260646,0.00464994970822763,0.0460846675439905,0.0372991161352262,"Aldh1b1/Pnpla2/Dhfr/Akr1a1/Asah2/Ppip5k2/Npc2/Itpk1/Naaa/Dab2/Myof/Ch25h/Sphk1/Mttp/Soat1/Fkrp/Gdpd1/Fdft1/Saa1/Cbr4/Npc1",21
"GO:0070534","protein K63-linked ubiquitination","8/758","89/25730",0.0898876404494382,3.05119919362011,3.37718424261479,0.00474389618237289,0.046821471204949,0.0378954560196947,"Stub1/Rnf135/Trim30c/Marchf5/Trim21/Parp10/Trim30a/Trim30d",8
"GO:1901874","negative regulation of post-translational protein modification","8/758","89/25730",0.0898876404494382,3.05119919362011,3.37718424261479,0.00474389618237289,0.046821471204949,0.0378954560196947,"Svbp/Mad2l2/Tspo/Adgrb1/Gbp4/Trim21/Parp10/Isg15",8
"GO:0010038","response to metal ion","21/758","381/25730",0.0551181102362205,1.87096171026115,2.98401174393772,0.00478943826151651,0.0471734980933286,0.0381803727282695,"P2rx7/Ggh/Apobec1/Gphn/Gatm/Ass1/Tcirg1/Tspo/Rasa4/Edn1/Nfatc4/B2m/Anxa7/Mttp/P2rx4/Asph/Tlr9/Clic4/Mcoln1/Npc1/Daxx",21
"GO:0006308","DNA catabolic process","5/758","38/25730",0.131578947368421,4.46639355645049,3.72554748801053,0.0049140017230867,0.0479989948055564,0.0388484972777032,"Dnase1l1/Bax/Blvra/Il6/Isg20",5
"GO:0034121","regulation of toll-like receptor signaling pathway","5/758","38/25730",0.131578947368421,4.46639355645049,3.72554748801053,0.0049140017230867,0.0479989948055564,0.0388484972777032,"Otud4/Irf7/Smpdl3b/Esr1/Trim30a",5
"GO:0060416","response to growth hormone","5/758","38/25730",0.131578947368421,4.46639355645049,3.72554748801053,0.0049140017230867,0.0479989948055564,0.0388484972777032,"Ass1/Pnpt1/Socs2/Gdf15/F7",5
"GO:1902410","mitotic cytokinetic process","5/758","38/25730",0.131578947368421,4.46639355645049,3.72554748801053,0.0049140017230867,0.0479989948055564,0.0388484972777032,"Stx2/Chmp2a/Nup62/Chmp1b2/Mitd1",5
"GO:1904064","positive regulation of cation transmembrane transport","10/758","129/25730",0.0775193798449612,2.63136364566076,3.2362090161199,0.00492348910502881,0.0479989948055564,0.0388484972777032,"P2rx7/Bak1/Ctss/P2rx4/Asph/Cacna1d/Bax/Akap6/Wnk2/Hap1",10
"GO:0000963","mitochondrial RNA processing","4/758","24/25730",0.166666666666667,5.65743183817062,3.97698790424417,0.00496412431724544,0.0480032831244564,0.0388519680742436,"Pnpt1/Slirp/Rpusd4/Angel2",4
"GO:0046596","regulation of viral entry into host cell","4/758","24/25730",0.166666666666667,5.65743183817062,3.97698790424417,0.00496412431724544,0.0480032831244564,0.0388519680742436,"Ch25h/Trim30c/Trim30a/Trim30d",4
"GO:0061952","midbody abscission","4/758","24/25730",0.166666666666667,5.65743183817062,3.97698790424417,0.00496412431724544,0.0480032831244564,0.0388519680742436,"Stx2/Chmp2a/Chmp1b2/Mitd1",4
"GO:0090141","positive regulation of mitochondrial fission","4/758","24/25730",0.166666666666667,5.65743183817062,3.97698790424417,0.00496412431724544,0.0480032831244564,0.0388519680742436,"Kdr/Mief2/Marchf5/Irgm1",4
"GO:2000514","regulation of CD4-positive, alpha-beta T cell activation","8/758","90/25730",0.0888888888888889,3.01729698035767,3.34003852333025,0.00507574887604478,0.0489835401633655,0.0396453495411217,"Zfp35/Zbtb7b/Il27/Lgals9/Card11/Il6/Irgm1/Il2ra",8
