"","logFC","logCPM","F","PValue","FDR","GeneSymbol"
"ENSMUSG00000023959",4.66849029286258,5.09392138922917,246.307641296771,2.41493405797208e-08,0.000210234337129224,"Clic5"
"ENSMUSG00000029428",2.33859362727593,4.21175240873881,224.602835673925,3.75183969178593e-08,0.000210234337129224,"Stx2"
"ENSMUSG00000000708",2.05843183225991,4.65079549231369,205.635438265664,5.7153346089368e-08,0.000213505849874515,"Kat2b"
"ENSMUSG00000040298",3.14499029938031,1.8729847875994,182.708459526056,1.0170178694743e-07,0.000232377337359529,"Btbd16"
"ENSMUSG00000034854",1.9587488651105,4.24048683040661,179.107397261836,1.10119569832012e-07,0.000232377337359529,"Mfsd12"
"ENSMUSG00000004207",1.96080052831964,9.86976049615527,173.240448174682,1.2887320996214e-07,0.000232377337359529,"Psap"
"ENSMUSG00000027219",1.75722005763928,5.51226359366528,163.231668190186,1.70652080955529e-07,0.000232377337359529,"Slc28a2"
"ENSMUSG00000001930",1.79373294874657,4.50471968450015,161.647714207675,1.78710077234384e-07,0.000232377337359529,"Vwf"
"ENSMUSG00000064147",-2.40720045604626,7.9428690517736,160.160873379586,1.86615154478073e-07,0.000232377337359529,"Rab44"
"ENSMUSG00000060445",-1.65122797003588,6.12546112470584,154.489254387335,2.21090492104266e-07,0.000247776114501251,"Sycp2"
"ENSMUSG00000012848",1.79788855188288,5.33756337669968,146.488888971741,2.83717883749888e-07,0.000289056938471364,"Rps5"
"ENSMUSG00000001482",1.74758998415791,5.57279764682241,138.211428581265,3.72375425899406e-07,0.000332966495923423,"Def8"
"ENSMUSG00000035385",3.32745724522243,2.97168247045426,137.232019025118,3.86237570001294e-07,0.000332966495923423,"Ccl2"
"ENSMUSG00000002728",2.25244336996964,3.36039238568252,132.535664533703,4.53108790178094e-07,0.000357033636637745,"Naa20"
"ENSMUSG00000017405",-1.95105562247202,4.52552217476256,131.011958034646,4.77871379456248e-07,0.000357033636637745,"Nek8"
"ENSMUSG00000021143",1.564557443054,4.97172175841184,126.935472585091,5.53369293585868e-07,0.000364728852885499,"Pacs2"
"ENSMUSG00000048327",-1.55014773680472,5.37368103563801,125.207562558432,5.89697736396358e-07,0.000364728852885499,"Ckap2l"
"ENSMUSG00000094796",4.08438568131175,1.11802776356939,126.295784247592,6.21869427465852e-07,0.000364728852885499,"Tcstv4"
"ENSMUSG00000028341",-1.82784985707902,9.48555984591704,122.914166884505,6.42444475803884e-07,0.000364728852885499,"Nr4a3"
"ENSMUSG00000005575",1.73106208869,5.94525920208131,122.176045677061,6.60617687418729e-07,0.000364728852885499,"Ube2m"
"ENSMUSG00000022747",-1.35126429271884,7.00599321251074,121.282763588243,6.83439449504371e-07,0.000364728852885499,"St3gal6"
"ENSMUSG00000044703",4.7556521373342,2.01912982785885,119.950570074063,7.83981095315067e-07,0.000390195280951231,"Phf11a"
"ENSMUSG00000029468",2.68163330154335,2.26154672849461,117.295457031214,8.00793384659437e-07,0.000390195280951231,"P2rx7"
"ENSMUSG00000002603",-1.79203947906083,7.9085144803102,113.800259713029,9.1703621708191e-07,0.000428217703534874,"Tgfb1"
"ENSMUSG00000079427",-1.47788971213308,6.32459515905797,110.93625052804,1.03117210916939e-06,0.000457486353521626,"Mthfsl"
"ENSMUSG00000035561",1.93700507926567,2.27340351586531,110.285672755607,1.06135854301439e-06,0.000457486353521626,"Aldh1b1"
"ENSMUSG00000071369",-2.43557309248148,6.56687620180595,109.327974792835,1.10274551967591e-06,0.000457721075518814,"Map3k5"
"ENSMUSG00000019302",-2.20809265996976,6.5642292916435,106.947857451178,1.21994535933903e-06,0.000471445780762499,"Atp6v0a1"
"ENSMUSG00000020573",-1.72898746804743,5.37682196598468,103.297967241783,1.43017832794413e-06,0.000485474117391931,"Pik3cg"
"ENSMUSG00000047067",3.42677315629001,1.60704024076623,102.269017058071,1.53893418224777e-06,0.000485474117391931,"Dusp28"
"ENSMUSG00000031245",-2.26886347738151,5.16642182767546,100.87325814416,1.59410220060915e-06,0.000485474117391931,"Hmgn5"
"ENSMUSG00000021123",-1.73140552668325,7.40038498933187,99.6933017200829,1.68197321452053e-06,0.000485474117391931,"Rdh12"
"ENSMUSG00000030793",2.12382508279178,4.0509392070945,99.5533767676195,1.69313117405391e-06,0.000485474117391931,"Pycard"
"ENSMUSG00000070953",1.93859935552008,3.08455786337274,99.0082162104094,1.73688384176623e-06,0.000485474117391931,"Rabepk"
"ENSMUSG00000038679",-1.42988029662805,6.32123852285732,98.9865745417867,1.7374079387308e-06,0.000485474117391931,"Trps1"
"ENSMUSG00000070476",-1.44881020969089,5.80170119398358,98.9334820568559,1.74166272129621e-06,0.000485474117391931,"Fam217b"
"ENSMUSG00000029722",2.06775853543224,2.68315183739776,98.2614227988894,1.79872600376479e-06,0.000485474117391931,"Agfg2"
"ENSMUSG00000063236",1.92900499231069,3.0230122505515,98.2379024533195,1.79981435460225e-06,0.000485474117391931,"1110038F14Rik"
"ENSMUSG00000025743",2.96728524820153,5.20047021612446,97.593202507225,1.85359796320633e-06,0.000485474117391931,"Sdc3"
"ENSMUSG00000005533",-1.86112145385,7.54898500283394,97.3516748676983,1.87428270705845e-06,0.000485474117391931,"Igf1r"
"ENSMUSG00000039747",-1.47402727949638,7.19670460948403,96.991859062373,1.90612456492798e-06,0.000485474117391931,"Orai2"
"ENSMUSG00000026112",1.16602187604221,4.98585358904787,96.5676423113944,1.94451643731128e-06,0.000485474117391931,"Coa5"
"ENSMUSG00000062210",-1.32790174906809,6.27019711312229,96.4788593257046,1.95265528977829e-06,0.000485474117391931,"Tnfaip8"
"ENSMUSG00000021461",-1.98414342132118,1.92553034268475,95.4909688805439,2.05153942817994e-06,0.000485474117391931,"Fancc"
"ENSMUSG00000117679",-1.6456880218522,5.56957046910258,95.397316546129,2.05530730904936e-06,0.000485474117391931,"Apbb3"
"ENSMUSG00000006219",3.24385416490677,1.16880574194723,96.0207024749751,2.08082055860366e-06,0.000485474117391931,"Fblim1"
"ENSMUSG00000041571",2.23402804217455,3.86484340801951,93.9553413803874,2.20323288882592e-06,0.000485474117391931,"Selenow"
"ENSMUSG00000022377",-2.13049242281901,6.47741974692882,93.8966575967138,2.20867957811171e-06,0.000485474117391931,"Asap1"
"ENSMUSG00000062380",2.23699260139358,1.56186671611416,93.9635183278304,2.21410049454622e-06,0.000485474117391931,"Tubb3"
"ENSMUSG00000052713",-1.38116596847462,5.87962304843098,93.2990713202406,2.27356287941834e-06,0.000485474117391931,"Zfp608"
"ENSMUSG00000069769",1.49395640643469,4.02176326773752,92.7073999612008,2.34047913251345e-06,0.000485474117391931,"Msi2"
"ENSMUSG00000102759",-2.50015270311353,1.65931083149565,92.7238209218709,2.35314704070245e-06,0.000485474117391931,"Gm10463"
"ENSMUSG00000023186",2.34338676205006,3.6099347793422,92.0832256556043,2.41377960502667e-06,0.000485474117391931,"Vwa5a"
"ENSMUSG00000062960",2.31736682511568,2.04190598664157,91.2276901882238,2.52481462474117e-06,0.000485474117391931,"Kdr"
"ENSMUSG00000002602",2.07146498130982,4.42885562897307,90.7286856337383,2.58058139508427e-06,0.000485474117391931,"Axl"
"ENSMUSG00000039782",-1.44541326745485,7.96479463447227,90.6356615426133,2.59213012204038e-06,0.000485474117391931,"Cpeb2"
"ENSMUSG00000040430",-1.21117049966758,4.40838913578788,89.999237387515,2.67606654629329e-06,0.000485474117391931,"Pitpnc1"
"ENSMUSG00000003437",-1.26933882675521,6.19965401481412,89.9780702902248,2.67887680435171e-06,0.000485474117391931,"Paf1"
"ENSMUSG00000020024",-1.39472423292285,6.09540756663009,89.9043201737676,2.68882215361038e-06,0.000485474117391931,"Cep83"
"ENSMUSG00000074417",-1.28495896128211,6.00482438730695,89.6090275569856,2.72908623143497e-06,0.000485474117391931,"Pira11"
"ENSMUSG00000022587",1.74117111642104,8.53039624216318,88.7047455865818,2.85696752869611e-06,0.000495411992411161,"Ly6e"
"ENSMUSG00000022415",2.06354744756351,2.63191452261865,88.6125650463854,2.87382504750208e-06,0.000495411992411161,"Syngr1"
"ENSMUSG00000053063",-2.03060816247615,4.57293396566657,88.2962609356548,2.91756861775111e-06,0.000495411992411161,"Clec12a"
"ENSMUSG00000053040",-1.57352379074729,5.11463424730864,87.8435306591369,2.98553320228011e-06,0.000498041620735407,"Aph1c"
"ENSMUSG00000058298",1.58855922812118,3.77058473393098,87.6112246035842,3.02193541625838e-06,0.000498041620735407,"Mcm9"
"ENSMUSG00000097415",1.92079638618982,4.12031261137986,87.1013487080365,3.10245442474099e-06,0.000503901546928584,"AU020206"
"ENSMUSG00000105096",4.51399517630658,0.843877132123526,85.3277863081278,3.16293127501554e-06,0.000506114463127047,"Gbp10"
"ENSMUSG00000030069",2.10921174960491,4.7376293611898,86.4659508267114,3.20640018577856e-06,0.000506114463127047,"Prok2"
"ENSMUSG00000009292",-1.72676316109111,8.3332169600083,85.325729370494,3.40321118238533e-06,0.000516570022301632,"Trpm2"
"ENSMUSG00000041831",-2.70419702766474,3.162461692651,85.0935203288581,3.44859529164807e-06,0.000516570022301632,"Sytl3"
"ENSMUSG00000041538",-2.25062665157815,3.15841118558661,85.0552186900101,3.45449266942288e-06,0.000516570022301632,"H2-Ob"
"ENSMUSG00000032468",1.37838588418099,4.31166761483462,85.0315021709266,3.45701362296978e-06,0.000516570022301632,"Armc8"
"ENSMUSG00000029430",1.72588072315527,4.63041562719545,84.34353645302,3.58552657058044e-06,0.000519110293145502,"Ran"
"ENSMUSG00000033721",-1.21369247197485,5.63303519935942,84.1115754485968,3.62960505608694e-06,0.000519110293145502,"Vav3"
"ENSMUSG00000036452",-1.27750317243922,6.38806885887189,84.0152388502108,3.64832473725171e-06,0.000519110293145502,"Arhgap26"
"ENSMUSG00000025521",1.85167657073445,3.1093463392557,83.7346891964439,3.70561465616491e-06,0.000519110293145502,"Tmem192"
"ENSMUSG00000061414",-1.22669916786171,3.50233850292685,82.7502334303356,3.9060313035202e-06,0.00053374647952881,"Cracr2a"
"ENSMUSG00000006589",1.52548887304998,4.12895807883827,82.3376001837756,3.99444914857243e-06,0.00053374647952881,"Aprt"
"ENSMUSG00000019978",-1.19952419123322,7.40443760175429,82.306381462068,4.00059822257697e-06,0.00053374647952881,"Epb41l2"
"ENSMUSG00000025383",-2.14833544643273,7.34500656511352,81.671349372102,4.14183420983326e-06,0.000536742254088895,"Il23a"
"ENSMUSG00000039158",-1.90035871171435,8.1542729803171,81.5774620214201,4.16321828488016e-06,0.000536742254088895,"Akna"
"ENSMUSG00000048537",-2.23103005278229,3.29273005344959,81.1605770720601,4.26244633194151e-06,0.000536742254088895,"Phldb1"
"ENSMUSG00000021182",-1.28332329361004,6.66299263089247,81.1489851909604,4.26251990844219e-06,0.000536742254088895,"Ccdc88c"
"ENSMUSG00000035392",1.42578443269482,3.87988883518225,80.5988932730893,4.3949410305654e-06,0.000547267823661627,"Dennd1a"
"ENSMUSG00000019990",-1.31875151159893,4.98504014387043,79.6070367656468,4.64425339953983e-06,0.000568303183058644,"Pde7b"
"ENSMUSG00000032050",1.20498416681977,4.86752742449991,78.9636653850699,4.81558894632443e-06,0.000580304358295246,"Rdx"
"ENSMUSG00000032652",-1.93346018867845,5.39112251614737,78.7162863681147,4.88347843672455e-06,0.000582224923833745,"Crebl2"
"ENSMUSG00000033124",-1.75609070866368,5.60345064117622,78.2986950592725,5.00070153303817e-06,0.000589924864007987,"Atg9a"
"ENSMUSG00000057789",2.05482733946401,5.94124110945658,77.7957757382387,5.14640869583427e-06,0.000596847406471835,"Bak1"
"ENSMUSG00000001416",1.535095718922,3.71459972149582,77.7328390430728,5.16589617451307e-06,0.000596847406471835,"Cct3"
"ENSMUSG00000069170",-1.66063567263682,2.92416647640395,77.0444590834075,5.37758067594647e-06,0.000608752996316486,"Adgrv1"
"ENSMUSG00000034189",1.24730457785803,4.5185859363879,75.6757609594808,5.81964817698595e-06,0.00064575046652952,"Hsdl1"
"ENSMUSG00000033107",-1.78707882039942,4.75942189187512,75.1009136055458,6.02011080086099e-06,0.000661444919071069,"Rnf125"
"ENSMUSG00000033004",1.25029258224883,7.16289161576014,74.2899092745023,6.3171313062058e-06,0.00068253585641326,"Mycbp2"
"ENSMUSG00000045817",1.53115110417015,6.97143512298035,74.245578383026,6.33387428098323e-06,0.00068253585641326,"Zfp36l2"
"ENSMUSG00000091649",4.82114514724401,4.86906985641305,73.9085932965219,6.47115888271744e-06,0.000690688358082042,"Phf11b"
"ENSMUSG00000033499",-1.22444120032112,8.80184948465968,72.8632216801618,6.88371720663581e-06,0.000716886115784764,"Larp4b"
"ENSMUSG00000023927",-2.37250403148684,4.77405457054323,72.7277018375199,6.94168213000919e-06,0.000716886115784764,"Satb1"
"ENSMUSG00000055435",2.51275996144128,3.87454696923419,72.7162769538436,6.94785790915504e-06,0.000716886115784764,"Maf"
"ENSMUSG00000025509",1.16347235300913,7.30936712847184,72.652521902613,6.97248029093774e-06,0.000716886115784764,"Pnpla2"
"ENSMUSG00000038831",-2.09910185028875,4.06765271477753,72.1700149818304,7.1822074871609e-06,0.00072890046921121,"Ralgps1"
"ENSMUSG00000044562",-1.58257029730321,4.80567957375727,72.0830740152374,7.21941216047509e-06,0.00072890046921121,"Rasip1"
"ENSMUSG00000031813",1.8247487807032,3.68470651081402,71.6566949285396,7.41310172797101e-06,0.000741773491655099,"Mvb12a"
"ENSMUSG00000036908",1.63983291160998,7.45071856705502,71.3540533017429,7.55088553352613e-06,0.000748874107736525,"Unc93b1"
"ENSMUSG00000017009",1.61859517995372,6.71430439995752,71.1095264668464,7.66617144512003e-06,0.000748886664314288,"Sdc4"
"ENSMUSG00000029775",-1.38441412221789,5.97464109005042,70.9314156576611,7.75148149018091e-06,0.000748886664314288,"Klhdc10"
"ENSMUSG00000073987",1.11569231765228,4.25766767276487,69.6686953843103,8.39069901652604e-06,0.00080371422118126,"Ggh"
"ENSMUSG00000025491",-1.08027303632759,7.88891878086776,69.3158378087907,8.57969150617842e-06,0.000814852565336793,"Ifitm1"
"ENSMUSG00000031709",1.73789299526546,4.47939045276487,68.9607689620901,8.77694962518558e-06,0.000826582138230712,"Tbc1d9"
"ENSMUSG00000025489",-1.4576299921948,2.76626669822079,68.6771698264444,8.94227795699551e-06,0.000835086677812963,"Ifitm5"
"ENSMUSG00000040247",-2.39959681701508,1.31883741353249,68.6487151825242,9.0236705954567e-06,0.000835086677812963,"Tbc1d10c"
"ENSMUSG00000050002",1.75032245877535,4.34077247634454,68.4118333409737,9.09079813448572e-06,0.000835086677812963,"Idnk"
"ENSMUSG00000043286",-2.663871807446,3.39507367008552,67.9836633123701,9.34949973898419e-06,0.000844487893157317,"Pnpla1"
"ENSMUSG00000061143",-1.74754247740095,2.65039793680679,67.8382142616777,9.43907256430797e-06,0.000844487893157317,"Maml3"
"ENSMUSG00000056531",-1.68243656528917,1.74812313970861,67.8584497674313,9.4399402356615e-06,0.000844487893157317,"Ccdc18"
"ENSMUSG00000005683",-1.30355397966727,6.64446519618708,67.7069258237768,9.51243812196651e-06,0.000844487893157317,"Cs"
"ENSMUSG00000056121",1.51284304772526,3.49378453177714,67.6172132358182,9.56990831007221e-06,0.000844487893157317,"Fez2"
"ENSMUSG00000021986",-1.98537703368867,4.48766103996656,67.1351483830386,9.87434074189224e-06,0.000864544817924894,"Amer2"
"ENSMUSG00000027858",-1.4853903596736,2.00205110787997,66.941367218829,1.00120646324933e-05,0.000869807816560875,"Tspan2"
"ENSMUSG00000047875",1.74515830917223,3.47222462871592,66.5317526445537,1.02744752409151e-05,0.000885738800191809,"Gpr157"
"ENSMUSG00000029560",1.40931401737544,4.5367583945244,65.9057684377404,1.07053929013635e-05,0.000896227943873791,"Snx8"
"ENSMUSG00000031609",1.14398430738698,4.66943417481182,65.8149029969681,1.07701514239297e-05,0.000896227943873791,"Sap30"
"ENSMUSG00000037999",-2.28897955364691,4.87006373431922,65.7799860317203,1.07965506391028e-05,0.000896227943873791,"Arap2"
"ENSMUSG00000043740",1.10065435767763,7.04753415139549,65.4506340600355,1.10346206383196e-05,0.000896227943873791,"Trem6l"
"ENSMUSG00000029338",-1.11660369762184,8.67644890112407,65.2694090295514,1.11691402675965e-05,0.000896227943873791,"Antxr2"
"ENSMUSG00000032122",1.84395699413394,3.11415490628527,65.2182556589441,1.12129191359819e-05,0.000896227943873791,"Slc37a2"
"ENSMUSG00000021866",-1.25164344583343,8.36524078450358,65.2081920788777,1.12150261519443e-05,0.000896227943873791,"Anxa11"
"ENSMUSG00000028525",-1.34458525998104,9.38850091312721,65.1847818151874,1.12326329131589e-05,0.000896227943873791,"Pde4b"
"ENSMUSG00000006585",1.72648995980634,3.64891222490492,65.1289912261297,1.12772972365984e-05,0.000896227943873791,"Cdt1"
"ENSMUSG00000090958",-2.5539759283168,2.24935139120511,65.0965227268782,1.13273247491279e-05,0.000896227943873791,"Lrrc32"
"ENSMUSG00000000791",3.814433248859,1.38181774422559,65.7741020834733,1.13555482415989e-05,0.000896227943873791,"Il12rb1"
"ENSMUSG00000049037",1.94905642870919,3.92914381024027,64.9156830097681,1.14392960381669e-05,0.000896227943873791,"Clec4a1"
"ENSMUSG00000027882",1.83298582397025,7.567210671513,64.6934118992366,1.16099822240508e-05,0.000896227943873791,"Stxbp3"
"ENSMUSG00000034377",-1.25080912240259,4.87501993965422,64.488103780523,1.1772221772138e-05,0.000896227943873791,"Tulp4"
"ENSMUSG00000041926",1.60942832901993,4.68658670392898,64.4711976337825,1.17857566921472e-05,0.000896227943873791,"Rnpep"
"ENSMUSG00000021707",2.57187493957628,2.45039392922489,64.4887837936678,1.1795137171402e-05,0.000896227943873791,"Dhfr"
"ENSMUSG00000062939",-2.63719075163809,3.17232063482275,64.4411079953256,1.18188120522786e-05,0.000896227943873791,"Stat4"
"ENSMUSG00000030126",-1.25007830387472,6.46335447204808,64.4086830990805,1.183561485619e-05,0.000896227943873791,"Tmcc1"
"ENSMUSG00000028337",1.44068149117201,4.23263488831911,64.2177726093001,1.19914570807376e-05,0.000901233466865671,"Coro2a"
"ENSMUSG00000020085",2.00496616891576,3.4373755926872,64.1335455104138,1.20625519791069e-05,0.000901233466865671,"Aifm2"
"ENSMUSG00000000732",-1.51226581242317,7.32281508911948,64.021478124905,1.21509558980668e-05,0.000901826243375061,"Icosl"
"ENSMUSG00000044165",2.66610532053099,3.14452746842572,63.3480828804466,1.27344540915423e-05,0.000933421214426612,"Bcl2l15"
"ENSMUSG00000101517",-1.98226805878873,3.57985433379513,63.3302052941862,1.27432359960089e-05,0.000933421214426612,"Gm33377"
"ENSMUSG00000038642",2.06917793859275,8.8043433011376,63.110687351431,1.29334117164595e-05,0.000941199643547801,"Ctss"
"ENSMUSG00000061455",-1.37973838867373,4.56474543834375,62.9899708441979,1.30417453318169e-05,0.000942960257636591,"Stx17"
"ENSMUSG00000040723",-1.52443246486985,7.58764467679394,62.5586618490496,1.34371552796023e-05,0.000950753391944449,"Rcsd1"
"ENSMUSG00000052336",-1.73993937067955,1.77977866589837,62.5155698392095,1.35054827284097e-05,0.000950753391944449,"Cx3cr1"
"ENSMUSG00000026470",-1.09536177582203,7.15979122990799,62.2271038357058,1.37510511929842e-05,0.000950753391944449,"Stx6"
"ENSMUSG00000022760",1.24729462131269,2.29587418098342,62.215321688925,1.37726081860683e-05,0.000950753391944449,"Thap7"
"ENSMUSG00000078144",-1.26334123472284,4.77683763629584,62.1758482044769,1.3800456897809e-05,0.000950753391944449,"Capns2"
"ENSMUSG00000063281",1.62717641692692,2.28952668884521,62.0796999626557,1.39071277136863e-05,0.000950753391944449,"Zfp35"
"ENSMUSG00000024544",-1.73845039289345,2.0510548724619,61.9508010418244,1.40391131178369e-05,0.000950753391944449,"Ldlrad4"
"ENSMUSG00000005148",-1.14983799384389,4.01379015819547,61.8880846190858,1.40830298341493e-05,0.000950753391944449,"Klf5"
"ENSMUSG00000034160",-1.19660287055428,6.28989028160231,61.81306963008,1.41554989217669e-05,0.000950753391944449,"Ogt"
"ENSMUSG00000004446",1.25419877468459,4.94901826772197,61.8120260711738,1.41566063955568e-05,0.000950753391944449,"Bid"
"ENSMUSG00000030747",-1.21408378145855,7.87274146018855,61.8009331727276,1.41675574600449e-05,0.000950753391944449,"Dgat2"
"ENSMUSG00000060538",1.46567845248448,3.93315820076425,61.047876652631,1.49433269384779e-05,0.00099684443452096,"Tmem219"
"ENSMUSG00000002064",-1.24176324362056,4.00053963518572,60.8408314741933,1.51647890902185e-05,0.00100148255388186,"Sdf2"
"ENSMUSG00000029863",1.35882676764711,3.05710020781636,60.7937568798974,1.52191996901342e-05,0.00100148255388186,"Casp2"
"ENSMUSG00000040276",2.75311947741101,0.165621101595942,61.6174143919379,1.52809419749975e-05,0.00100148255388186,"Pacsin1"
"ENSMUSG00000005566",1.33111115791284,4.3341420808372,60.6108525002214,1.54154441412365e-05,0.00100442373541185,"Trim28"
"ENSMUSG00000039899",1.44863667328263,8.8290199134759,60.3048129640183,1.57549212550737e-05,0.00100894515717492,"Fgl2"
"ENSMUSG00000028692",1.54422748981874,5.67498313152965,60.1871074852379,1.58886910739763e-05,0.00101173045946621,"Akr1a1"
"ENSMUSG00000019189",-1.09846507794918,6.57772606693573,60.0736747888615,1.60188234092983e-05,0.00101425397710738,"Rnf145"
"ENSMUSG00000055013",-1.03894539535461,5.48417152499659,59.7909153324898,1.63489426392017e-05,0.00102934045032322,"Agap1"
"ENSMUSG00000025314",-1.07766004192369,8.68367240711442,59.6105544038042,1.65637288755334e-05,0.00103703748328549,"Ptprj"
"ENSMUSG00000066442",-1.08994469247671,5.91743121192547,59.2862215619838,1.69586515721341e-05,0.00104613301153594,"Mthfs"
"ENSMUSG00000026483",-1.71358065923894,5.95628353460624,59.1183034214355,1.71675602067267e-05,0.00104613301153594,"Niban1"
"ENSMUSG00000028163",-1.23416404082515,9.59587955586589,59.1044796115027,1.7184860068407e-05,0.00104613301153594,"Nfkb1"
"ENSMUSG00000030137",2.54198999167569,6.15869925070041,59.0334010053346,1.72743877400781e-05,0.00104613301153594,"Tuba8"
"ENSMUSG00000060675",2.39787631630933,2.80506939643747,59.0362079326778,1.72887872378109e-05,0.00104613301153594,"Plaat3"
"ENSMUSG00000030533",-1.63313581027234,5.96173653733447,58.8016553717624,1.75699540087021e-05,0.00104983641277222,"Unc45a"
"ENSMUSG00000031862",1.08268887744772,4.1693031301797,58.7713236758117,1.76112470421323e-05,0.00104983641277222,"Atp13a1"
"ENSMUSG00000028037",3.5280842287799,1.85673665147378,58.6025880442579,1.80994643162626e-05,0.00106358338874083,"Ifi44"
"ENSMUSG00000030789",-1.24054089299864,5.59497629047797,58.1899801157461,1.83798498912242e-05,0.00107282800901536,"Itgax"
"ENSMUSG00000031145",-1.45164206095369,3.55546033210579,58.1187927927447,1.84797898224892e-05,0.00107307256238672,"Prickle3"
"ENSMUSG00000059734",1.17103999772592,2.74949700313517,57.9512644214012,1.87161082430672e-05,0.00107564833374387,"Ndufs8"
"ENSMUSG00000030084",1.7401379421352,4.56521036980813,57.56526452528,1.92560747308732e-05,0.0010929208044219,"Plxna1"
"ENSMUSG00000098557",-1.54749425107429,8.34286136435767,57.5267485896843,1.93092102503379e-05,0.0010929208044219,"Kctd12"
"ENSMUSG00000021998",-1.08786730512832,10.5162426791669,57.4479573834408,1.94233340443099e-05,0.00109385580218382,"Lcp1"
"ENSMUSG00000057133",-1.80374895255045,4.34350328331479,57.1873059189937,1.98092303200791e-05,0.00110040477921329,"Chd6"
"ENSMUSG00000075289",-3.25256482634608,2.75608921016054,57.2020383203063,1.9834189827883e-05,0.00110040477921329,"Carns1"
"ENSMUSG00000021494",1.18458550292066,3.57313798451149,56.9580797100388,2.0154247273876e-05,0.00110852820261427,"Ddx41"
"ENSMUSG00000035268",2.27534399369915,5.10856560045268,56.6985657261414,2.05522109189191e-05,0.00111746732252604,"Pkig"
"ENSMUSG00000115816",-1.6290164272357,3.35365128382309,56.6838446635587,2.05789412844471e-05,0.00111746732252604,"Gm34589"
"ENSMUSG00000029804",1.41396096178453,3.05637662648166,56.5975184014052,2.07149120403064e-05,0.00111746732252604,"Herc3"
"ENSMUSG00000009376",-1.09512586193955,4.38211180250326,56.5142170330731,2.08397136082755e-05,0.00111746732252604,"Met"
"ENSMUSG00000026581",1.31872430243817,8.99317385304009,56.4467226310282,2.09465881559439e-05,0.00111784958792221,"Sell"
"ENSMUSG00000020220",-1.18635214937676,7.67572839456866,56.3704655457698,2.10683848826207e-05,0.00111902080274659,"Vps13d"
"ENSMUSG00000038024",1.26825301832756,4.33954918681428,56.1873014300827,2.136640034384e-05,0.00112949645591233,"Dennd4c"
"ENSMUSG00000040613",1.18361245523819,6.79257712837488,56.0905976364471,2.1522738167001e-05,0.00113241937388535,"Apobec1"
"ENSMUSG00000054715",3.76481465151668,0.0624402229308678,54.7084190399221,2.16284884983829e-05,0.00113266575047373,"Zscan22"
"ENSMUSG00000024679",3.09035213205602,4.37185802930261,55.8233799156752,2.19739416641449e-05,0.00114475177625228,"Ms4a6d"
"ENSMUSG00000033082",-1.61855588476474,3.32383548400764,55.7701695992765,2.20635659561427e-05,0.00114475177625228,"Clec1a"
"ENSMUSG00000018040",1.14439520159912,3.25299752137058,55.357141321819,2.27746523001605e-05,0.00117620059137281,"Rrp7a"
"ENSMUSG00000024670",-2.3005978820638,0.773557953418387,55.4145564998696,2.30215900277408e-05,0.00118026953929157,"Cd6"
"ENSMUSG00000048701",1.70646214551473,3.52051119816322,55.1889713899027,2.30747849717111e-05,0.00118026953929157,"Ccdc6"
"ENSMUSG00000037411",2.44455032430015,3.00158040395696,55.1421604476207,2.31693850846922e-05,0.00118026953929157,"Serpine1"
"ENSMUSG00000047767",-1.38665951162078,5.51944378748156,54.9184747377403,2.35583579891323e-05,0.00118833743401838,"Atg16l2"
"ENSMUSG00000035469",1.86452063215803,0.544126358988464,55.0440315579974,2.36458684559738e-05,0.00118833743401838,"Rcbtb1"
"ENSMUSG00000029254",-1.91992620448701,4.10976418142429,54.6756970020473,2.40116354885406e-05,0.00119982943628618,"Stap1"
"ENSMUSG00000017386",-2.38365752014891,4.53324754680688,54.6089631251706,2.4137106265028e-05,0.00119982943628618,"Traf4"
"ENSMUSG00000025076",2.2280429877764,5.06475548126944,54.4096489479957,2.45157364804135e-05,0.00119982943628618,"Casp7"
"ENSMUSG00000032640",-2.33800307119659,4.67831987957036,54.4034179929432,2.45286086388125e-05,0.00119982943628618,"Chsy1"
"ENSMUSG00000021596",-1.06347505206282,5.11224489183754,54.3725430540854,2.45850927221345e-05,0.00119982943628618,"Mctp1"
"ENSMUSG00000026670",-1.30343209285736,4.395641065218,54.3497091270247,2.46293948955964e-05,0.00119982943628618,"Uap1"
"ENSMUSG00000074805",-1.33747464913927,6.2642846864516,54.2905166627101,2.47438951218717e-05,0.00119982943628618,"Il1bos"
"ENSMUSG00000031666",-1.74244808445927,4.69269945944778,54.2578501089279,2.48090596734759e-05,0.00119982943628618,"Rbl2"
"ENSMUSG00000034932",1.41632825121216,2.52459273791775,54.2502754165615,2.48380859479249e-05,0.00119982943628618,"Mrpl54"
"ENSMUSG00000000386",2.81346173360477,5.86570514329327,54.0996077156368,2.51186131113264e-05,0.00120604547866567,"Mx1"
"ENSMUSG00000002108",2.09132795509404,3.33805777567373,54.0315618378819,2.52633505049463e-05,0.00120604547866567,"Nr1h3"
"ENSMUSG00000035901",-1.14223575863502,6.98956026218102,53.9724322036437,2.53717338965126e-05,0.00120604547866567,"Dennd5a"
"ENSMUSG00000034416",1.69243779258707,2.50062803860792,53.9613668433572,2.54129246137335e-05,0.00120604547866567,"Pkd1l2"
"ENSMUSG00000019986",-1.05163850652114,4.9203928654501,53.7817251941085,2.57574582182154e-05,0.00120604547866567,"Ahi1"
"ENSMUSG00000097028",-1.87522490932221,1.19734322801194,53.8319531734968,2.57738917806206e-05,0.00120604547866567,"Ptgs2os"
"ENSMUSG00000063450",-1.50549161400988,4.69849922318699,53.6263984200755,2.60768575590232e-05,0.00120604547866567,"Syne2"
"ENSMUSG00000052331",-1.15566872380634,7.40520717300354,53.6082088908726,2.61143253099471e-05,0.00120604547866567,"Ankrd44"
"ENSMUSG00000015027",1.31391558403921,3.3861337460827,53.5926808779863,2.61505354970785e-05,0.00120604547866567,"Galns"
"ENSMUSG00000029994",1.82439841514563,4.02196214292623,53.295056704115,2.67773547760118e-05,0.00122487271418271,"Anxa4"
"ENSMUSG00000024414",1.57377238807954,1.90475360574609,53.1137470927713,2.720394952704e-05,0.00123889375611515,"Mrpl27"
"ENSMUSG00000035352",3.23047419471975,1.77574438539444,53.1782941288639,2.73049663389348e-05,0.00123889375611515,"Ccl12"
"ENSMUSG00000019927",1.34552915253512,3.64622561438631,52.9316305350813,2.75680834551414e-05,0.00124578835194262,"Ube2d1"
"ENSMUSG00000024921",-2.3939055556411,5.29933942752121,52.8411043426952,2.77658354614454e-05,0.00124968561452377,"Smarca2"
"ENSMUSG00000034708",2.14372473803178,7.84634131637401,52.7276999863876,2.80202033510193e-05,0.00125108533448157,"Grn"
"ENSMUSG00000039735",-1.7948251677277,5.42149441167471,52.3976697167955,2.87774598324945e-05,0.00127195813240733,"Fnbp1l"
"ENSMUSG00000009112",-1.02045279099043,4.45337553312109,52.3759910056299,2.88281757501082e-05,0.00127195813240733,"Bcl2l13"
"ENSMUSG00000039062",2.86932499902689,3.57457666634746,52.2996873817795,2.90225204153974e-05,0.00127551131880533,"Anpep"
"ENSMUSG00000039615",1.01522096431927,3.62729907825983,51.6719029628224,3.0534544526533e-05,0.00133152000197998,"Stub1"
"ENSMUSG00000024769",-2.76237933989369,7.4708622476075,51.5824257270948,3.07555887107806e-05,0.00133596078558806,"Cdc42bpg"
"ENSMUSG00000030528",-1.42540473207015,4.8089849070873,51.2518212048807,3.16043472855974e-05,0.00136202366874774,"Blm"
"ENSMUSG00000013846",-1.10187740267464,8.14391615577592,51.1396521406619,3.18984015654414e-05,0.00136202366874774,"St3gal1"
"ENSMUSG00000025246",-1.09053094557076,3.7465487107012,51.1210771731877,3.19514061824914e-05,0.00136202366874774,"Tbl1x"
"ENSMUSG00000024675",3.4291948818103,4.74865074605941,51.0724553558167,3.20847906263409e-05,0.00136202366874774,"Ms4a4c"
"ENSMUSG00000100865",-1.05225083217426,4.29353269319473,50.9904496762111,3.2295301269483e-05,0.00136345902673824,"Gm9320"
"ENSMUSG00000062421",1.11853829659124,6.34222773633745,50.9654759140901,3.23619256814822e-05,0.00136345902673824,"Arf2"
"ENSMUSG00000059119",-1.06736192644649,5.76105617493252,50.664821879936,3.31812192065264e-05,0.00138238633326224,"Nap1l4"
"ENSMUSG00000025059",-1.17179958430152,7.11072197128387,50.5220767929816,3.35788688592484e-05,0.00138862872068486,"Gk"
"ENSMUSG00000035373",4.08965825109154,1.29913934516402,51.067564920344,3.39129477964119e-05,0.00139670195275314,"Ccl7"
"ENSMUSG00000079293",-1.09801297060748,8.18363995915644,50.3649202289554,3.40233455074156e-05,0.00139670195275314,"Clec7a"
"ENSMUSG00000026765",-1.67563492370869,1.88911089320826,50.2928519730245,3.42803352085049e-05,0.00140211575431283,"Lypd6b"
"ENSMUSG00000006782",1.60685740048369,2.17992556543264,50.1919722905977,3.4553792314565e-05,0.00140404686432724,"Cnp"
"ENSMUSG00000074622",1.52441256113597,2.58948292835679,50.1789263430363,3.45794749104966e-05,0.00140404686432724,"Mafb"
"ENSMUSG00000029135",-1.19675287193112,9.92157142295957,50.1291861499877,3.4703398002913e-05,0.00140404686432724,"Fosl2"
"ENSMUSG00000038650",1.57973167305465,7.56867195838839,50.027501909461,3.50017818791652e-05,0.00140555583847478,"Rnh1"
"ENSMUSG00000106847",-1.66021046844095,3.87255861323695,49.990070757734,3.51169478694512e-05,0.00140555583847478,"Peg13"
"ENSMUSG00000053510",-1.0178532953316,6.63049350177755,49.938144357299,3.52665449390205e-05,0.00140558756339689,"Nrdc"
"ENSMUSG00000042901",2.27993813106572,4.51203658873011,49.9053733254133,3.53685815006622e-05,0.00140558756339689,"Aida"
"ENSMUSG00000046157",2.74919188419779,5.05494130526803,49.7975494975699,3.56921950456751e-05,0.00140901030779049,"Tmem229b"
"ENSMUSG00000033916",1.45923843568766,6.30068441897876,49.7915419369398,3.57061593122601e-05,0.00140901030779049,"Chmp2a"
"ENSMUSG00000029534",-1.08030129590183,4.04981849823582,49.7434955850666,3.5855693447262e-05,0.0014099465139069,"St7"
"ENSMUSG00000038692",1.67038677533492,1.89311341585379,49.6265994350318,3.62632788345097e-05,0.00141603681497683,"Hoxb4"
"ENSMUSG00000053931",1.97999155296921,2.11329310925536,49.3081368210783,3.7255989229053e-05,0.00144482757968217,"Cnn3"
"ENSMUSG00000111752",-1.30602740691209,2.04495940305992,49.3013162388172,3.72584251385871e-05,0.00144482757968217,"Gm38575"
"ENSMUSG00000036943",-1.09893178362765,10.3231560503906,49.2234448511542,3.74730082841934e-05,0.00144577719247948,"Rab8b"
"ENSMUSG00000113035",-1.60971246260538,3.25721357268879,49.1599540005803,3.768673032633e-05,0.00144577719247948,"5830428M24Rik"
"ENSMUSG00000021156",-1.19453325378312,6.05189125753694,49.1296633640964,3.77747337136797e-05,0.00144577719247948,"Zmynd11"
"ENSMUSG00000048621",-1.28168780712524,4.44877393506343,49.1174772915663,3.78144909993708e-05,0.00144577719247948,"Gm6377"
"ENSMUSG00000024429",-1.02382510214861,6.96527908733434,49.0823712780283,3.79279463361264e-05,0.00144577719247948,"Gnl1"
"ENSMUSG00000022237",-1.13269440994717,7.86736255620563,48.9905660126977,3.82275558967947e-05,0.00145089289129483,"Ankrd33b"
"ENSMUSG00000015605",-1.0818297104754,3.62755939117421,48.9092347594342,3.85001468292019e-05,0.00145089289129483,"Srf"
"ENSMUSG00000026482",1.96735213248698,3.96711131050679,48.8852356180837,3.85800019278895e-05,0.00145089289129483,"Rgl1"
"ENSMUSG00000039987",-1.23517033554334,2.10082456391649,48.7091340976303,3.91936791391103e-05,0.00146182703912781,"Phtf2"
"ENSMUSG00000027188",3.12708875849696,0.752231528521814,49.1796966716791,3.92620628872554e-05,0.00146182703912781,"Pamr1"
"ENSMUSG00000113409",-1.57932637517157,2.97248060723493,48.1209179614054,4.1226382844782e-05,0.00152483192257911,"Gm8288"
"ENSMUSG00000071068",1.26388301396341,7.16689503156653,48.0140584511819,4.15972634878803e-05,0.00152689502505604,"Treml2"
"ENSMUSG00000068566",-3.36834403602119,5.8957815896804,47.9184996529348,4.19503530990155e-05,0.00153139285726601,"Myadm"
"ENSMUSG00000032554",-1.48253143404021,6.04757232530438,47.5979134737377,4.31411783498006e-05,0.00156467050409779,"Trf"
"ENSMUSG00000023328",-1.36862214298214,1.80583022707187,47.3514221508175,4.41434546497633e-05,0.00158811020833757,"Ache"
"ENSMUSG00000038550",1.45655752520447,3.03925751364389,46.8954259592382,4.59198800880772e-05,0.00163703072432324,"Ciart"
"ENSMUSG00000036499",-1.1863315365865,8.07666702440158,46.8821404465365,4.59609214892233e-05,0.00163703072432324,"Eea1"
"ENSMUSG00000022861",-1.60803924401206,4.64763175446877,46.8695951140129,4.60127311646132e-05,0.00163703072432324,"Dgkg"
"ENSMUSG00000020935",1.46530497419509,2.34671760357335,46.7789706502963,4.64167369130814e-05,0.0016370562464657,"Dcakd"
"ENSMUSG00000021583",2.81232063906691,5.90064779517173,46.7630329419797,4.64516718458188e-05,0.0016370562464657,"Erap1"
"ENSMUSG00000029705",-1.05340307762108,8.10589641959971,46.6888117519547,4.67601910851008e-05,0.00164276320216528,"Cux1"
"ENSMUSG00000009681",-2.4226611903577,4.35630220530957,46.6458337287243,4.69461141044746e-05,0.00164414093990265,"Bcr"
"ENSMUSG00000032487",-1.36916920812215,9.05007674403692,46.4595799072701,4.77296438883686e-05,0.00166637420266962,"Ptgs2"
"ENSMUSG00000058881",-1.15352166634069,6.33298926896444,46.3901509571837,4.80280519667547e-05,0.00167158502606031,"Zfp516"
"ENSMUSG00000032204",-1.0269667293053,4.37405609280807,46.1702381867647,4.89884617808687e-05,0.00168951338446953,"Aqp9"
"ENSMUSG00000032135",-2.15278927426333,2.72370143839598,46.0751525442543,4.9447701446061e-05,0.00168951338446953,"Mcam"
"ENSMUSG00000019857",1.53258443102267,2.03559739848048,45.9211041796172,5.01540289403565e-05,0.00170395654879213,"Asf1a"
"ENSMUSG00000020785",1.2127911966767,4.7929022666221,45.8811046963588,5.0285827502693e-05,0.00170395654879213,"Camkk1"
"ENSMUSG00000079625",2.65417081623597,1.82558231710214,45.9155234429184,5.03265474837329e-05,0.00170395654879213,"Tm4sf19"
"ENSMUSG00000053318",3.10319161340018,1.26495513389703,46.0119438750829,5.06311174846142e-05,0.00170910522183756,"Slamf8"
"ENSMUSG00000070604",-1.14698276619061,3.53025604238793,45.7531928982941,5.08790070746957e-05,0.00171231541227062,"Vsig10l"
"ENSMUSG00000021987",-1.0177566949856,7.48446280258913,45.7065787660715,5.10887424289474e-05,0.00171422615688986,"Mtmr6"
"ENSMUSG00000044317",-1.46885389503731,1.44887013521621,45.558872440586,5.18857061291299e-05,0.00173577047340048,"Gpr4"
"ENSMUSG00000070305",-1.85520513520079,3.81839895922248,45.4301888089615,5.23993368898178e-05,0.0017477362158458,"Mpzl3"
"ENSMUSG00000020496",1.20206188986453,3.33741594370673,45.2793558698243,5.3128027301764e-05,0.00176261083577348,"Rnf187"
"ENSMUSG00000025477",-1.06586300589031,6.95334400140078,45.2713557293838,5.3159852100601e-05,0.00176261083577348,"Inpp5a"
"ENSMUSG00000029084",1.84635844676676,5.80395556993336,45.1771061941336,5.36216786618656e-05,0.00176744426582885,"Cd38"
"ENSMUSG00000031447",1.5239279190061,7.77019867172858,45.1452391674188,5.37787538723688e-05,0.00176744426582885,"Lamp1"
"ENSMUSG00000057135",1.77771928450682,2.25007112342194,45.0608131993652,5.42492083879369e-05,0.00176923099434724,"Scimp"
"ENSMUSG00000028643",1.72126745330762,3.28334419193545,45.041744807862,5.43067245521059e-05,0.00176923099434724,"Svbp"
"ENSMUSG00000022957",-1.39758584132671,4.90281561048108,44.9877166648074,5.45642869088016e-05,0.00177246945909258,"Itsn1"
"ENSMUSG00000029816",4.00527296348812,6.36865085090299,44.7668585361769,5.56941517383826e-05,0.00179842406736728,"Gpnmb"
"ENSMUSG00000022960",-1.1447305818726,3.65021162200985,44.7636337414782,5.57114252861485e-05,0.00179842406736728,"Donson"
"ENSMUSG00000029003",1.79245490402255,1.36992418827668,44.7541137460973,5.5919128541749e-05,0.00179842406736728,"Mad2l2"
"ENSMUSG00000022280",-1.08856495052801,7.30951097851051,44.6448785061213,5.63211699616993e-05,0.00179842406736728,"Rnf19a"
"ENSMUSG00000039960",1.34407023918535,5.59749999619853,44.6220198100026,5.64408358446287e-05,0.00179842406736728,"Rhou"
"ENSMUSG00000026657",1.62073129735108,3.03241075257446,44.6208429808374,5.64621188412953e-05,0.00179842406736728,"Frmd4a"
"ENSMUSG00000020859",-1.24746063537893,8.89764602645104,44.6132647181594,5.64865951381532e-05,0.00179842406736728,"Spag9"
"ENSMUSG00000002052",-1.03890233668549,7.78632779650082,44.491392729116,5.71298353949642e-05,0.00181375089312001,"Supt6"
"ENSMUSG00000033083",-3.47178588204864,4.14864113698833,44.3545177565161,5.78894128666785e-05,0.00182751169013202,"Tbc1d4"
"ENSMUSG00000040809",2.45796375351169,8.21160014426524,44.3116445089648,5.80946892352726e-05,0.00182876790883223,"Chil3"
"ENSMUSG00000064145",-1.05915421108681,7.49126636934181,44.2796047897949,5.8268718671939e-05,0.00182876790883223,"Arih2"
"ENSMUSG00000041229",-1.19622316646186,5.84484409022452,44.2281049341745,5.85498352478621e-05,0.00182876790883223,"Phf8"
"ENSMUSG00000029009",1.42072331558217,3.46302887558915,44.223646764379,5.85819290863541e-05,0.00182876790883223,"Mthfr"
"ENSMUSG00000028796",1.58506551939746,6.18381214557724,44.0102106201252,5.97571165954392e-05,0.00182981015095384,"Phc2"
"ENSMUSG00000027430",-3.55533710910009,1.74746222444467,44.1713816656657,5.97619056962305e-05,0.00182981015095384,"Dtd1"
"ENSMUSG00000024887",1.92284298543308,2.63781021377538,43.9995076431035,5.9857491203712e-05,0.00182981015095384,"Asah2"
"ENSMUSG00000068246",3.3157748216979,0.873684502039827,44.37039306464,6.02388339077555e-05,0.00182981015095384,"Apol9b"
"ENSMUSG00000021990",-1.11022454552013,10.0291582650298,43.9041843176719,6.03553236729009e-05,0.00182981015095384,"Spata13"
"ENSMUSG00000031133",1.03466461690679,4.64539582647236,43.8940988343677,6.04129695174012e-05,0.00182981015095384,"Arhgef6"
"ENSMUSG00000031948",1.23169263015054,3.32895364265344,43.8738259975225,6.05360149589901e-05,0.00182981015095384,"Kars1"
"ENSMUSG00000023971",1.30747778060657,2.03051934668094,43.8745894991142,6.05746021240184e-05,0.00182981015095384,"Rrp36"
"ENSMUSG00000029384",-1.35965364448255,2.54915304420528,43.8204416899519,6.08655319979047e-05,0.0018301919560013,"2010109A12Rik"
"ENSMUSG00000056592",-2.48941993720406,2.47087260285713,43.7887994322807,6.10974121441873e-05,0.0018301919560013,"Zfp175"
"ENSMUSG00000048307",-1.07051251140644,4.19638381694783,43.7196465217804,6.14173205382493e-05,0.0018301919560013,"Ankrd46"
"ENSMUSG00000070284",1.15122363534356,3.53744485642992,43.7019975246737,6.15236620412684e-05,0.0018301919560013,"Gmppb"
"ENSMUSG00000024236",-1.83258824178374,7.82351138843104,43.6791445813728,6.16491858911129e-05,0.0018301919560013,"Svil"
"ENSMUSG00000020634",-1.04642407922468,6.06242530537373,43.6082429482594,6.20637615638156e-05,0.0018301919560013,"Ubxn2a"
"ENSMUSG00000024525",-1.44001202324466,2.8374457012959,43.6100966493756,6.20774328384913e-05,0.0018301919560013,"Impa2"
"ENSMUSG00000062604",-1.04687036140757,6.15944268001393,43.5867961478953,6.21898051193108e-05,0.0018301919560013,"Srpk2"
"ENSMUSG00000041695",-2.52163477039423,6.87566658785516,43.581615647777,6.22203208027569e-05,0.0018301919560013,"Kcnj2"
"ENSMUSG00000002250",-1.09423942563828,6.66454214925148,43.5389774890488,6.24719387425069e-05,0.00183216686871949,"Ppard"
"ENSMUSG00000118663",1.47816550101617,3.39862235215744,43.5022766583182,6.27021150305007e-05,0.00183216686871949,"Afg2b"
"ENSMUSG00000063694",1.75393712964606,5.6124648825656,43.473781196831,6.28592683493979e-05,0.00183216686871949,"Cycs"
"ENSMUSG00000006281",1.37707539934088,3.04695176499933,43.4412210520593,6.30718578492651e-05,0.00183216686871949,"Tep1"
"ENSMUSG00000070730",2.51275466686421,4.63391092987541,43.4338416131728,6.31048818886162e-05,0.00183216686871949,"Rmdn3"
"ENSMUSG00000032174",-1.43305956855114,2.55384085489108,43.3635521451826,6.35545396909988e-05,0.0018404540731706,"Icam5"
"ENSMUSG00000006850",-1.00940144167172,5.24056141617207,43.2698111409167,6.40893134609378e-05,0.00184930903892337,"Tmco6"
"ENSMUSG00000021027",-1.23365274025257,5.70905205646307,43.2371007587418,6.42891953727959e-05,0.00184930903892337,"Ralgapa1"
"ENSMUSG00000028159",-1.2379991030787,7.02229715867379,43.1537268387487,6.48021417114458e-05,0.00184930903892337,"Dapp1"
"ENSMUSG00000037095",-1.31028436542021,7.3793077967014,43.1525743812304,6.48092618544263e-05,0.00184930903892337,"Lrg1"
"ENSMUSG00000035967",-1.00013295312689,5.67806644451866,43.1128786093025,6.50553627689674e-05,0.00185044530596908,"Ints6l"
"ENSMUSG00000035671",-1.10428383640863,8.04614974729288,42.9380264269868,6.61524120049864e-05,0.00187103017349901,"Zswim4"
"ENSMUSG00000097754",-1.63934895251676,3.13773767000038,42.9205398378362,6.62799124546362e-05,0.00187103017349901,"Ptgs2os2"
"ENSMUSG00000040018",1.99570063859425,3.53292097471324,42.8645174821126,6.66360578282962e-05,0.00187513849961048,"Cox15"
"ENSMUSG00000055817",-1.69063959116852,4.91370946588202,42.8069876473697,6.69896814824022e-05,0.0018768834009332,"Mta3"
"ENSMUSG00000015355",1.82668117382218,2.06002641229946,42.7133162217968,6.76759358814299e-05,0.00188442082938405,"Cd48"
"ENSMUSG00000032570",-2.12454011530115,5.59218973800888,42.688357718018,6.77580700393944e-05,0.00188442082938405,"Atp2c1"
"ENSMUSG00000023169",-1.34489890024725,7.30579010509532,42.6828363833918,6.77938345060226e-05,0.00188442082938405,"Slc38a1"
"ENSMUSG00000026641",1.49652606900063,6.1249297476941,42.6618124165534,6.79312942867097e-05,0.00188442082938405,"Usf1"
"ENSMUSG00000040648",1.33912874614297,4.38022381366165,42.5455184485049,6.8702580394573e-05,0.00189450874092795,"Ppip5k2"
"ENSMUSG00000020585",1.10879925158239,6.84256736416518,42.5297373399336,6.88020931165947e-05,0.00189450874092795,"Laptm4a"
"ENSMUSG00000050600",-1.34972584469498,3.58178687031998,42.3525357155544,7.00000212738755e-05,0.0019180690425827,"Zfp831"
"ENSMUSG00000092305",-2.22631942035063,0.698565389090037,42.4003714076876,7.05960718270832e-05,0.00192733667019717,"Prps1l1"
"ENSMUSG00000028232",1.49799952706158,3.44109810015171,42.2285581761653,7.0852431865048e-05,0.00192733667019717,"Tmem68"
"ENSMUSG00000027068",-1.26610152542014,6.16509872072972,42.2263084226122,7.08541722246126e-05,0.00192733667019717,"Dhrs9"
"ENSMUSG00000032035",-1.06487098942469,4.15707141685655,41.9793668213522,7.25857732114446e-05,0.00195039685783957,"Ets1"
"ENSMUSG00000037997",1.98728701856508,4.30789834641372,41.949214604199,7.28005028115594e-05,0.00195039685783957,"Parp11"
"ENSMUSG00000039427",1.35656076221576,1.90784000826203,41.9566037697013,7.28155847288405e-05,0.00195039685783957,"Alg1"
"ENSMUSG00000093973",-1.11984799095862,4.11108326254749,41.8593492022109,7.34422659059783e-05,0.00195039685783957,"Mrgpra2a"
"ENSMUSG00000014444",1.09848673160907,5.59509376033301,41.7723013954874,7.40637602661478e-05,0.00196225191797333,"Piezo1"
"ENSMUSG00000037410",-1.29203580901813,6.53428260858469,41.7241159956268,7.44144732525373e-05,0.00196301841238987,"Tbc1d2b"
"ENSMUSG00000041440",-1.26649864421559,1.52826161619269,41.7197134623454,7.45554543987776e-05,0.00196301841238987,"Gk5"
"ENSMUSG00000005087",-1.01575426710878,11.0141833667159,41.6729144898867,7.47893800876661e-05,0.00196301841238987,"Cd44"
"ENSMUSG00000066894",-1.712374932509,2.49838744449598,41.6787482954531,7.47933311404011e-05,0.00196301841238987,"Vsig10"
"ENSMUSG00000039865",2.9453657970969,0.59154375153595,42.0323751000173,7.50584619272424e-05,0.00196537425892198,"Slc44a3"
"ENSMUSG00000024451",-1.02133985680833,5.8545624799366,41.5448496838912,7.57372527825998e-05,0.00197852538912493,"Arap3"
"ENSMUSG00000022803",-2.20251711733889,0.550749984427882,41.492136381432,7.73876325367668e-05,0.00200759999499895,"Popdc2"
"ENSMUSG00000066406",-1.08663247444075,8.8715803822477,41.2664672980203,7.78477211983868e-05,0.00201022905868738,"Akap13"
"ENSMUSG00000104900",-1.39118169166709,2.93680788486185,41.178795283316,7.85531777035196e-05,0.00202378267246746,"4930596I21Rik"
"ENSMUSG00000022973",-1.34283768722241,7.11238512433705,41.1295789843878,7.89114501778133e-05,0.00202835005078613,"Synj1"
"ENSMUSG00000028327",2.45412987031419,0.569159810785418,41.3193511157568,7.92163383890916e-05,0.0020315274698548,"Stra6l"
"ENSMUSG00000048787",-1.04952109644943,4.95156439857251,41.0624000431384,7.94401384980858e-05,0.00203261559851152,"Dcun1d3"
"ENSMUSG00000052889",-1.60065556870727,5.36351966109392,40.9638436616218,8.02230376116144e-05,0.0020403943255148,"Prkcb"
"ENSMUSG00000001911",1.7033717379401,3.28579759376246,40.9647096684916,8.0234527055507e-05,0.0020403943255148,"Nfix"
"ENSMUSG00000010307",1.69804654965442,3.72722435793729,40.8214059019738,8.13805681435806e-05,0.00205490589344342,"Tmem86a"
"ENSMUSG00000005364",2.07843663946961,1.52042950683577,40.7596390383243,8.21212290119535e-05,0.00205490589344342,"Il5ra"
"ENSMUSG00000048763",2.13096898803339,0.526556767192934,40.8811945751927,8.21807097833925e-05,0.00205490589344342,"Hoxb3"
"ENSMUSG00000038156",2.2069536239306,2.9390536056939,40.6311681015027,8.29762880502544e-05,0.00206647835595378,"Spon1"
"ENSMUSG00000021495",-1.31566684919446,4.56651078824397,40.5574790892885,8.35511589956474e-05,0.00207618146089628,"Fam193b"
"ENSMUSG00000027322",2.20902735484703,4.07919855287698,40.3851014201595,8.50223575057937e-05,0.00210341183348218,"Siglec1"
"ENSMUSG00000054648",-1.16845208076686,6.02049773231002,40.3118083387029,8.56429311075986e-05,0.00211033248297686,"Zfp869"
"ENSMUSG00000040943",-1.06570556823755,9.75245907194894,40.2793228858712,8.59242171125988e-05,0.00211173837978266,"Tet2"
"ENSMUSG00000017652",1.57130195143981,3.94752013808193,40.251699654435,8.61735844502979e-05,0.00211323273727459,"Cd40"
"ENSMUSG00000101304",-1.69794692368748,1.49099213184413,40.1975178055279,8.68198233971352e-05,0.00211980340046121,"Plet1os"
"ENSMUSG00000017639",-3.4514082572795,4.06899613935816,40.1463633638143,8.71265145068694e-05,0.00212266706104019,"Rab11fip4"
"ENSMUSG00000024590",-1.25642335845418,10.4493608466831,40.0555418641607,8.78929094670896e-05,0.00212742603680821,"Lmnb1"
"ENSMUSG00000019823",-1.103741894815,6.5007024136694,39.8912554677987,8.93728118961856e-05,0.00215398086649581,"Mical1"
"ENSMUSG00000033713",-1.58935945645304,5.87628037872905,39.8303085475196,8.99295141283151e-05,0.00216274692024899,"Foxn3"
"ENSMUSG00000106918",-1.72939952553577,4.66089745832942,39.8084863287601,9.01362015872897e-05,0.00216307582695665,"Mrpl33"
"ENSMUSG00000022799",-1.20099494840226,8.09098587436584,39.7739005241391,9.04482470917364e-05,0.00216592629307071,"Arhgap31"
"ENSMUSG00000034522",-4.57570137665337,2.11784156789214,40.0263296081219,9.11905597600112e-05,0.00217904606232504,"Zfp395"
"ENSMUSG00000021242",2.1136565924266,7.91712372587859,39.6233238458528,9.18510522644823e-05,0.00219015902708096,"Npc2"
"ENSMUSG00000035666",1.10367008015609,2.12790269594492,39.5686399718022,9.24215519852861e-05,0.00219072816683812,"Gtf3c4"
"ENSMUSG00000014599",1.03883694851929,10.3566962314313,39.5446866564056,9.25940244731738e-05,0.00219072816683812,"Csf1"
"ENSMUSG00000068749",2.5510310270132,4.72603282002123,39.4993590801444,9.30352793312379e-05,0.00219072816683812,"Psma5"
"ENSMUSG00000034641",-2.19137738537267,6.06821674503564,39.497053029193,9.30477922204825e-05,0.00219072816683812,"Cd300ld"
"ENSMUSG00000024867",-3.06878942078666,2.85232454852058,39.3407464486452,9.46830712154418e-05,0.00222455593105127,"Pip5k1b"
"ENSMUSG00000063193",-1.82707385540984,4.10870770802081,39.3078423603524,9.48858325723906e-05,0.0022246559113782,"Cd300lb"
"ENSMUSG00000048534",-1.12227319995414,6.2688347114238,39.2058917654103,9.5878891044219e-05,0.00223857235819284,"Jaml"
"ENSMUSG00000071662",1.81939523198541,2.34876174897764,39.1404529008534,9.6605469621721e-05,0.00225084718929444,"Polr2g"
"ENSMUSG00000033781",2.99937548972545,2.74236736478466,39.0746586044345,9.73357776154683e-05,0.0022538059085466,"Asb13"
"ENSMUSG00000035569",-1.2933695224502,8.04197823427062,38.9601978863315,9.83488203244048e-05,0.00226677413647526,"Ankrd11"
"ENSMUSG00000047454",1.94986469573086,2.63479282957054,38.9512468590642,9.85026326816679e-05,0.00226677413647526,"Gphn"
"ENSMUSG00000026203",-1.48509135757866,3.24843477202218,38.8991992319481,9.89950612067793e-05,0.00227343780931224,"Dnajb2"
"ENSMUSG00000045326",2.24634494289277,4.08658227239118,38.7840186621835,0.000100180916522052,0.00228764650829038,"Fndc7"
"ENSMUSG00000031377",-3.78992225109483,3.3850299020526,38.7933789216197,0.000100226147548013,0.00228764650829038,"Bmx"
"ENSMUSG00000005237",1.33527456470879,3.03349003237693,38.7247223829334,0.000100819142660001,0.00229650433290779,"Dnah2"
"ENSMUSG00000026102",-1.0367889980309,5.60999492897232,38.5647737567873,0.00010248680853002,0.00232034275393118,"Inpp1"
"ENSMUSG00000000915",-1.10932897604254,8.33093372986387,38.3009878239436,0.000105363588861512,0.00237110389632723,"Hip1r"
"ENSMUSG00000002580",1.15535826944621,3.78151599286569,38.1910721258828,0.0001066017022003,0.00238937055311753,"Mien1"
"ENSMUSG00000041870",-1.11858164751774,7.5113241297163,37.9599047922166,0.000109228813409623,0.00242700598174509,"Ankrd13a"
"ENSMUSG00000078816",-4.05375670816087,2.99626524238952,37.9927398298323,0.00010924865274374,0.00242700598174509,"Prkcg"
"ENSMUSG00000097592",-1.25359331335641,1.99499398851122,37.9535084166743,0.000109390684578715,0.00242700598174509,"Gm33564"
"ENSMUSG00000011114",1.90634522158191,7.03457283047711,37.9296230413307,0.000109580175494157,0.00242700598174509,"Tbrg1"
"ENSMUSG00000025722",1.2846683977607,1.59342760540061,37.9108311252674,0.00010994191648301,0.00242754831262581,"Wdr73"
"ENSMUSG00000010054",1.75625175859092,2.55327119551339,37.8957979267312,0.000110037881932178,0.00242754831262581,"Tusc2"
"ENSMUSG00000030468",-1.10967939673784,2.74401337008134,37.8167052415099,0.000110937423588101,0.0024330248652678,"Siglecg"
"ENSMUSG00000022216",2.18109536433722,7.54861623951799,37.7757968036812,0.00011138596701575,0.00243809088348732,"Psme1"
"ENSMUSG00000032021",1.61195983370819,2.5980849059587,37.6898510228553,0.000112467039908882,0.00244902960573626,"Crtam"
"ENSMUSG00000042719",2.24884422292544,4.76937821080008,37.6306891231303,0.000113132901465818,0.00245429881792657,"Naa25"
"ENSMUSG00000039844",-1.38219250051229,6.68368639207436,37.6202918065256,0.000113247976299069,0.00245429881792657,"Rapgef1"
"ENSMUSG00000022914",-1.46867478453382,6.95683493478787,37.5496204075015,0.00011410652666454,0.00245429881792657,"Brwd1"
"ENSMUSG00000034563",-2.12233467114773,2.55956844732392,37.5524793084642,0.000114159125862755,0.00245429881792657,"Ccpg1"
"ENSMUSG00000026579",-2.40074619566705,5.1620618620872,37.5436976925204,0.000114188996777336,0.00245429881792657,"F5"
"ENSMUSG00000020484",-1.14800481496281,7.17840604357146,37.5068933093183,0.000114629384118922,0.00245429881792657,"Xbp1"
"ENSMUSG00000057963",1.13148321554212,3.27415602638528,37.4993874137142,0.000114735144675296,0.00245429881792657,"Itpk1"
"ENSMUSG00000045665",1.42735175419237,3.45474709850167,37.4860548333606,0.000114901169215977,0.00245429881792657,"Mfsd5"
"ENSMUSG00000062866",-1.27749860082013,4.34467364290868,37.4388947643031,0.000115473167930606,0.00246028097528194,"Phactr2"
"ENSMUSG00000029427",-1.52895334475817,4.40817489822025,37.4182920295653,0.000115733327485878,0.00246114497368925,"Zcchc8"
"ENSMUSG00000045312",1.39206762020136,4.73929023892991,37.2663942054267,0.000117627498974748,0.00249384008507752,"Lhfpl2"
"ENSMUSG00000042548",-1.15615299944165,6.48138087168615,37.2418214667873,0.000117938363977075,0.00249384008507752,"Asxl1"
"ENSMUSG00000024601",1.60435226733898,1.82160845830716,37.087944466553,0.000120062885129523,0.00252921946174166,"Isoc1"
"ENSMUSG00000029715",1.84640313984224,0.925610543214699,37.0221349954221,0.000121399581586641,0.00254922991346043,"Pop7"
"ENSMUSG00000036990",1.11428876938531,4.66315594492282,36.9511746183138,0.000121700081621638,0.00254922991346043,"Otud4"
"ENSMUSG00000074899",-1.77743424320338,2.28595328591401,36.9515021607699,0.000121788665189284,0.00254922991346043,"Sptbn5"
"ENSMUSG00000019699",1.37337489475356,3.84719618384656,36.9339654167905,0.000121938783964567,0.00254922991346043,"Akt3"
"ENSMUSG00000021306",-1.35729093673245,2.16798523006417,36.7523936753967,0.000124432890974021,0.0025855987286912,"Gpr137b"
"ENSMUSG00000021565",1.5247135397893,1.1143983485892,36.7528959735092,0.000124711423105897,0.0025855987286912,"Slc6a19"
"ENSMUSG00000017485",-1.46442607472032,5.6194928246313,36.7129821761573,0.000124889863232784,0.0025855987286912,"Top2b"
"ENSMUSG00000022765",1.00984057090503,5.413815453594,36.7117192468761,0.000124907034474524,0.0025855987286912,"Snap29"
"ENSMUSG00000034274",1.13347308089046,2.29559219830783,36.696219772265,0.000125180113543321,0.0025855987286912,"Thoc5"
"ENSMUSG00000075042",-2.11119802101645,0.596052878003588,36.7679740514847,0.000125674953624742,0.0025855987286912,"4930431P03Rik"
"ENSMUSG00000034686",-2.58311983727248,3.07130544681234,36.6380635491311,0.000125984826277375,0.0025855987286912,"Prr7"
"ENSMUSG00000079227",2.13741934563186,2.96128033727083,36.6314607956415,0.000126057676029596,0.0025855987286912,"Ccr5"
"ENSMUSG00000097223",-1.8106408032736,1.32268965947963,36.5982951665691,0.000126814460919694,0.00259344829110769,"Gm2449"
"ENSMUSG00000021595",1.20432981957529,2.8885883480221,36.5383085841223,0.000127331385150418,0.00259396091009883,"Nsun2"
"ENSMUSG00000034947",2.23525924203366,4.15952427422722,36.4644582365782,0.000128339990813764,0.00259928437382453,"Tmem106a"
"ENSMUSG00000025236",-1.13517699644907,6.19028865676938,36.4605187880058,0.000128381459960109,0.00259928437382453,"Adpgk"
"ENSMUSG00000030276",-1.45466377923298,4.79335111384864,36.4468579147765,0.000128574383155786,0.00259928437382453,"Ttll3"
"ENSMUSG00000021298",-1.34271813118435,6.78089896009239,36.436239138038,0.000128723371774125,0.00259928437382453,"Gpr132"
"ENSMUSG00000026694",-1.44542544060112,1.55743814732599,36.4184150136496,0.000129163476691641,0.0026034500651848,"Mettl13"
"ENSMUSG00000047293",2.71044506549171,0.523628879466807,36.663975240098,0.000129394279138746,0.0026034500651848,"Gpr15"
"ENSMUSG00000056459",-2.56683026836385,1.06537952935835,36.3016057010755,0.000131946051308164,0.00262781153390076,"Zbtb25"
"ENSMUSG00000045349",-2.12352138929215,1.85579612123843,36.2228965214257,0.000132011947317402,0.00262781153390076,"Sh2d5"
"ENSMUSG00000031431",1.54406480320499,7.91256123836776,36.1861741064467,0.000132309711823624,0.00262906904327544,"Tsc22d3"
"ENSMUSG00000003882",1.613928798109,2.73837218712491,36.1376268701299,0.00013308116192217,0.002635166388829,"Il7r"
"ENSMUSG00000020476",1.03480506759451,7.08238617350481,36.1330620851726,0.0001330868364484,0.002635166388829,"Dbnl"
"ENSMUSG00000027907",-1.8417416983467,8.08965784293895,36.0462844510931,0.000134368356518809,0.00265584862699522,"S100a11"
"ENSMUSG00000037172",-1.96837853920347,4.22159311620335,36.0119081091993,0.000134893363022887,0.00266153154823503,"Dennd11"
"ENSMUSG00000041949",-1.27317124181148,2.62571752258853,35.9005613171449,0.000136614343537014,0.00268512879669599,"Tango6"
"ENSMUSG00000059089",2.17669945729774,8.22597285458095,35.8837959644095,0.000136808114831214,0.00268512879669599,"Fcgr4"
"ENSMUSG00000028042",1.42686505520888,6.09048801638003,35.854560168083,0.000137252837220026,0.00268914780895949,"Zbtb7b"
"ENSMUSG00000027199",1.39684950179921,0.611946995401262,35.7806698027235,0.000139117986237176,0.00271619385324046,"Gatm"
"ENSMUSG00000097471",-1.13648911612712,4.23334482852843,35.5596786066306,0.000141842513172251,0.00275977264778024,"5830432E09Rik"
"ENSMUSG00000013419",-3.08031822840756,2.28017293941769,35.5116987167443,0.000143001928411759,0.00277372102105116,"Zbtb47"
"ENSMUSG00000092131",-2.30674760855593,1.2124705829174,35.5313528444768,0.000143054407974263,0.00277372102105116,"BC050972"
"ENSMUSG00000068335",1.56241149135873,2.66805060970989,35.4591637929387,0.000143505853806339,0.00277559422416651,"Dok1"
"ENSMUSG00000022570",1.06860561507027,2.55556163288853,35.4295220294796,0.000143975510043531,0.00277716616361077,"Gfus"
"ENSMUSG00000035781",-2.19744790042146,5.97736507465401,35.3145751751075,0.000145785923893598,0.00279454033690599,"R3hdm4"
"ENSMUSG00000015804",1.29713611556429,3.55409962289717,35.3146015745512,0.000145800451688229,0.00279454033690599,"Med28"
"ENSMUSG00000022075",-1.93670433926713,1.94605500489581,35.317960226699,0.000145917766276616,0.00279454033690599,"Rhobtb2"
"ENSMUSG00000031755",-2.17491491204817,2.00486983042088,35.2191874937097,0.000147579072071017,0.00281661744379937,"Bbs2"
"ENSMUSG00000075602",2.17194943027322,2.60664766990347,35.2003751178121,0.000147780053266175,0.00281661744379937,"Ly6a"
"ENSMUSG00000005371",-1.44344190122793,8.2389968469985,35.1680373969001,0.000148210280612576,0.00281844033183366,"Fbxo11"
"ENSMUSG00000071322",-1.73141371635994,1.3713223021918,35.1470168415168,0.000148908312012917,0.00282371481003174,"Tcp10a"
"ENSMUSG00000037759",-1.11545804599277,5.29367186528247,35.0954084601016,0.000149430300788124,0.00282882665698058,"Ptger2"
"ENSMUSG00000002997",-1.58798073545596,2.98229172721227,35.0319769382,0.000150547881392059,0.0028403873851192,"Prkar2b"
"ENSMUSG00000037533",-1.88647838652657,7.13720994586846,34.8562250533536,0.000153532992692659,0.0028629688005102,"Rapgef6"
"ENSMUSG00000026930",-1.45888657050075,3.77515221082418,34.8369028737582,0.000153885478402742,0.00286477501073012,"Gpsm1"
"ENSMUSG00000032300",1.10953081489665,8.1005295100148,34.7961176830398,0.000154585240810836,0.00286882892625737,"1700017B05Rik"
"ENSMUSG00000024339",2.0576295936684,8.31920458609977,34.7944132505899,0.000154615211159048,0.00286882892625737,"Tap2"
"ENSMUSG00000032561",-2.94354090952469,4.80963350159307,34.7561300490226,0.000155305923198147,0.00287688178724238,"Acp3"
"ENSMUSG00000028015",1.82327041893995,1.66239127975509,34.7008691892951,0.000156542060194925,0.00289022548369773,"Ctso"
"ENSMUSG00000022575",1.60310177125635,7.08140188612068,34.6296520967981,0.000157545138141104,0.00290396112359762,"Gsdmd"
"ENSMUSG00000116114",-1.28224174151533,1.03714598315355,34.5684424301717,0.000159042730994507,0.00292675186577248,"Gm35853"
"ENSMUSG00000063439",-1.55131379764904,5.50937473406382,34.4325045794731,0.000161139463858345,0.00295563006785675,"B9d2"
"ENSMUSG00000003808",1.43711846607387,3.00764358395289,34.2920196156379,0.000163807472529239,0.00298163550494209,"Farsa"
"ENSMUSG00000026956",1.60535476773632,3.32914396350455,34.275514652101,0.000164103741158663,0.00298163550494209,"Uap1l1"
"ENSMUSG00000076441",1.53089230304084,4.02393508063404,34.2719817829158,0.000164153574243711,0.00298163550494209,"Ass1"
"ENSMUSG00000023960",1.72977895213041,3.00650941337897,34.2421475841808,0.000164754958040952,0.002985612452643,"Enpp5"
"ENSMUSG00000032254",-1.70672926223504,3.59405904371624,34.2327778733913,0.000164905336681183,0.002985612452643,"Kif23"
"ENSMUSG00000014773",2.12628171901122,3.57416793838559,34.1460265867978,0.00016657293245934,0.00301094008721263,"Dll1"
"ENSMUSG00000013353",-1.04320880776413,3.61902918836377,34.0119288262309,0.000169157231282524,0.0030527296151099,"Siglecl2"
"ENSMUSG00000024193",-1.19943793953489,5.87607767834202,33.9788321916123,0.000169791116884209,0.00305924284070953,"Phf1"
"ENSMUSG00000032349",-2.90530419904014,5.58250675973961,33.9562309013641,0.00017025046012881,0.00306259535580028,"Elovl5"
"ENSMUSG00000020709",1.22349858224244,6.27707558075941,33.9206857214849,0.000170939877259154,0.0030671629773151,"Adap2"
"ENSMUSG00000031639",3.25683483978712,1.7123581496305,33.9896272122892,0.000171051740949579,0.0030671629773151,"Tlr3"
"ENSMUSG00000068245",3.49851607930233,3.6800934076459,33.9033265288854,0.000171404396518827,0.00306857679199121,"Phf11d"
"ENSMUSG00000033880",3.42784317877172,7.26711728019884,33.6944946381045,0.000175498837791511,0.0031169817355459,"Lgals3bp"
"ENSMUSG00000044701",2.32864975454081,3.06040340252176,33.6450464681859,0.000176588566717095,0.00312642664644311,"Il27"
"ENSMUSG00000039981",1.7894423350571,2.36357164922363,33.6205717263418,0.000177139095962378,0.00312780969539522,"Zc3h12d"
"ENSMUSG00000020308",1.05024093053722,2.09986667881987,33.5248335426822,0.000179113294479991,0.00315616775351771,"Tpgs1"
"ENSMUSG00000041642",-1.52500170649956,5.21155306544109,33.4302527480669,0.000181011316272429,0.00317131893059183,"Kif21b"
"ENSMUSG00000111425",-1.36339665288385,1.08141614034389,33.4464000130336,0.000181105033959023,0.00317131893059183,"Gm47324"
"ENSMUSG00000032333",1.340524730447,3.39454806705735,33.3822741825774,0.000182056678425871,0.00317805170579242,"Stoml1"
"ENSMUSG00000020605",1.40092588667459,2.70845229126544,33.3629541336547,0.000182524045748607,0.00318125502442401,"Hs1bp3"
"ENSMUSG00000032105",-1.09724592205582,2.27590149066321,33.3121224385824,0.000183626475462313,0.0031919059392575,"Nherf4"
"ENSMUSG00000032815",1.96764884825091,1.45544773470789,33.3259653448191,0.000183704767629257,0.0031919059392575,"Fanca"
"ENSMUSG00000063663",-1.26051323369082,5.49737935770018,33.2343998856817,0.000185231252994062,0.00319905117037975,"Brwd3"
"ENSMUSG00000068329",1.20506230239593,2.44428276896956,33.2255855603193,0.000185505237899411,0.00319905117037975,"Htra2"
"ENSMUSG00000005779",1.05133097748787,5.44822481623802,33.2071058456035,0.000185828706336863,0.00319905117037975,"Psmb4"
"ENSMUSG00000027635",-1.44728996739038,2.71370832130141,33.1956840449105,0.000186156899130114,0.00319978584133618,"Dsn1"
"ENSMUSG00000020010",-1.15178450018964,3.59873922413286,33.1730230145433,0.000186595507528997,0.0032024132509609,"Vnn3"
"ENSMUSG00000029291",1.10661864898134,4.87209269224471,33.1405262588526,0.000187296294493113,0.00320347073018476,"Rufy3"
"ENSMUSG00000084997",1.65249272789574,0.822087874661599,33.1778453084578,0.000187330095917641,0.00320347073018476,"Gm15471"
"ENSMUSG00000036411",-2.67033948516614,1.64396630911551,33.1653488810186,0.000187514660390935,0.00320347073018476,"Matcap2"
"ENSMUSG00000079017",1.16187400770647,5.2499652682252,33.0429291393673,0.000189471994050987,0.00321905909042821,"Ifi27l2a"
"ENSMUSG00000024855",-1.62651614978611,4.44002881720408,33.024509208238,0.000189901363319749,0.00321905909042821,"Pacs1"
"ENSMUSG00000049313",-1.58224344147909,8.94252287489442,33.0028432248399,0.000190374091436284,0.00321905909042821,"Sorl1"
"ENSMUSG00000060073",1.20645303955999,5.16975914703509,33.0000453250297,0.000190437777902552,0.00321905909042821,"Psma3"
"ENSMUSG00000035232",1.29350828224709,4.12352093377775,32.9868143287769,0.000190752569414423,0.00321952416480036,"Pdk3"
"ENSMUSG00000026558",-2.80556364213769,3.89062166731386,32.9422691953452,0.000191809733743502,0.00322937880289152,"Uck2"
"ENSMUSG00000070501",3.22992125834888,2.0523746679229,32.9651843306931,0.000192109766830489,0.00322937880289152,"Ifi214"
"ENSMUSG00000052609",-1.63574171999253,5.53632488392438,32.909812846509,0.000192489072930448,0.00322937880289152,"Plekhg3"
"ENSMUSG00000053914",-1.34109949880929,3.35770795080259,32.7974812492167,0.000195104091689099,0.00323883185440093,"Kdm4d"
"ENSMUSG00000030990",1.10804627076171,3.47059859763259,32.7894503146123,0.000195285696673979,0.00323883185440093,"Pgap2"
"ENSMUSG00000028799",-1.38203104325052,1.02554171115023,32.7230343514444,0.000197332379905385,0.00326662331107777,"Zfp362"
"ENSMUSG00000024947",-1.12259368047558,1.62906850760225,32.6474441497653,0.000198800433543332,0.00328607147303853,"Men1"
"ENSMUSG00000079614",1.1169279272986,3.68657966302135,32.489004608542,0.000202432003784583,0.00332260958281815,"Seh1l"
"ENSMUSG00000044583",1.64290305176331,6.85646121932114,32.4878146427396,0.000202442596660233,0.00332260958281815,"Tlr7"
"ENSMUSG00000036948",1.37537062560173,3.90202310402598,32.4724565468267,0.000202834365433144,0.00332260958281815,"Trappc14"
"ENSMUSG00000041890",-1.13529618115431,6.46620215744147,32.454834221515,0.000203246298424864,0.00332260958281815,"Git2"
"ENSMUSG00000044948",-1.82177565317422,1.52569523225043,32.4170289841441,0.000204561326011322,0.00332880870135878,"Cfap43"
"ENSMUSG00000022707",1.02794566465289,4.22002131893512,32.321163095011,0.00020654861578363,0.00334841626731363,"Gbe1"
"ENSMUSG00000023022",-1.22019362347738,2.27731892066894,32.3131269274723,0.000206838828213051,0.00334841626731363,"Lima1"
"ENSMUSG00000020571",1.06899065655088,4.54735488516885,32.3007334593948,0.000207053847885103,0.00334841626731363,"Pdia6"
"ENSMUSG00000071256",2.00326963796106,0.900041448991987,32.1833260497741,0.000211244517169357,0.00340146164355889,"Zfp213"
"ENSMUSG00000118140",-3.0131415050667,1.5791428251025,32.1656298037945,0.000211954323477937,0.00340311189572671,"Gm4949"
"ENSMUSG00000114797",-1.06795122010565,3.52716692903245,32.0788182561243,0.000212705907859592,0.0034092238627682,"Nup58"
"ENSMUSG00000054169",-1.33415771618821,2.36312883378167,32.0725865784647,0.00021294340179689,0.0034092238627682,"Ceacam10"
"ENSMUSG00000000531",-1.81750037682149,2.06073546269181,32.0479461716264,0.000213683145387674,0.00340934090780466,"Tamalin"
"ENSMUSG00000039130",-1.51493051892088,2.95966536780186,32.023931450756,0.00021416757375698,0.00340934090780466,"Zc3hc1"
"ENSMUSG00000001750",1.70551789287236,8.19539601366336,31.9449190062688,0.000216174207135275,0.00343153589145187,"Tcirg1"
"ENSMUSG00000086109",1.54393022205155,0.791329382416498,31.8937209897163,0.000218443535601313,0.00346265446037329,"Gm13391"
"ENSMUSG00000038235",1.25981581273725,3.31956040743461,31.8021048605773,0.000219997650057667,0.00348236393248061,"F11r"
"ENSMUSG00000044150",-1.05530276874532,5.11519908431034,31.7862954144361,0.000220396445562008,0.00348375594557606,"Bclaf3"
"ENSMUSG00000027466",1.21796002087954,6.32452640330742,31.7664133295446,0.000220932139062447,0.00348428367605667,"Rbck1"
"ENSMUSG00000023800",-1.73612957422659,4.05524737945932,31.7627139292651,0.000221051636805237,0.00348428367605667,"Tiam2"
"ENSMUSG00000027845",1.17603219667568,3.2192810474816,31.6974746422347,0.000222838406305823,0.00350286717259393,"Dclre1b"
"ENSMUSG00000030469",-1.14571114710247,5.3728629508017,31.69556108321,0.000222855741416924,0.00350286717259393,"Zfp719"
"ENSMUSG00000063382",-1.65142003799008,4.15208621342051,31.6766363452776,0.00022339150781699,0.00350637062759804,"Bcl9l"
"ENSMUSG00000032577",-1.29160109543079,6.85526997305991,31.6388701144882,0.000224408804394226,0.00351417905715102,"Mapkapk3"
"ENSMUSG00000023044",-1.88070344967506,2.64498637749865,31.6389994860533,0.000224516124290187,0.00351417905715102,"Csad"
"ENSMUSG00000038459",-1.20736724938407,4.41728035291125,31.5746545288852,0.000226185710504612,0.00353045021953369,"Abhd17c"
"ENSMUSG00000073889",-1.54025799533365,2.30358982533477,31.55394059943,0.000226884764962191,0.0035364361069976,"Il11ra1"
"ENSMUSG00000016206",1.40104372783198,4.5365409257195,31.5137080585507,0.000227886335951297,0.00354711412084192,"H2-M3"
"ENSMUSG00000031792",1.57587899084372,6.52471490027626,31.4667503629681,0.000229205590331326,0.00356250493223716,"Usb1"
"ENSMUSG00000034041",1.09937206953816,3.57515065190829,31.4503874395076,0.000229688878503808,0.00356250493223716,"Lyl1"
"ENSMUSG00000041736",1.82457413331934,6.54854165572408,31.2909490051415,0.000234232774068544,0.00362575510909692,"Tspo"
"ENSMUSG00000025353",1.08877563010737,2.03894652525988,31.2321466398639,0.000236086158100836,0.00364940355011871,"Ormdl2"
"ENSMUSG00000027589",-1.16593508863769,2.06141781161683,31.216402949194,0.000236544400589543,0.00365145054739257,"Pcmtd2"
"ENSMUSG00000050989",-1.37362310975283,6.83988511777595,31.1849849998388,0.000237326854846972,0.00365848976928476,"Selenon"
"ENSMUSG00000018927",-1.20609180509426,8.04259478070343,31.1363042794345,0.0002387647468265,0.0036755996122041,"Ccl6"
"ENSMUSG00000030162",-1.1983651497363,8.74303961480811,31.1071331386564,0.00023963142626828,0.00368174950818226,"Olr1"
"ENSMUSG00000028907",1.0486484285537,1.78936024638053,31.0373047006646,0.000241905471509967,0.00370359920657405,"Utp11"
"ENSMUSG00000018659",-2.45440511375297,2.57946754064851,31.001546197485,0.000243015053199649,0.00370549756305983,"Pnpo"
"ENSMUSG00000038886",-1.68297479132431,5.75567615506472,30.9942523972872,0.000243021389207547,0.00370549756305983,"Man2a2"
"ENSMUSG00000053617",-1.62736886569598,1.07117078534686,30.9715559462694,0.000244414431358337,0.00371662487412874,"Sh3pxd2a"
"ENSMUSG00000000957",1.58950101643125,5.51948699417333,30.918096957995,0.00024534088523954,0.00372565758926765,"Mmp14"
"ENSMUSG00000025044",1.29606762413248,3.2961872327886,30.8825477921879,0.000246470216331073,0.00372895957234014,"Msr1"
"ENSMUSG00000022529",-1.07219758798898,7.75811774030685,30.8780051402966,0.000246572098838583,0.00372895957234014,"Zfp263"
"ENSMUSG00000022898",1.21772535711944,3.65511805822601,30.8684366508855,0.000246889265876361,0.00372895957234014,"Vps26c"
"ENSMUSG00000041836",-1.32471862360369,7.80197261940353,30.7419061489172,0.000250809224886256,0.00377798250443585,"Ptpre"
"ENSMUSG00000025650",-1.13878881965425,1.30483297852507,30.6896110530848,0.000252831838718956,0.00378302592326214,"Col7a1"
"ENSMUSG00000081769",2.12845324484026,1.89928499393479,30.6743781062327,0.000253322937479301,0.00378532021377404,"Carinh"
"ENSMUSG00000049643",1.12117670457703,2.1901576115046,30.6428089214389,0.0002540663611757,0.0037913737812198,"2310022A10Rik"
"ENSMUSG00000030830",-1.01410929811621,7.58661049298794,30.5820666326711,0.000255897783094192,0.00379835978686725,"Itgal"
"ENSMUSG00000042250",-1.40575944904969,1.03784831720799,30.5967058518922,0.000256058106691879,0.00379835978686725,"Pglyrp4"
"ENSMUSG00000021728",-3.03873276743554,6.66598736615488,30.5563942132722,0.000256727100671598,0.00379835978686725,"Emb"
"ENSMUSG00000021767",-1.13395718273389,3.96774388750957,30.5528079796473,0.000256863308025365,0.00379835978686725,"Kat6b"
"ENSMUSG00000014496",-1.18129862408737,3.69993252818773,30.5515075286662,0.000256906997273612,0.00379835978686725,"Ankrd28"
"ENSMUSG00000004707",1.60412092158203,1.36907855123747,30.5283785181389,0.000258126538343685,0.00380294105729286,"Ly9"
"ENSMUSG00000026883",-1.02179765088873,3.45074395642483,30.5106563924928,0.000258234866119378,0.00380294105729286,"Dab2ip"
"ENSMUSG00000028013",-1.64550345567634,0.50391168384081,30.5338588130401,0.000259277919030458,0.00381329086427079,"Ppa2"
"ENSMUSG00000078485",1.50841706090111,4.8400305593365,30.4459756172032,0.000260329680191144,0.00382374144941305,"Plekhn1"
"ENSMUSG00000042265",-1.04164312351021,9.71189069175565,30.4321569439912,0.000260783399471995,0.00382539209146943,"Trem1"
"ENSMUSG00000042354",1.01166488333452,3.2847853914384,30.346962432497,0.000263635630826285,0.00386217583617016,"Gnl3"
"ENSMUSG00000024812",-1.61445005307212,2.34641726723554,30.3378844868346,0.000264054898461358,0.00386291513715828,"Tjp2"
"ENSMUSG00000032469",1.19584809387735,3.30001062765153,30.3248725583642,0.000264375471598144,0.00386291513715828,"Dbr1"
"ENSMUSG00000003153",-2.42975410078745,7.00419063648365,30.275425457089,0.000266011958582664,0.00387476786973139,"Slc2a3"
"ENSMUSG00000042918",-1.85990795044971,1.05984379790113,30.2977790610115,0.000266223901105842,0.00387476786973139,"Mamstr"
"ENSMUSG00000003923",1.3636766715407,1.5986372959515,30.1967453432542,0.00026899268831143,0.00390414118682604,"Tfam"
"ENSMUSG00000071350",1.83524958252457,4.93894682739942,30.1403539838494,0.000270620617470612,0.00391480152639413,"Setdb2"
"ENSMUSG00000014850",2.01573898805822,5.88369568629809,30.1354537070302,0.000270788483382752,0.00391480152639413,"Msh3"
"ENSMUSG00000027131",1.4330215367627,1.78370489366446,30.1349401212385,0.00027107040104237,0.00391480152639413,"Emc4"
"ENSMUSG00000060397",2.34215294091572,0.443243889815127,30.2161833623291,0.000273151110755458,0.00392516238770557,"Zfp128"
"ENSMUSG00000064326",1.45723560254939,1.34786247012981,30.0638059789168,0.000273754278884869,0.00392516238770557,"Siva1"
"ENSMUSG00000042642",1.34147989137858,2.20681229480597,30.0421904122925,0.000274168801960935,0.00392516238770557,"Flad1"
"ENSMUSG00000028330",-1.34756371918994,4.08138998593,29.9637717748675,0.000276809707236439,0.0039518552726099,"Ncbp1"
"ENSMUSG00000036112",1.03977886352096,3.95652164925209,29.931451111296,0.000277956973865906,0.00396318550396336,"Metap2"
"ENSMUSG00000029723",1.03014738004199,7.09680763489809,29.8966665531173,0.00027917628882101,0.00397551292098737,"Spacdr"
"ENSMUSG00000055670",-1.24492383530491,6.40286696492439,29.8814087974467,0.000279722899895003,0.00397824180091789,"Zzef1"
"ENSMUSG00000025351",1.56919072915882,8.63776691210728,29.8645924207084,0.000280326630837599,0.00398177509733457,"Cd63"
"ENSMUSG00000025355",2.46912897252427,5.24334520887405,29.8185938084354,0.00028200264157655,0.00399545335543413,"Mmp19"
"ENSMUSG00000022584",1.12122941342566,6.47510626553174,29.7284864419616,0.000285272190588092,0.00403158315248518,"Ly6c2"
"ENSMUSG00000033313",1.31252306149207,0.993383234270613,29.6946651988911,0.000287212485095555,0.00405389209126686,"Fbxl8"
"ENSMUSG00000042814",-1.35039355565994,1.52730820787418,29.6103140764529,0.000289997087280708,0.00406416775455602,"Mcts2"
"ENSMUSG00000026087",1.39277172742056,4.19214459060908,29.5434062907038,0.000292189043169525,0.00408809314207349,"Mrpl30"
"ENSMUSG00000037552",-1.58484686511013,4.40785931374826,29.5021546781222,0.000293752537180684,0.004103155705687,"Plekhg2"
"ENSMUSG00000090027",-1.89386922579266,1.169339904103,29.4922570574332,0.00029502355008671,0.004103155705687,"Gm15740"
"ENSMUSG00000028954",1.19762181454785,7.75847699434754,29.4629640972027,0.000295225387163136,0.004103155705687,"Nub1"
"ENSMUSG00000062580",1.41591470954343,2.16058765099913,29.4601723408716,0.000295498958257072,0.004103155705687,"Timm17a"
"ENSMUSG00000027641",2.61068198309493,4.71179487597049,29.4489195873719,0.00029578834410994,0.004103155705687,"Rbl1"
"ENSMUSG00000042564",-1.69294805330754,0.448577746717134,29.5086659877596,0.000295828483108333,0.004103155705687,"Fam227a"
"ENSMUSG00000037913",-2.13198296818603,4.18834148851587,29.4050298982383,0.000297478372193897,0.00412093957623858,"Tmem156"
"ENSMUSG00000073609",-1.54847547950925,0.723313322361044,29.4160437183167,0.000298302379349448,0.00412725279675218,"D2hgdh"
"ENSMUSG00000038068",2.0811136082922,3.39916868622171,29.3642713943034,0.000299088470494285,0.00412793656259785,"Rnf144b"
"ENSMUSG00000099974",-1.06491565088027,6.87249963410695,29.3529627953292,0.000299470928702859,0.00412813123981911,"Bcl2a1d"
"ENSMUSG00000078817",-3.00504314240085,5.16807820452725,29.2961440603768,0.000301716949790245,0.00413961717999574,"Nlrp12"
"ENSMUSG00000022651",-1.7968946091914,8.95507018957143,29.2908951248933,0.000301898773202808,0.00413961717999574,"Retnlg"
"ENSMUSG00000026832",-1.11609986131411,7.54816915557427,29.2891245616115,0.000301968397148192,0.00413961717999574,"Cytip"
"ENSMUSG00000032602",-1.25048676997322,5.43827699631404,29.2844929269478,0.000302151053202152,0.00413961717999574,"Slc25a20"
"ENSMUSG00000049600",2.10954380024671,0.57689172493592,29.3343199447971,0.000303491561221466,0.00414784137391337,"Zbtb45"
"ENSMUSG00000018599",1.26124092420521,2.01528219990155,29.2449518620096,0.00030390497696698,0.00414843249314122,"Mief2"
"ENSMUSG00000069844",1.221113799867,1.87880092954848,29.211179959953,0.000305276287598089,0.00415702473282112,"Sco1"
"ENSMUSG00000078783",-1.56968433178088,1.53599217986218,29.1611271522693,0.000307477688460431,0.00418192045458258,"Sirpd"
"ENSMUSG00000062148",2.43720303650827,1.80095764368925,29.1529950961443,0.000308079681755236,0.00418407863736302,"Ear6"
"ENSMUSG00000098708",2.22660754305241,4.54111601712973,29.1286435563591,0.000308383060092965,0.00418407863736302,"Gm27252"
"ENSMUSG00000021809",1.82663361667137,1.81042022388785,29.1169926983999,0.00030921964141707,0.0041872683918318,"Nudt13"
"ENSMUSG00000030729",-1.49406010550059,0.973226204437784,29.115941309717,0.000309732597370448,0.0041872683918318,"Pgm2l1"
"ENSMUSG00000034353",-2.54407732433637,1.47337045724873,29.12556263129,0.000309739046741194,0.0041872683918318,"Ramp1"
"ENSMUSG00000032624",-1.56385373392633,6.09058147542327,29.0376159435435,0.000312055214541126,0.00420431548679199,"Eml4"
"ENSMUSG00000109511",1.01255838976149,3.11401397299706,28.9924373473916,0.000313976559687535,0.00421910707963813,"Nup62"
"ENSMUSG00000100147",-1.83115826860197,1.69422650997933,28.9093487139906,0.000317806573411779,0.00424104002757649,"1700047M11Rik"
"ENSMUSG00000055102",-1.47169771099963,2.90539954332249,28.8987731569049,0.000317879327488556,0.00424104002757649,"Zfp819"
"ENSMUSG00000103948",-1.08168211704338,1.96468731706273,28.8434300119121,0.000320312217722337,0.00425146070456346,"4930594C11Rik"
"ENSMUSG00000027288",-1.11629822540033,6.49838201690565,28.8229967829201,0.000320983990547645,0.00425146070456346,"Zfp106"
"ENSMUSG00000031897",3.08599075366379,6.55436136391821,28.81072529105,0.000321504426097899,0.00425146070456346,"Psmb10"
"ENSMUSG00000039159",-1.80334955437956,7.15839620905278,28.8072920007308,0.000321649319139241,0.00425146070456346,"Ube2h"
"ENSMUSG00000034801",-1.37833685446334,5.67215784889778,28.8015313771808,0.000321894140491436,0.00425146070456346,"Sos2"
"ENSMUSG00000055200",1.00657169346251,3.71476237494703,28.7978828572531,0.000322074608563789,0.00425146070456346,"Sertad3"
"ENSMUSG00000019987",4.1870352445732,2.15037963193246,28.8952522415197,0.000322811742662506,0.00425617788237494,"Arg1"
"ENSMUSG00000020069",-1.1013123168599,4.13932701966616,28.7484870655005,0.000324179349956918,0.00426918680959716,"Hnrnph3"
"ENSMUSG00000027314",-2.23487701000302,0.570150071958758,28.8202464597978,0.000325117437863881,0.00427150190637809,"Dll4"
"ENSMUSG00000068922",1.6428996591283,0.514139253231161,28.7228630409118,0.000327458474882091,0.00428595321107259,"Msto1"
"ENSMUSG00000032601",-2.4531171219853,2.52895629052591,28.662991152383,0.000328129548951574,0.00428595321107259,"Prkar2a"
"ENSMUSG00000029062",-1.19073100418678,7.1633147470436,28.6315191063362,0.000329210541357771,0.00428663956140779,"Cdk11b"
"ENSMUSG00000040552",1.72196140746891,1.26446608050447,28.6450532701742,0.000329394312836825,0.00428663956140779,"C3ar1"
"ENSMUSG00000024786",2.73998208399169,-0.210323464951984,28.7432775756323,0.000334829311669709,0.00434309270356763,"Majin"
"ENSMUSG00000062729",-1.81965863906481,4.07553237404146,28.445657716246,0.000337467246782655,0.00436216313113404,"Ppox"
"ENSMUSG00000048285",-2.06230091218634,3.98813406135152,28.4020524256347,0.000339436374227369,0.0043775183497884,"Frmd6"
"ENSMUSG00000025008",-1.50626102611738,1.0572227768398,28.3799884717873,0.000341245156622136,0.00438570466773426,"Tctn3"
"ENSMUSG00000030149",1.97484381166194,1.22781482750749,28.3167163663007,0.000344365603427352,0.00441614540550529,"Klrk1"
"ENSMUSG00000028234",1.36564239668853,5.51566098190908,28.2798725848057,0.000344989665355404,0.00441614540550529,"Rps20"
"ENSMUSG00000039959",-1.65700926632992,5.3300291564466,28.2533632146334,0.00034621598353616,0.00441918283313183,"Hip1"
"ENSMUSG00000049532",-2.20297192451253,0.678387736833187,28.2258822835079,0.00035087029726745,0.00446131072675046,"Sall2"
"ENSMUSG00000031442",1.02998346655145,4.46724960994069,28.0798766874818,0.000354370689302138,0.00449713624569598,"Mcf2l"
"ENSMUSG00000021474",-1.1077531810248,2.15655991033484,28.0300293166651,0.000356907714090648,0.00450312966979494,"Sfxn1"
"ENSMUSG00000028953",1.1312894610432,4.59983471894935,28.0209481965661,0.000357192487581437,0.00450312966979494,"Abcf2"
"ENSMUSG00000067235",-1.11212386936116,6.82789622284269,28.0170953786099,0.00035737628290143,0.00450312966979494,"H2-Q10"
"ENSMUSG00000079197",1.99130689847747,7.59503915503254,28.0121498635031,0.000357614473643035,0.00450312966979494,"Psme2"
"ENSMUSG00000039994",1.77819425988124,4.19792116245941,27.9230124414794,0.000361968994601881,0.0045324989078249,"Timeless"
"ENSMUSG00000024011",-2.39572187504338,3.72871797909766,27.9140928977459,0.000362440982039083,0.00453334384566072,"Pi16"
"ENSMUSG00000020029",-1.61780165561257,7.25468065943623,27.835070779265,0.000366270996513181,0.00457104572151807,"Nudt4"
"ENSMUSG00000027184",1.09546753864653,6.81941675643113,27.8050791968518,0.000367761992420927,0.00457863768894986,"Caprin1"
"ENSMUSG00000003308",1.82533973578565,5.37831106379991,27.7902182336257,0.000368504494116628,0.00457863768894986,"Keap1"
"ENSMUSG00000051832",-1.45981778725132,2.25241921101023,27.7592844357837,0.00037023454707058,0.00458980922994864,"E230016K23Rik"
"ENSMUSG00000078700",-1.69043938850006,1.17942712100061,27.7654787808389,0.000370641327126218,0.00458980922994864,"D030028A08Rik"
"ENSMUSG00000034730",2.29153794386864,4.32295606150957,27.7352267123091,0.000371294009986162,0.00459076638944112,"Adgrb1"
"ENSMUSG00000049999",-1.06647807516306,6.61215284007788,27.7053643287207,0.000372771926090126,0.00459076638944112,"Ppp1r3d"
"ENSMUSG00000061536",-2.59141452206754,4.00178417341196,27.6976368263991,0.00037322592596668,0.00459076638944112,"Sec22c"
"ENSMUSG00000048473",-1.74991877970046,0.145558572805307,27.791093077575,0.000373586057568511,0.00459076638944112,"Sult6b2"
"ENSMUSG00000028367",1.47006678764277,8.5601095203275,27.6167895232739,0.000377291014076394,0.00462109332760016,"Txn1"
"ENSMUSG00000087364",-1.40285764440016,1.08648975755479,27.6102791876699,0.000378427593414717,0.00462995419148333,"Gm13398"
"ENSMUSG00000044155",-1.23810585828522,4.44098728694059,27.5127750771536,0.000382684754572749,0.00467183882842789,"Lsm8"
"ENSMUSG00000031158",-1.88862419099812,2.87164256089918,27.5042171400661,0.00038327392910157,0.00467394006903297,"Timm17b"
"ENSMUSG00000020357",1.50980405797611,2.2888553754976,27.4442734701373,0.000386474624107789,0.00470784903519129,"Flt4"
"ENSMUSG00000102674",2.07496782815446,0.375703232320148,27.5298352215843,0.000387204394072021,0.0047116174205919,"8030442B05Rik"
"ENSMUSG00000079018",1.64063573807279,1.28306539248564,27.4338199527051,0.000387633354739544,0.00471172126525605,"Ly6c1"
"ENSMUSG00000025025",-1.5111670684153,5.25374195647754,27.357203339155,0.000390921002416859,0.00473066998865928,"Mxi1"
"ENSMUSG00000038179",3.09524285083374,6.16929528307371,27.3542428800336,0.000391080403778327,0.00473066998865928,"Slamf7"
"ENSMUSG00000004552",-1.15103509643329,3.88980085718699,27.3524386296263,0.000391204966884766,0.00473066998865928,"Ctse"
"ENSMUSG00000022706",1.21927663253939,1.24032523165437,27.3456306655044,0.000392147088379091,0.00473066998865928,"Mrpl40"
"ENSMUSG00000021062",1.95543568847698,7.46553189949995,27.3201596187779,0.000392912914127101,0.00473223494797488,"Rab15"
"ENSMUSG00000062028",-1.34410887186701,2.71894190697575,27.2805459893849,0.000395195191370213,0.00474075834463657,"Irgc"
"ENSMUSG00000039081",1.54335423454609,4.15469495685705,27.2771287467955,0.000395272504736714,0.00474075834463657,"Zfp503"
"ENSMUSG00000020422",1.60283014480174,6.58940251174724,27.2720125257342,0.000395521464462853,0.00474075834463657,"Tns3"
"ENSMUSG00000021932",1.22440312650308,1.99772387755816,27.2530560991695,0.000396796990793845,0.00474256720855227,"Rnaseh2b"
"ENSMUSG00000042854",1.21866827873566,0.707493178081745,27.2415934784283,0.000398427899660367,0.00475380985665913,"Trp53rkb"
"ENSMUSG00000023341",3.05551643076192,6.95530600546681,27.2132932434459,0.000398731263073042,0.00475380985665913,"Mx2"
"ENSMUSG00000058620",-1.55959743427583,0.430821749578339,27.1140764177468,0.000406896512484115,0.00484085903971282,"Adra2b"
"ENSMUSG00000054509",1.16539831818279,6.9399101450756,27.0268564592247,0.000409130693685834,0.0048622775017361,"Parp4"
"ENSMUSG00000037683",1.53188514566116,1.14015416472574,26.9683161141755,0.000413377459364078,0.00490754363039536,"Armc3"
"ENSMUSG00000034438",2.45065986976152,2.14336751311682,26.8823562507319,0.000417985923801947,0.00495678763828247,"Gbp8"
"ENSMUSG00000107108",-1.33619962546871,1.35433937299519,26.8755094613329,0.000418410021041779,0.00495678763828247,"Gm9936"
"ENSMUSG00000115278",-1.44034716161234,0.302291758075723,26.8511715325537,0.000422251544422148,0.00498557101625398,"Gm34150"
"ENSMUSG00000029171",-1.08080523026274,5.2233275873195,26.7933812795025,0.000422619118893663,0.00498557101625398,"Pgm2"
"ENSMUSG00000042213",-1.11589481894207,3.80223528955168,26.7654829373714,0.000424297279228595,0.00500010474060448,"Zfand4"
"ENSMUSG00000095369",-1.32984931313203,1.31805336928512,26.7242632925519,0.000427342517607543,0.0050162003902116,"Gm21859"
"ENSMUSG00000024082",-1.58479386738651,3.33386045971142,26.7046157579535,0.00042795355762628,0.00501681539782189,"Ndufaf7"
"ENSMUSG00000025193",1.62455397501715,1.54295852018365,26.7001590670329,0.000428737085645957,0.00502074871351541,"Cutc"
"ENSMUSG00000106243",-1.00928298522168,2.38167119979248,26.6830433079555,0.00042933334895164,0.00502248313329961,"Gm5050"
"ENSMUSG00000039686",-1.23146565619468,3.79514256749424,26.6314613105189,0.000432319804584806,0.00504688338539784,"Zer1"
"ENSMUSG00000026335",-1.2610097776372,2.3867404195422,26.6082299995811,0.000433859783138711,0.00505398851784337,"Pam"
"ENSMUSG00000034614",1.24193269463202,4.63034067418388,26.4868862235334,0.000441147690480064,0.00510210749970081,"Pik3ip1"
"ENSMUSG00000023961",2.1988365646582,5.02440922158233,26.4690050548799,0.000442279411999915,0.0051021936690553,"Enpp4"
"ENSMUSG00000024548",-1.99903577380032,0.345602516326526,26.550908849988,0.000442773486617543,0.0051021936690553,"Setbp1"
"ENSMUSG00000063849",-1.46874839012385,2.79471785685021,26.4525567031748,0.000443431483328265,0.0051021936690553,"Ppcdc"
"ENSMUSG00000034664",-1.29429569905622,2.22849155765676,26.413584362402,0.00044591160453167,0.00510622946935824,"Itga2b"
"ENSMUSG00000017132",-1.10661508136274,7.18368530902026,26.3841676559912,0.000447572369630551,0.00510622946935824,"Cyth1"
"ENSMUSG00000030745",1.73436326929476,3.23988565309741,26.3792238195611,0.00044796000541639,0.00510622946935824,"Il21r"
"ENSMUSG00000057176",-1.89661562416237,1.72717293376612,26.3792841134601,0.000448481962373656,0.00510622946935824,"Cfap119"
"ENSMUSG00000027555",2.19204439278608,3.70862723834039,26.3646337455799,0.000448878939720972,0.00510622946935824,"Car13"
"ENSMUSG00000033454",-1.87232658888154,3.34704396231372,26.3586841605984,0.000449259017209916,0.00510622946935824,"Zbtb1"
"ENSMUSG00000026873",-2.19843650227484,1.75796181641024,26.3626177606237,0.000449705406108377,0.00510622946935824,"Phf19"
"ENSMUSG00000052456",1.01543359068682,4.28213791063157,26.3078046911291,0.000452426115084688,0.00512673354070182,"Get3"
"ENSMUSG00000052688",1.54781061440849,0.987181336280708,26.3135736888033,0.000453264769131046,0.00513104875520366,"Rab7b"
"ENSMUSG00000026958",1.62861063383845,2.22218153567223,26.2662317777411,0.000455347904279452,0.00513966387738766,"Dpp7"
"ENSMUSG00000110622",-1.21159771274811,2.77188614104876,26.2630888456947,0.000455401644529843,0.00513966387738766,"Iqcn"
"ENSMUSG00000035042",2.52463809357603,5.4994844870799,26.230869599503,0.000457376689951853,0.00515157845657328,"Ccl5"
"ENSMUSG00000039512",1.02617691066854,2.72694333626375,26.1427291442729,0.000463235781001159,0.00520188717202404,"Bltp3a"
"ENSMUSG00000038451",1.33515423984063,2.44274780955589,26.1082898057144,0.000465571395139138,0.00520787054647369,"Spsb2"
"ENSMUSG00000004952",2.3248389091487,7.08977799189543,26.0823656402212,0.000467117365671256,0.00521264456380915,"Rasa4"
"ENSMUSG00000075122",-1.03015103996106,6.97797649720015,26.0773652355596,0.000467449610656571,0.00521264456380915,"Cd80"
"ENSMUSG00000034157",1.00431792043067,4.19355687573462,26.0577055079198,0.00046876952308118,0.00521499533548202,"Cipc"
"ENSMUSG00000040711",1.10260294803352,3.19328992207777,26.0483249568586,0.000469441694599966,0.00521499533548202,"Sh3pxd2b"
"ENSMUSG00000044258",-1.6218916235959,0.964098553450505,26.0601221155876,0.000469937986858413,0.00521499533548202,"Ctla2a"
"ENSMUSG00000068747",-1.87349667296419,4.40050210617319,26.0343465074365,0.000470354107178541,0.00521499533548202,"Sort1"
"ENSMUSG00000020656",-1.30121240065429,2.08271554032459,26.0187330977556,0.000471604340301819,0.00521744308170038,"Grhl1"
"ENSMUSG00000098973",3.32197379696421,10.0892570584323,26.0023246212379,0.000472471848814257,0.0052218856111059,"Mir6236"
"ENSMUSG00000070697",1.06210777727055,4.9938874468292,25.9917935489806,0.000473183022606487,0.00522459323581369,"Utp3"
"ENSMUSG00000015747",1.22823746267051,1.03008207337581,25.9733633026201,0.000475343619358332,0.00523916854993397,"Vps45"
"ENSMUSG00000004633",-2.06361865400879,0.822441880930498,25.9995201310629,0.000475438066858468,0.00523916854993397,"Chn2"
"ENSMUSG00000034118",2.38189694830178,4.86185900162463,25.9223221885448,0.000477931193347532,0.00525080522873212,"Tpst1"
"ENSMUSG00000097115",2.8356795840307,1.19284135492569,25.9795382645871,0.000478368175116935,0.00525080522873212,"1810019N24Rik"
"ENSMUSG00000074149",-1.34077329717397,1.21737497586905,25.8918647601488,0.000480764801250302,0.00526460477328506,"Gm10634"
"ENSMUSG00000071347",-1.51510275551595,1.8475683863336,25.8681196083292,0.000482019334017247,0.00526460477328506,"C1qtnf9"
"ENSMUSG00000045251",1.36313181342386,1.36208312544072,25.8679454515924,0.00048231411678163,0.00526460477328506,"Zfp688"
"ENSMUSG00000049653",-1.49322181540075,1.53184896039955,25.8559722334016,0.000483025718978525,0.00526460477328506,"Spatc1"
"ENSMUSG00000022761",1.31487247393413,1.56979606831692,25.8543410677955,0.000483052690120042,0.00526460477328506,"Lztr1"
"ENSMUSG00000009406",-1.37221572933317,3.51794707565565,25.8431271981443,0.000483383448890008,0.00526460477328506,"Elk1"
"ENSMUSG00000033581",1.41559824968342,0.97201502628626,25.8510424242868,0.000483962674124794,0.0052657958144821,"Igf2bp2"
"ENSMUSG00000021266",2.47774767333037,5.88100285771174,25.8220636771514,0.000484805313045944,0.0052680730560914,"Wars1"
"ENSMUSG00000027360",-1.0191293095969,10.952968160049,25.7887775748549,0.00048712331561773,0.00528056820779061,"Hdc"
"ENSMUSG00000024948",-2.11073975202315,5.7798877440812,25.7876218427263,0.000487205097426206,0.00528056820779061,"Map4k2"
"ENSMUSG00000025161",-1.23463344540074,7.47762261791488,25.7656803911544,0.000488740592374951,0.00528698438102904,"Slc16a3"
"ENSMUSG00000019731",-1.71243335249897,4.65470131238129,25.6362938406453,0.000497938344400708,0.00536784589059432,"Slc35e1"
"ENSMUSG00000042821",-1.2321420882724,5.77435778551029,25.6333584700121,0.000498131500510225,0.00536784589059432,"Snai1"
"ENSMUSG00000027398",-1.03590017607877,11.5294038255496,25.5438592597008,0.000504605684542755,0.00542786819630716,"Il1b"
"ENSMUSG00000045053",-1.46595043720807,1.39988237770939,25.5254806661256,0.000506659497055549,0.00544315739853274,"Kcng3"
"ENSMUSG00000024206",-1.37573109569381,0.689163707935381,25.5340273563731,0.000507063114488104,0.00544315739853274,"Rfx2"
"ENSMUSG00000052534",-1.24493090050635,5.64416044978074,25.4720172656042,0.000509876868397244,0.00546406414674873,"Pbx1"
"ENSMUSG00000031242",1.15213291087639,2.14063203560083,25.4734521269954,0.0005099858211385,0.00546406414674873,"Chmp1b2"
"ENSMUSG00000021624",1.68629569710423,1.5382590738185,25.4453277717485,0.000512562355360773,0.00547889928641103,"Cd180"
"ENSMUSG00000025616",-1.25961707906949,5.53676228693809,25.4308136407725,0.000512929713461696,0.00547889928641103,"Usp16"
"ENSMUSG00000027827",2.79772076767313,3.02273884887604,25.4294659973942,0.000513325979363931,0.00547889928641103,"Kcnab1"
"ENSMUSG00000046711",1.14571312535116,6.55635755045576,25.3819207974193,0.000516580197587201,0.00549270804018953,"Hmga1"
"ENSMUSG00000033799",1.9332162296337,6.32208221732384,25.3571727528996,0.000518440407628413,0.00550069144164637,"Tasor2"
"ENSMUSG00000029413",1.07140154289656,3.04381166140802,25.3569346648978,0.000518566500143766,0.00550069144164637,"Naaa"
"ENSMUSG00000049744",-2.24297482459493,4.64544137868297,25.3528281537074,0.000518803502616241,0.00550069144164637,"Arhgap15"
"ENSMUSG00000031198",1.3428022301894,1.42367524930832,25.318076246764,0.000522052576941673,0.00552990853476874,"Fundc2"
"ENSMUSG00000060512",-3.00815659279798,2.03294527830304,25.3080539695351,0.000523605124360048,0.00554111674098495,"Pgcka1"
"ENSMUSG00000050390",2.33883694695545,0.0858570537249111,25.3790271452262,0.00053084370980231,0.00559404119460283,"Nhsl3"
"ENSMUSG00000020576",1.2647639851794,3.01243079067504,25.1929622667367,0.000531101974753048,0.00559404119460283,"Nbas"
"ENSMUSG00000050335",1.26560398335166,7.68200026898997,25.1579066205017,0.000533713141940603,0.00560290078528903,"Lgals3"
"ENSMUSG00000042451",-1.14133387848544,4.65289835038078,25.1549888968467,0.000533942896287025,0.00560290078528903,"Mybph"
"ENSMUSG00000078812",-1.44677136653802,7.15587976263418,25.124771977335,0.000536305051812404,0.00561192410425921,"Eif5a"
"ENSMUSG00000028944",-1.77898789933557,0.779683470368721,25.1232086656169,0.000538767618204506,0.00562718424717418,"Prkag2"
"ENSMUSG00000037509",-2.88017822347675,1.15273779434547,25.1081527230695,0.000542961893750299,0.00565518024466505,"Arhgef4"
"ENSMUSG00000038188",1.45438994384403,0.974194918054299,25.0430523713432,0.000544075139117352,0.00565626167355117,"Scarf1"
"ENSMUSG00000042599",-1.25261558453035,7.7325084605991,25.0126059524528,0.000545191959590592,0.00565737619549238,"Kdm7a"
"ENSMUSG00000030539",-1.09598835166348,1.74752560025423,24.982341402523,0.000547988760545305,0.00568113787181427,"Sema4b"
"ENSMUSG00000054905",2.27650780739225,1.50408450818898,24.9726046440524,0.000549797337711408,0.00569461992951179,"Stfa3"
"ENSMUSG00000025888",1.47235688625783,6.44637194991565,24.8560833877813,0.000557891504546355,0.00575717319654788,"Casp1"
"ENSMUSG00000039542",-1.15541103458705,2.50921254579701,24.7959025215081,0.00056305560213142,0.00579445742248561,"Ncam1"
"ENSMUSG00000041225",1.06741862102627,0.951874061891524,24.7813397968114,0.000565123173769486,0.00580507370158994,"Arhgap12"
"ENSMUSG00000045962",-1.03944703505429,10.1990640595032,24.7448091301748,0.000567136154481812,0.00581817706641794,"Wnk1"
"ENSMUSG00000028861",-1.0829881629024,2.41115744878454,24.7435151731741,0.000567437095886036,0.00581817706641794,"Mrps15"
"ENSMUSG00000041439",-1.72866026349182,3.06353126952751,24.5665653484916,0.000582443333841139,0.00595026658373532,"Mfsd6"
"ENSMUSG00000022150",1.60278953573436,3.84112109536252,24.5544713508122,0.00058342458383328,0.00595486276049141,"Dab2"
"ENSMUSG00000037020",1.8754373369082,2.07592796792111,24.5328840456486,0.000585718392867632,0.0059636380582919,"Wdr62"
"ENSMUSG00000031916",1.06758436656842,4.62529752282558,24.5208274230808,0.000586312487987707,0.0059636380582919,"Cog8"
"ENSMUSG00000043468",-1.7319919217865,3.18136712966165,24.4970865767161,0.000588482649426961,0.00597673552875828,"Adam30"
"ENSMUSG00000038544",1.11837743905442,1.76248385302961,24.4915507516528,0.000589269094857514,0.00597673552875828,"Inip"
"ENSMUSG00000040322",-1.13329986018513,5.35720913525535,24.4794008327832,0.000589942305447685,0.00597673552875828,"Slc25a24"
"ENSMUSG00000090115",-1.16958362223639,2.74781404728868,24.4761498589399,0.000590360130953885,0.00597673552875828,"Usp49"
"ENSMUSG00000041096",-1.30343465985314,1.8506779598951,24.4791150132566,0.000590367291008782,0.00597673552875828,"Tspyl2"
"ENSMUSG00000021482",-1.69170497695747,2.38775842268085,24.4600542565699,0.00059191515063888,0.00598159882165007,"Prxl2c"
"ENSMUSG00000095677",-1.61482383069901,0.286731200599874,24.4953484860292,0.000593422011926852,0.00599142386276057,"Dynlt1f"
"ENSMUSG00000042348",-1.83558177380282,3.19090321438443,24.4174839296621,0.000595517720611996,0.00600717110251903,"Arl15"
"ENSMUSG00000042487",-1.07678428458135,4.05860042877112,24.3378554438874,0.000602593631745834,0.00605131436467344,"Leo1"
"ENSMUSG00000038884",2.13879020030492,2.08582652802719,24.3272460144052,0.000604107157994411,0.00605797360766115,"Shfl"
"ENSMUSG00000048612",1.36822582689945,2.35404760594553,24.315877768931,0.000604768469898086,0.00605797360766115,"Myof"
"ENSMUSG00000031311",1.23465530133175,6.53069026839557,24.3121675391819,0.000604878421252148,0.00605797360766115,"Nono"
"ENSMUSG00000100009",1.86890817741227,1.68695298734513,24.2766220869884,0.000608905917177277,0.00609286483375512,"Gm7967"
"ENSMUSG00000052942",1.51425322116878,3.80376340930937,24.2476652379698,0.000610805701468248,0.00610502221333228,"Glis3"
"ENSMUSG00000037949",1.20005053022197,4.81185035781144,24.2175797729038,0.000613530020572122,0.00610993576417526,"Ano10"
"ENSMUSG00000025702",1.17316059505,2.72132428477928,24.2185419523213,0.000613577803633638,0.00610993576417526,"Marchf8"
"ENSMUSG00000024730",1.94263786650881,1.67275871691788,24.2130047886962,0.000614821005943887,0.00611227269864559,"Ms4a8a"
"ENSMUSG00000022974",-1.26626655576055,6.24797748608371,24.1885160450162,0.000616215879047338,0.00611227269864559,"Paxbp1"
"ENSMUSG00000027698",2.07984154416599,6.1797845522843,24.1876188511254,0.000616299469034489,0.00611227269864559,"Nceh1"
"ENSMUSG00000043190",1.47186273308607,1.29157595798275,24.1756119516198,0.000618390943690733,0.00612217959888873,"Rfesd"
"ENSMUSG00000045374",1.13677083409284,6.20071192356763,24.1448362855349,0.000620281775091276,0.00612575170492657,"Wdr81"
"ENSMUSG00000042286",1.05902133426875,5.87136846534658,24.1386014802835,0.00062086490841848,0.00612575170492657,"Stab1"
"ENSMUSG00000074922",-1.50194137400303,3.86486347741827,24.1382882571469,0.000620938158008083,0.00612575170492657,"Pabir1"
"ENSMUSG00000079419",1.42614663934931,4.36635902620873,24.1119264825259,0.000623405608301604,0.00613389521706416,"Ms4a6c"
"ENSMUSG00000020921",1.55046957695388,0.597086180785052,24.1155428962956,0.00062587405290172,0.00614497862907607,"Tmem101"
"ENSMUSG00000051007",1.032165027671,1.89626433901288,24.0857019269589,0.00062617699602078,0.00614497862907607,"Gatd1"
"ENSMUSG00000040026",2.60457675057502,11.4665346257783,23.9425574319381,0.000639536617459299,0.00621861315543765,"Saa3"
"ENSMUSG00000062175",-1.36319839673782,3.97975093841565,23.933075763345,0.000640499726566432,0.00621861315543765,"Tgif2"
"ENSMUSG00000025492",1.72157140049907,9.85181665932943,23.9323126845717,0.00064053081793477,0.00621861315543765,"Ifitm3"
"ENSMUSG00000043067",1.72646539783315,0.983623923605029,23.9378656005625,0.000641887962425337,0.00622287058382418,"Dpy19l1"
"ENSMUSG00000062929",1.13727820063525,2.40924854842971,23.903729983275,0.000643529307313649,0.00622800772630748,"Cfl2"
"ENSMUSG00000061411",-1.90563263634724,1.34578218982232,23.8786456617336,0.000647089850806527,0.00625166892930064,"Nol4l"
"ENSMUSG00000028691",1.70119856109113,4.07629521143822,23.857103842686,0.00064793156903148,0.00625440921114194,"Prdx1"
"ENSMUSG00000043832",2.05893076431056,3.14427919088276,23.8302278117267,0.0006507099689119,0.00627042701770908,"Clec4a3"
"ENSMUSG00000035105",-1.54121006841744,5.99426674398916,23.8147137150549,0.000652077948832899,0.00627821097299854,"Egln3"
"ENSMUSG00000000093",-1.80911207432804,0.144753783739437,23.8813852915163,0.000653950884292164,0.0062854438767258,"Tbx2"
"ENSMUSG00000104713",3.71733205961415,4.16622331328373,23.7886354019961,0.000654907778460103,0.00628924719211857,"Gbp6"
"ENSMUSG00000020464",1.61377968332749,4.93811446463297,23.7633205752113,0.000657204610314239,0.00630260731458367,"Pnpt1"
"ENSMUSG00000031700",-1.1082715412746,1.5221243354682,23.7668626171758,0.000657423748616785,0.00630260731458367,"Gpt2"
"ENSMUSG00000022193",1.56402004060035,4.89451477284257,23.7112814901209,0.000662443170602377,0.00633988096749859,"Psmb5"
"ENSMUSG00000037788",-1.87238053116203,2.56861084186107,23.6620710884678,0.000667719352001121,0.00637948062905078,"Vopp1"
"ENSMUSG00000021969",-1.0086213050417,4.7824236281868,23.634984592824,0.000670214060184545,0.00639786113499846,"Zdhhc20"
"ENSMUSG00000064105",-1.53883666514937,3.58295434995656,23.6201743350137,0.000671785887274609,0.00640740803292472,"Cnnm2"
"ENSMUSG00000084941",-1.15088098371433,0.834943969285685,23.5993528888333,0.000675343801650821,0.00643586563358908,"Gm11944"
"ENSMUSG00000014075",1.0895702690816,3.77791119409485,23.5310305190245,0.000681023907124318,0.0064844816713188,"Dynlt2b"
"ENSMUSG00000048911",-1.04343625133223,5.03500101078619,23.5192050617207,0.000682217360582883,0.00648772424197085,"Rnf24"
"ENSMUSG00000118665",-1.49096748155392,4.52061911104156,23.5164109310723,0.000682522252278365,0.00648772424197085,"Lin54"
"ENSMUSG00000062082",2.03685702674988,2.08113102639693,23.5150871489676,0.000683243045754834,0.00648907187608002,"Cd200r4"
"ENSMUSG00000024580",1.00329579719854,2.50676660049731,23.4761947646286,0.000686940610900335,0.00650764448551146,"Grpel2"
"ENSMUSG00000032705",1.42236943474263,0.387917725080161,23.472961356368,0.000690912763293114,0.00653891524625127,"Exd2"
"ENSMUSG00000028988",-1.92246607675065,2.70336976776237,23.434603159146,0.000691408456037098,0.00653891524625127,"Ctnnbip1"
"ENSMUSG00000078249",1.53996295085872,0.435797246803861,23.4565722309566,0.000692817334647688,0.00654671489831082,"Hmga1b"
"ENSMUSG00000031387",1.41266265298808,3.01642038656943,23.3464395675631,0.000700748149501847,0.00661050884803636,"Renbp"
"ENSMUSG00000037926",-1.65480935988667,7.02550613120666,23.3311016878264,0.000702274758230463,0.0066154215835706,"Ssh2"
"ENSMUSG00000003031",-1.16900353231804,6.3800017726587,23.2988033329894,0.000705790033592837,0.00663016672797563,"Cdkn1b"
"ENSMUSG00000018909",-2.58004067830273,3.40760302443834,23.2635457770369,0.000709843097164703,0.00664595788631982,"Arrb1"
"ENSMUSG00000052423",-1.87750518303451,5.55677206515617,23.2400327636222,0.000712241973338636,0.00666285124808522,"B4galt3"
"ENSMUSG00000026088",1.62848231098643,5.4466030531313,23.2164093011278,0.000714854802673712,0.00668171624150483,"Mitd1"
"ENSMUSG00000029776",1.29023044487376,3.80181959798933,23.1760664306247,0.000719391211563927,0.00671292032306156,"Hibadh"
"ENSMUSG00000051674",-1.71984627477396,1.51090960302954,23.1609715227292,0.000721992219986982,0.00673158636388861,"Dcun1d4"
"ENSMUSG00000022582",-1.37206412403233,3.93241903975616,23.1224205340116,0.000725412028251499,0.00675784921081841,"Ly6g"
"ENSMUSG00000038368",2.26734191152554,-0.098199923876005,23.2825498107165,0.000727882887732138,0.00677523548406484,"Focad"
"ENSMUSG00000015316",2.05589294360136,1.63670353751248,23.0784737609595,0.000731501248854342,0.00679762396012488,"Slamf1"
"ENSMUSG00000022555",-1.49826882735927,7.51354709927947,22.9290149087913,0.000747583681868806,0.00692756080992514,"Dgat1"
"ENSMUSG00000020536",1.28426441736079,4.5281528861206,22.8922345629991,0.00075190509683881,0.00695264061078593,"Llgl1"
"ENSMUSG00000047867",-1.20537876037303,1.71463048972395,22.8340670671189,0.000759317812829982,0.00698659665713104,"Gimap6"
"ENSMUSG00000022540",-1.8195886180874,3.86629173819753,22.7985317383401,0.000763093229646862,0.007015278080336,"Rogdi"
"ENSMUSG00000062040",-1.73229684897509,0.85389302543759,22.7833062695369,0.000767445759059851,0.00704403326927416,"Zfp27"
"ENSMUSG00000079339",3.35982211511121,6.11214729342793,22.7443455005287,0.00076958216374846,0.00704834259991636,"Ifit1bl1"
"ENSMUSG00000058163",3.17219332991851,5.78380188345549,22.7427913390269,0.000769802029293979,0.00704834259991636,"Gm5431"
"ENSMUSG00000018340",1.30110322903392,4.48397706477285,22.7126307918185,0.000773425551906164,0.00706996750425154,"Anxa6"
"ENSMUSG00000094845",-1.39028398187538,0.80534933316458,22.7170602168591,0.000774895380044046,0.00707348060968927,"Tmem95"
"ENSMUSG00000037679",1.30517128224005,5.04061903814145,22.6903771859415,0.000776141042648097,0.00707348060968927,"Inf2"
"ENSMUSG00000028565",-1.53575968965635,3.18472736091393,22.6876750560071,0.000776580520919873,0.00707348060968927,"Nfia"
"ENSMUSG00000059791",-2.43298070543165,1.17412255831098,22.6858624457899,0.000780312429171378,0.00708452791891069,"Nrm"
"ENSMUSG00000065954",-1.49255217552842,5.8156621078207,22.651518333285,0.000780913111744637,0.00708452791891069,"Tacc1"
"ENSMUSG00000001082",-1.69486176085225,2.60864237059762,22.6501778791589,0.000781339922171287,0.00708452791891069,"Mfsd10"
"ENSMUSG00000015672",1.12121283597579,2.42669174879232,22.6401768718766,0.000782558644963806,0.00708791880083706,"Mrpl32"
"ENSMUSG00000015947",3.54819986162556,6.32980441568298,22.6008765588891,0.000787189862452347,0.00710881288356442,"Fcgr1"
"ENSMUSG00000024677",1.5982855531496,3.32433452100473,22.5805862441672,0.000789825294633817,0.0071224673797018,"Ms4a6b"
"ENSMUSG00000021886",-1.66982363232594,4.77507913704177,22.5693149465228,0.000791130560353896,0.0071224673797018,"Gpr65"
"ENSMUSG00000057440",-1.07152155537836,5.41299717158765,22.5390443661005,0.000794929524040768,0.00714989982016443,"Mpp7"
"ENSMUSG00000020777",-1.1724087821065,4.15219452983371,22.4669390130241,0.000804121651131361,0.00720791392449182,"Acox1"
"ENSMUSG00000002897",-1.6398282776724,8.76552655537465,22.4595812726838,0.000805013743162179,0.00720791392449182,"Il17ra"
"ENSMUSG00000089862",1.57484437196065,0.483441525503691,22.481429227592,0.000806517968705318,0.00721360484858779,"Umad1"
"ENSMUSG00000061650",1.9645838096469,1.91055681483489,22.4383406172988,0.000808514004716331,0.00722569094964587,"Med9"
"ENSMUSG00000062127",1.33801260669421,2.67560331309893,22.3822070547398,0.000815224978469594,0.0072682787062122,"Cttnbp2nl"
"ENSMUSG00000021880",1.61740529051102,0.458377044193954,22.3857480742109,0.000819276906246368,0.00728505555196197,"Rnase6"
"ENSMUSG00000050370",1.97417802025611,3.2032391114722,22.2105495615169,0.000837813522631917,0.00739897237695033,"Ch25h"
"ENSMUSG00000036052",-1.05860205108175,3.04775520616041,22.2045242080287,0.000838596675990737,0.00739897237695033,"Dnajb5"
"ENSMUSG00000014361",1.56105235311254,1.96167021292752,22.2035009069037,0.000839126786035859,0.00739897237695033,"Mertk"
"ENSMUSG00000024805",1.53107744306577,6.86372657104635,22.1936578097589,0.000839902491054609,0.00739998995066745,"Pcgf5"
"ENSMUSG00000037816",2.07024835276734,3.91756383730241,22.1567020490742,0.000844978147291257,0.00742719223270049,"Fbxw17"
"ENSMUSG00000061878",1.2836804071134,6.98163643154017,22.1056920246383,0.000851841954619135,0.00745827561360676,"Sphk1"
"ENSMUSG00000045302",-2.77815206297175,6.9914344554238,22.098787392416,0.000852788202612449,0.00746073176165317,"Preb"
"ENSMUSG00000034203",1.22475322213143,0.593108737951404,22.1129196926972,0.000853534416686715,0.00746143541950703,"Chchd4"
"ENSMUSG00000022074",-1.4085135318213,0.948885338308564,22.0916917604675,0.000855568365650009,0.00747010260145479,"Tnfrsf10b"
"ENSMUSG00000092060",-2.17471609306023,3.58410392533177,22.0601978314037,0.000858218386642154,0.00748486650513511,"Bend4"
"ENSMUSG00000039156",-1.44439973713236,4.53493054136714,22.0432983451831,0.000860439023249294,0.00749338252578691,"Stim2"
"ENSMUSG00000031129",-3.6136027844007,1.73658718447055,22.1027604433101,0.000860532105888083,0.00749338252578691,"Slc9a9"
"ENSMUSG00000033792",-1.51431687666594,6.26860688831415,21.9944606412653,0.000867233386256648,0.00752833815629609,"Atp7a"
"ENSMUSG00000001128",-1.29929428569454,5.72445925778377,21.9578274523014,0.000872375793970948,0.0075554215788504,"Cfp"
"ENSMUSG00000085882",-1.64499679759757,0.929340905070206,21.959730158737,0.000874436979824446,0.00756742489026453,"2610507I01Rik"
"ENSMUSG00000040710",-2.40865628060768,4.62884054059605,21.9152389698701,0.000878454980277981,0.00759308184258259,"St8sia4"
"ENSMUSG00000021619",1.45685628943577,0.497167743703855,21.9284646213077,0.000880471803907884,0.00759308184258259,"Atg10"
"ENSMUSG00000028879",-1.01757318183251,4.47314050320809,21.8916809619592,0.000881756706773753,0.00759308184258259,"Stx12"
"ENSMUSG00000039115",1.1417300352148,1.64196505538272,21.8773668744437,0.000884422336638241,0.00760452584151274,"Itga9"
"ENSMUSG00000037493",-1.30326181476222,2.38579956462885,21.8663375202746,0.000885662287751336,0.00760452584151274,"Cib2"
"ENSMUSG00000044719",-1.32323970427159,1.76184823336406,21.8649363127599,0.000886188163559886,0.00760452584151274,"E230025N22Rik"
"ENSMUSG00000039153",-2.20540729123349,5.01785163020568,21.7824722114244,0.000897553942902939,0.00766683463270826,"Runx2"
"ENSMUSG00000034349",-1.10567167581739,5.11234756937069,21.7589341158938,0.000900943654826808,0.0076899280576116,"Smc4"
"ENSMUSG00000060063",-1.14423379347635,7.28356532779264,21.7314836374041,0.000904972626472567,0.00770613748297257,"Alox5ap"
"ENSMUSG00000073062",1.12075682893201,0.801214221316035,21.7381589841921,0.000905896123554223,0.00770613748297257,"Zxdb"
"ENSMUSG00000037754",-2.47890243545093,4.67428482883654,21.7229935171684,0.000906280824712934,0.00770613748297257,"Ppp1r16b"
"ENSMUSG00000038895",1.23399930947005,1.75604873614691,21.7057444122003,0.00090936839861532,0.00771929380489847,"Zfp653"
"ENSMUSG00000064128",2.1630233244755,3.9899621081232,21.6987638551593,0.000909894451349235,0.00771929380489847,"Cpap"
"ENSMUSG00000033213",1.80223736389054,8.75309897768582,21.6687443653823,0.000914266311179788,0.00774465801163408,"AA467197"
"ENSMUSG00000034880",1.00266912584456,1.4002373333417,21.6622337899288,0.000916074315454485,0.00775411242696255,"Mrpl34"
"ENSMUSG00000073555",2.6835364752263,1.59850283359961,21.6507068553242,0.000919884154662639,0.00777461668273318,"Iigp1c"
"ENSMUSG00000019864",-1.57706718597699,1.16827688174645,21.6219905458061,0.000922915850423102,0.0077884924214546,"Rtn4ip1"
"ENSMUSG00000026944",-2.71235911453014,3.05958082308064,21.6056483670332,0.000924120407199825,0.00778861168156385,"Abca2"
"ENSMUSG00000063458",1.16968044980645,3.29569120038014,21.6021921502083,0.000924319937224941,0.00778861168156385,"Lrmda"
"ENSMUSG00000036820",1.1160348755433,6.56238946465789,21.5558574340735,0.000931279784453788,0.00784136179141518,"Amdhd2"
"ENSMUSG00000032579",-1.60623359002859,1.23847776191045,21.5282225267944,0.000937065412533736,0.00787890049619084,"Hemk1"
"ENSMUSG00000097885",-1.16216863201093,1.2434589168579,21.496795218462,0.000941438699061764,0.0078996297039244,"5031434O11Rik"
"ENSMUSG00000025195",-2.1714403431864,4.32663298073145,21.4874773911669,0.000941831269361137,0.0078996297039244,"Dnmbp"
"ENSMUSG00000028617",1.4775106116779,0.393044066876518,21.5161056284345,0.00094242927760747,0.0078996297039244,"Lrrc42"
"ENSMUSG00000037977",-1.9311274058487,3.15152857901578,21.3778851781404,0.000959100188639131,0.00799155079113661,"6430571L13Rik"
"ENSMUSG00000021367",1.63533297552685,6.80049454133384,21.3716573779668,0.000959866467012835,0.00799199368188176,"Edn1"
"ENSMUSG00000041390",1.30484296983285,4.70096994323994,21.3504578292127,0.000963227201441091,0.00801383329886765,"Mdfic"
"ENSMUSG00000090119",-1.09207047050092,0.568038625192855,21.3629977349038,0.000963919629416757,0.00801383329886765,"Gm8185"
"ENSMUSG00000005947",1.39338690645865,0.560393948970762,21.3271850167504,0.000970509703341416,0.00805070484481662,"Itgae"
"ENSMUSG00000031021",-1.06820504757635,3.762133312134,21.2012483095089,0.000987318259648611,0.00814792027679086,"Tmem9b"
"ENSMUSG00000006411",1.94293481320642,4.63520530071686,21.1929520170894,0.000988671693923756,0.0081530858526884,"Nectin4"
"ENSMUSG00000040479",1.10205297324255,8.61297965111359,21.1747897113252,0.000991594825825036,0.00816517502793621,"Dgkz"
"ENSMUSG00000021665",1.39949041670398,5.60995755742267,21.1224354088747,0.00100024525173076,0.00819468480432763,"Hexb"
"ENSMUSG00000022899",-2.43196342641876,5.52002403117448,21.0830643303664,0.00100681191250403,0.00823601540396545,"Slc15a2"
"ENSMUSG00000037126",-1.60517018522884,-0.15297878180295,21.1612681416835,0.00100919153667665,0.00824344719499647,"Psd"
"ENSMUSG00000062797",1.19734133605651,0.879075101943797,21.0675462050814,0.00101136649143964,0.00824918796911504,"Hikeshi"
"ENSMUSG00000028893",-1.64504705937617,5.32120384383243,21.0481026284581,0.0010126830327416,0.00825105768275405,"Sesn2"
"ENSMUSG00000051391",1.75948453144707,7.64196394157315,21.009812375537,0.00101916009595066,0.00828153470446577,"Ywhag"
"ENSMUSG00000021360",-1.05039347993828,7.85403681219975,21.0084713099329,0.00101938786283306,0.00828153470446577,"Gcnt2"
"ENSMUSG00000021550",1.00547481871694,1.48724200533969,21.0111179417303,0.00101976602946041,0.00828153470446577,"Qng1"
"ENSMUSG00000090330",1.35540416808384,1.45018545048207,20.9894961818213,0.00102364885052188,0.0082985360502796,"9130221H12Rik"
"ENSMUSG00000025227",-1.06522577708356,0.678581359923634,20.9947028289204,0.00102408096346361,0.0082985360502796,"Mfsd13a"
"ENSMUSG00000037890",1.23218087552776,2.06660505944446,20.9723095209277,0.0010259844151867,0.00830195475884287,"Wdr19"
"ENSMUSG00000001418",1.26717558377346,4.75578659161967,20.9539956462542,0.00102869774285129,0.00830591902315162,"Glmp"
"ENSMUSG00000004880",-1.87469486485319,6.45943558763381,20.9253131862878,0.00103363599159644,0.00831975348773497,"Lbr"
"ENSMUSG00000032870",-1.04169900447525,5.26173675105323,20.8802372306473,0.00104145997458163,0.0083642509788962,"Smap2"
"ENSMUSG00000033157",1.05390262149833,2.55503878850208,20.8792943471633,0.00104189295677158,0.0083642509788962,"Abhd10"
"ENSMUSG00000002944",-1.58679359501225,3.43984764892756,20.864846664489,0.00104427357557386,0.00836538524764565,"Cd36"
"ENSMUSG00000041040",-1.55920529918997,3.38760813141528,20.8514779702374,0.00104661629410795,0.00836621170332941,"Fam117b"
"ENSMUSG00000021003",-1.29657112952916,3.94296983602237,20.813845737019,0.00105317355042966,0.00841262721287612,"Galc"
"ENSMUSG00000025877",1.69401126830644,8.38511058279154,20.8028994865287,0.00105504753226741,0.00841597576633847,"Hk3"
"ENSMUSG00000038880",1.21592229849796,0.606970635784778,20.7690985843502,0.0010641232518191,0.00846389587163712,"Mrps34"
"ENSMUSG00000073491",3.05159252940223,6.0093644414222,20.6985486966564,0.00107372678247889,0.00849978260092221,"Ifi213"
"ENSMUSG00000060002",1.7778940169997,4.30288275161323,20.6919124109116,0.00107498649416332,0.00850202797465653,"Chpt1"
"ENSMUSG00000035202",3.20040388814234,9.53108507933362,20.6598962803811,0.00108074112054259,0.00852948291402873,"Lars2"
"ENSMUSG00000101268",-1.28864924716487,2.49276522594698,20.6550450598733,0.001081940428565,0.008532939044988,"2010310C07Rik"
"ENSMUSG00000060771",1.10947065727961,2.83015620684527,20.6238323099523,0.00108754133287502,0.00857107997013383,"Tsga10"
"ENSMUSG00000023411",2.25833283036438,0.175980437157082,20.7053890726693,0.00109252809484726,0.00859602377414742,"Nfatc4"
"ENSMUSG00000020707",1.17835499640536,2.24201776781665,20.5956257647553,0.00109288344506007,0.00859602377414742,"Rnf135"
"ENSMUSG00000103711",1.81705991372265,0.4352036444727,20.6352097001175,0.00109300739521371,0.00859602377414742,"Tstd1"
"ENSMUSG00000026655",-1.16693848794975,6.29853731776585,20.5654042618468,0.0010981326867508,0.00862058923246323,"Fam107b"
"ENSMUSG00000032946",-1.21554186461241,4.31606851774076,20.4638639900297,0.00111721746976085,0.00871911990502076,"Rasgrp2"
"ENSMUSG00000113918",-1.40460272664087,0.895009347443882,20.4585000941161,0.00112058611121835,0.00872972269178877,"Gm6566"
"ENSMUSG00000024474",-1.14553426761079,6.90741305260602,20.4357293134328,0.00112255080215357,0.00873034478815755,"Ik"
"ENSMUSG00000039007",1.90379868909633,0.606680731858712,20.4510818521154,0.00112614213300953,0.00874007955999848,"Cpq"
"ENSMUSG00000010047",1.70770700860316,1.1524877901231,20.4101032019771,0.00112969661276941,0.0087548321503447,"Hyal2"
"ENSMUSG00000046006",-1.56864788389379,2.46559211475359,20.3884259126454,0.00113198377293169,0.00875508791442917,"Gapt"
"ENSMUSG00000063362",1.04389031756947,1.37381503749457,20.3657002370053,0.00113704443163491,0.00876943339523137,"Alg11"
"ENSMUSG00000041025",1.19529172180469,3.12479837274964,20.3576002002895,0.00113771851864746,0.00876943339523137,"Iffo2"
"ENSMUSG00000028906",-2.27603064420612,5.30266105813359,20.3549884725915,0.0011380892720465,0.00876943339523137,"Epb41"
"ENSMUSG00000032842",-1.39335883322007,0.897556166987401,20.3662262153025,0.00113827594893981,0.00876943339523137,"Abcc10"
"ENSMUSG00000067071",-1.04956639316412,2.3399094256194,20.3543868853191,0.00113853177389682,0.00876943339523137,"Hes6"
"ENSMUSG00000051490",-2.13434922896227,1.3570293346387,20.3577923255066,0.00113999936282324,0.00877131635416673,"Foxd4"
"ENSMUSG00000020788",-1.5983751685022,5.24914335962854,20.3433817263114,0.00114034156580895,0.00877131635416673,"Atp2a3"
"ENSMUSG00000040848",-1.29491294366353,5.87442830720254,20.3246120593332,0.00114399683465038,0.00879339679418851,"Sft2d2"
"ENSMUSG00000030527",-2.12407064349797,4.76447630972715,20.290398156225,0.00115076124810978,0.00880914023740864,"Crtc3"
"ENSMUSG00000108393",1.58737342664763,0.784248764055649,20.2907653717056,0.00115407475058875,0.00882847490092021,"Gm32633"
"ENSMUSG00000054520",1.42516538174659,7.96641749144377,20.2268188547395,0.00116327916322053,0.00888070135028097,"Sh3bp2"
"ENSMUSG00000033987",-1.96294361885897,3.19194429391459,20.1663726537532,0.0011756449327983,0.00895071519148811,"Dnah17"
"ENSMUSG00000075033",-1.40025574957907,1.53355584073519,20.1239905184505,0.00118501633045867,0.00898543844076477,"Nxpe3"
"ENSMUSG00000053411",-1.85713179518797,2.18013322233294,20.1142534777926,0.00118662383924624,0.00899154385830467,"Cbx7"
"ENSMUSG00000114963",-1.56676126954879,1.01662545764206,20.0839686540939,0.00119455794357905,0.00903944015779229,"Gm29010"
"ENSMUSG00000019088",1.03525033926972,1.22938931349805,20.0718828581491,0.00119589048029996,0.00904341741749103,"Dnase1l1"
"ENSMUSG00000021238",-1.49002317919168,1.28216265701992,20.0093760018756,0.00120919512921575,0.00912555542971102,"Aldh6a1"
"ENSMUSG00000039304",3.22079783063262,5.30314358706376,19.9847023767927,0.00121280079823445,0.0091410653828375,"Tnfsf10"
"ENSMUSG00000037336",-1.05396307593057,2.69693318107694,19.9378904347493,0.00122280749066363,0.00919106524465508,"Mfsd2b"
"ENSMUSG00000062753",1.28897387166002,3.66048294564366,19.9020199600648,0.00123026959599517,0.00922420606846635,"Smim29"
"ENSMUSG00000074896",2.86604354641829,10.0070014090195,19.8661536316943,0.00123786352169269,0.00926898278282917,"Ifit3"
"ENSMUSG00000024597",-2.06257321409806,2.05242511294565,19.8694126106591,0.00123812503131037,0.00926898278282917,"Slc12a2"
"ENSMUSG00000015468",1.51405713614969,1.21744872425701,19.8320820196853,0.00124706923836438,0.00931106259450338,"Notch4"
"ENSMUSG00000027175",1.19877722474733,1.22135284893075,19.7958522536654,0.00125452795761293,0.00935464530022975,"Tcp11l1"
"ENSMUSG00000041037",-1.31053544096789,2.66722074258243,19.7904396041953,0.00125457587991838,0.00935464530022975,"Irgq"
"ENSMUSG00000040522",-2.16135322937126,3.02907282350466,19.7625815412433,0.00126063676241984,0.00939358789656859,"Tlr8"
"ENSMUSG00000001123",1.21209817543884,8.50423665100523,19.7299307820237,0.001267523558192,0.00942604015453331,"Lgals9"
"ENSMUSG00000030987",-1.09110880937641,3.58848986295903,19.7272818140373,0.00126818519134235,0.00942604015453331,"Stim1"
"ENSMUSG00000022048",1.12879755637242,2.29774764040194,19.6817722152396,0.00127858646613524,0.00947943814206369,"Dpysl2"
"ENSMUSG00000038949",-2.40730709883378,2.60516105171776,19.6817377018016,0.00127892482116537,0.00947943814206369,"Cnst"
"ENSMUSG00000008496",1.24390505148647,5.26859418060581,19.6133285824877,0.00129359532098422,0.00953967393199242,"Pou2f2"
"ENSMUSG00000021939",1.55305954693849,10.3127610345615,19.6118014680722,0.0012939390629633,0.00953967393199242,"Ctsb"
"ENSMUSG00000029918",1.2133264600689,0.66355876348464,19.6259785012416,0.00129396111600025,0.00953967393199242,"Mrps33"
"ENSMUSG00000085720",-1.1082177030197,0.88427759058429,19.6178710337249,0.00129471259485683,0.00953967393199242,"Gm7854"
"ENSMUSG00000062310",2.2094583271225,0.807507072050835,19.6289147380331,0.00129758863246386,0.00954830978596351,"Glrp1"
"ENSMUSG00000033170",-2.07584690864523,2.70202659739456,19.5565498317827,0.00130699085437436,0.00960245946085834,"Card10"
"ENSMUSG00000029860",-1.28022650626607,7.98112901843395,19.543717546575,0.00130946482574628,0.00960417035480271,"Zyx"
"ENSMUSG00000020846",-2.58331400877831,6.24609356608129,19.5363589436485,0.00131115808662895,0.00960496971293805,"Rflnb"
"ENSMUSG00000018965",1.03682354780373,5.83853036055593,19.5349097356926,0.00131149040841187,0.00960496971293805,"Ywhah"
"ENSMUSG00000032526",-1.3342976448796,3.01920247122132,19.5191766112056,0.00131532728587932,0.00961973956808606,"Ss18l2"
"ENSMUSG00000033819",1.13222423793729,2.70473085886659,19.5169250291448,0.00131587942873882,0.00961973956808606,"Ppp1r16a"
"ENSMUSG00000105458",-1.59230101564258,0.328203993505855,19.5116524793016,0.00132487806375577,0.00965403671034518,"Mir3074-2"
"ENSMUSG00000024081",-1.23460698044137,5.45769538586964,19.4531951463625,0.00133045766261285,0.00968210326292349,"Cebpz"
"ENSMUSG00000062110",-1.87969268381355,0.657663907081365,19.4683084347733,0.00133327419813411,0.00969630365898053,"Scfd2"
"ENSMUSG00000060802",1.38973049567069,10.8758489670267,19.4294666165562,0.0013360254827606,0.00971001140421404,"B2m"
"ENSMUSG00000070304",-1.19041772217313,0.738728830427011,19.4001539183183,0.00134581286952656,0.00975554258658203,"Scn2b"
"ENSMUSG00000026837",1.25017732322902,1.10442589518622,19.3952624515574,0.00134593947496355,0.00975554258658203,"Col5a1"
"ENSMUSG00000023206",2.40822398383429,8.11718148295457,19.380418749014,0.00134762684615418,0.00975636567496763,"Il15ra"
"ENSMUSG00000030410",-2.01047807740157,0.723476331148079,19.3766476266423,0.00135526118922176,0.00979273717830847,"Dmwd"
"ENSMUSG00000043323",-1.07522675553669,4.98912351226185,19.3483831019977,0.00135527218377411,0.00979273717830847,"Fbrsl1"
"ENSMUSG00000032899",2.00725935407693,0.950278571208851,19.3569541424389,0.00135794071964353,0.00979938290086607,"Styk1"
"ENSMUSG00000087113",-1.39068946391181,1.38860847291787,19.3128435883602,0.00136523360853375,0.00982039348577518,"Gm11714"
"ENSMUSG00000038213",2.5690961905377,6.52026753420636,19.2988580728916,0.00136718926482611,0.00982631081619934,"Tapbpl"
"ENSMUSG00000049892",1.99167618855461,4.77927227565997,19.2769875365376,0.00137256162599866,0.00984097439396724,"Rasd1"
"ENSMUSG00000036381",1.61012148267646,4.44337133247649,19.2431270457336,0.00138082246956604,0.00988022495147119,"P2ry14"
"ENSMUSG00000050912",-2.07979241308516,4.08177485674298,19.2040071393527,0.00139045402369853,0.00991693424395566,"Tmem123"
"ENSMUSG00000097572",1.84614607976327,4.81295798406464,19.2013650954302,0.00139104315441227,0.00991693424395566,"Gm26797"
"ENSMUSG00000038250",-1.52568431752467,6.94745852165634,19.164409647094,0.00140018560959342,0.0099504629845995,"Usp38"
"ENSMUSG00000018800",-1.70077683725936,1.14455358319258,19.1478643670029,0.00140689533372125,0.00997122427601529,"Abca5"
"ENSMUSG00000037692",-1.16953215990405,3.18286400094838,19.1281845886257,0.00140939884002952,0.00997765833294934,"Ahdc1"
"ENSMUSG00000023832",-1.06343852283268,2.97097191647877,19.0998357458764,0.00141660676586701,0.010006500221775,"Acat2"
"ENSMUSG00000001227",-1.62119308254343,5.3866017252361,19.0914210990255,0.00141850268187464,0.010006500221775,"Sema6b"
"ENSMUSG00000020681",-2.64634575856637,4.44001351005981,19.0680311014682,0.00142452080337177,0.0100343209575031,"Ace"
"ENSMUSG00000056476",1.16157702950314,6.56489664939648,19.0591498100855,0.00142669031129334,0.010042643374004,"Med12l"
"ENSMUSG00000022142",-1.95255575443144,4.103634310607,19.0445156780813,0.00143050651887077,0.0100575197973555,"Nup155"
"ENSMUSG00000069873",1.2263733179443,2.06461904916827,19.0385826684379,0.00143248657915222,0.0100651267037987,"4930438A08Rik"
"ENSMUSG00000004500",2.40673817485774,1.17965676120221,19.0042506665827,0.00144639889875311,0.0101121599864791,"Zfp324"
"ENSMUSG00000058006",-1.253092390581,3.84187955350031,18.9704907656354,0.00144956452578219,0.0101179414444065,"Mdn1"
"ENSMUSG00000060681",-1.56852502382584,1.40148735864596,18.9751593559982,0.00144993432316559,0.0101179414444065,"Slc9a6"
"ENSMUSG00000020009",-1.37297528813396,5.79677798389424,18.9639665779236,0.00145118011708644,0.0101203332745412,"Ifngr1"
"ENSMUSG00000067713",-1.18983784294151,4.80780403989227,18.8598384161554,0.00147855547880507,0.0102348185614382,"Prkag1"
"ENSMUSG00000030107",1.99305439050365,8.48396333303902,18.8307662422211,0.00148630474981354,0.0102631037160569,"Usp18"
"ENSMUSG00000022791",-1.40049640410342,2.22732156439187,18.8080360688915,0.00149290923040708,0.0102974562012928,"Tnk2"
"ENSMUSG00000052934",-2.73226210118996,4.20893935986484,18.8025910305033,0.00149403620802195,0.0102974562012928,"Fbxo31"
"ENSMUSG00000029108",-1.04549499244355,0.970321709065701,18.7986065008481,0.00149696840240144,0.0103045922559307,"Pcdh7"
"ENSMUSG00000051648",1.42323370208811,1.09276844092798,18.7969436714844,0.00149770053610051,0.0103045922559307,"Kctd19"
"ENSMUSG00000001034",1.71971765159941,5.01567555573293,18.7826369052167,0.00149925255654682,0.0103045922559307,"Mapk7"
"ENSMUSG00000039621",-1.13507561375582,7.01480127452939,18.7785765539703,0.00150034620518082,0.0103045922559307,"Prex1"
"ENSMUSG00000026313",-1.78462406935064,7.06620610623986,18.7776817916042,0.00150058843237966,0.0103045922559307,"Hdac4"
"ENSMUSG00000062488",2.52058641822677,8.3050671797403,18.7373960749793,0.00151153836872782,0.0103544073950689,"Ifit3b"
"ENSMUSG00000005986",-1.95750850819288,1.60907647256712,18.7263164899937,0.00151638774201327,0.0103749434827489,"Ankrd13d"
"ENSMUSG00000015243",-1.29961609250549,9.73689807127957,18.7078528145332,0.00151962963646434,0.010378116597109,"Abca1"
"ENSMUSG00000021311",-1.40691960603394,2.86514076914914,18.697592456961,0.00152272039927726,0.0103928913000611,"Mtr"
"ENSMUSG00000112627",2.67164998850945,3.2359145765723,18.6909097039418,0.00152473324346154,0.0104002954713776,"4933412E12Rik"
"ENSMUSG00000056124",-2.99674072878926,3.31814415341811,18.6586623030362,0.00153377481631895,0.0104429005871728,"B4galt6"
"ENSMUSG00000028558",-1.05738333473962,0.876589388112769,18.6553643347425,0.0015365067818384,0.0104523819979087,"Calr4"
"ENSMUSG00000025648",-1.56361542707818,6.2997756995369,18.6449500416026,0.00153703270567981,0.0104523819979087,"Pfkfb4"
"ENSMUSG00000029156",1.78423812908885,0.0975837012688039,18.660333741738,0.00155008768706183,0.0105216504425037,"Sgcb"
"ENSMUSG00000003680",1.37105435548827,0.469180501093323,18.5989141264786,0.00155567787030351,0.010527543123103,"Taf6l"
"ENSMUSG00000030980",1.03732254744407,1.93854125332329,18.5409415744818,0.00156697695065347,0.0105788225721739,"Knop1"
"ENSMUSG00000049550",-1.31580449070586,6.25281297426632,18.5325196659038,0.0015687388667899,0.0105788225721739,"Clip1"
"ENSMUSG00000002365",-1.06908557423336,3.50834886777585,18.5291736211433,0.00156978512871645,0.0105788225721739,"Snx9"
"ENSMUSG00000042712",-1.00857959532654,2.14616092333206,18.4970501420546,0.00157937083296995,0.0106294457451998,"Tceal9"
"ENSMUSG00000023952",1.0294525658568,6.49281134274883,18.4879924689707,0.00158151302769657,0.0106322834441484,"Gtpbp2"
"ENSMUSG00000091144",2.38706716989487,3.78665738466459,18.4772260264883,0.0015848089059412,0.0106480536024478,"Phf11c"
"ENSMUSG00000044566",-1.15428175732262,0.64035153081537,18.4783757008832,0.00158789193221681,0.0106623756047656,"Cage1"
"ENSMUSG00000027424",1.22163454266425,0.302893634477331,18.4432469307894,0.00160122006506931,0.0107225632990418,"Mgme1"
"ENSMUSG00000026928",-1.56607566730367,4.83928109348262,18.41872786348,0.0016016392399925,0.0107225632990418,"Card9"
"ENSMUSG00000005125",-1.46832513661183,5.72143398070323,18.4084289533544,0.00160465344629663,0.0107299231340372,"Ndrg1"
"ENSMUSG00000091337",-1.88740179518367,3.66995913940021,18.4034192316933,0.00160629559783838,0.0107328937147949,"Eid1"
"ENSMUSG00000071724",-1.16298620585512,2.27276716280422,18.3662362721776,0.00161753591983298,0.0107967391623396,"Smpd5"
"ENSMUSG00000043263",2.77447003523332,8.60444171076117,18.3463465929909,0.00162299104990606,0.010826702795415,"Ifi209"
"ENSMUSG00000059639",1.74561548017464,0.480235291482196,18.3708208696977,0.00162447675444999,0.0108301671547419,"Clec4a4"
"ENSMUSG00000062980",1.39981362952312,2.80256413711268,18.3055816533992,0.00163553724463662,0.010871569336087,"Cped1"
"ENSMUSG00000021814",1.54440368406993,5.83966830560141,18.2776291528531,0.00164358637734954,0.0109121282766329,"Anxa7"
"ENSMUSG00000022665",-1.36414218292495,3.60972947968601,18.2545657749607,0.00165066388068845,0.0109461479946008,"Ccdc80"
"ENSMUSG00000028158",1.1686030883528,0.375389776919863,18.2591035934344,0.00165501722877909,0.0109598118516947,"Mttp"
"ENSMUSG00000029470",1.06018376766776,4.39799218087146,18.2378467430947,0.00165565820156323,0.0109598118516947,"P2rx4"
"ENSMUSG00000028540",1.55098370565815,-0.124195483467205,18.274181313157,0.00166511750986103,0.0110159220383781,"Dph2"
"ENSMUSG00000026768",-1.78929260472023,1.1304948280405,18.1925283826895,0.00167275154617894,0.0110515631129976,"Itga8"
"ENSMUSG00000028207",1.04291642000604,6.08171089093232,18.1797572924983,0.00167346324643143,0.0110515631129976,"Asph"
"ENSMUSG00000020700",-1.58091414401339,5.52286085596576,18.1588187385223,0.00167994138799852,0.0110812849530897,"Map3k3"
"ENSMUSG00000059824",1.40703142241395,1.66305338644294,18.1578563384699,0.00168141319462572,0.0110844692189238,"Dbp"
"ENSMUSG00000024033",-1.58973704773919,0.782128502163774,18.1544636973926,0.00168574286030921,0.0111064786804734,"Rsph1"
"ENSMUSG00000021057",-1.28331472715022,1.05639381840958,18.1243442138027,0.00169298498867416,0.0111410938156614,"Akap5"
"ENSMUSG00000070427",1.16309493499113,6.80151194515824,18.1099368687359,0.00169517736750348,0.0111484026817078,"Il18bp"
"ENSMUSG00000023473",-1.72566248003408,5.92939847803531,18.1070450486314,0.00169608517643542,0.0111484026817078,"Celsr3"
"ENSMUSG00000034993",1.0073457616664,3.44084484590672,18.1007072332591,0.00169817106928195,0.0111555704416429,"Vat1"
"ENSMUSG00000030788",-1.27652531262195,4.95517939040622,18.0750812797832,0.00170614802131532,0.0111948482874009,"Rnf141"
"ENSMUSG00000028088",-1.39637779817336,1.49474258895641,18.0616698561257,0.00171179832603215,0.0111956956864572,"Fmo5"
"ENSMUSG00000090641",1.99715587578971,-0.231461472172255,18.0960744733469,0.00173614680007608,0.0113221847185164,"Zfp712"
"ENSMUSG00000031902",-1.13539024905345,5.26492390942161,17.9676429477941,0.00174049349172248,0.0113365843905158,"Nfatc3"
"ENSMUSG00000108929",-1.15530581230364,1.22529160230899,17.9662316427738,0.00174270521726966,0.0113417522473526,"Cc2d2b"
"ENSMUSG00000056656",-2.05670720292113,2.95568905087861,17.926807292173,0.0017541428595293,0.0113958893096534,"Apol8"
"ENSMUSG00000036073",-1.22081600128743,3.96809379430595,17.9230167401158,0.00175509100994573,0.0113958893096534,"Galt"
"ENSMUSG00000021930",1.02012620771883,1.69068928118467,17.9090887918347,0.00176045946832826,0.0114175169337701,"Spryd7"
"ENSMUSG00000057667",1.22224438574384,2.93300786325156,17.8927457170102,0.00176521107259633,0.0114350985494723,"Bloc1s3"
"ENSMUSG00000017376",-1.56650838005036,3.45301672958634,17.8832924729503,0.00176822733190699,0.0114480206289322,"Nlk"
"ENSMUSG00000001127",-1.36866967540356,4.22715891368123,17.8717452212533,0.00177194063754211,0.0114625457752524,"Araf"
"ENSMUSG00000079334",1.00929918912104,2.37663737253442,17.8710934422572,0.00177251644762313,0.0114625457752524,"Naa80"
"ENSMUSG00000020432",-1.13731847692208,6.08620422151341,17.8397253628516,0.00178247851468271,0.0115091981237921,"Tcn2"
"ENSMUSG00000021094",-1.48385130168328,4.70335681964371,17.838742743739,0.00178281145203025,0.0115091981237921,"Dhrs7"
"ENSMUSG00000029919",1.51373391645561,4.58160901390104,17.791684089763,0.00179856891009112,0.0115775771254401,"Hpgds"
"ENSMUSG00000030180",-1.00127053857116,6.62667384587241,17.7504733073951,0.00181249705495392,0.0116338227347472,"Kdm5a"
"ENSMUSG00000074783",-1.03783036734741,4.69794835221111,17.7338934217118,0.0018181447440815,0.0116521445798585,"AU019990"
"ENSMUSG00000009035",1.75694571068153,7.07380906859516,17.7329249716355,0.00181847067637838,0.0116521445798585,"Tmem184b"
"ENSMUSG00000069607",-2.07085221416723,1.35395860535361,17.7384186169137,0.00181985555350787,0.0116543549646644,"Cd300ld3"
"ENSMUSG00000035354",-1.2113365901237,5.46449670699446,17.6979193138827,0.00183045943144074,0.0117113316062834,"Uvrag"
"ENSMUSG00000074794",-1.38725083135093,4.42141239363684,17.6948740526215,0.00183155219751956,0.0117113316062834,"Arrdc3"
"ENSMUSG00000056602",-1.11669382414371,4.26265600879075,17.693788216995,0.00183188759755642,0.0117113316062834,"Fry"
"ENSMUSG00000027225",2.74970981580938,-0.0300648892373111,17.8076210710644,0.0018367499005212,0.011720098421903,"Duoxa2"
"ENSMUSG00000078616",3.1506649555778,7.75310451916209,17.6716000750021,0.00183953360615039,0.011720098421903,"Trim30c"
"ENSMUSG00000020721",-1.5196306232107,3.70634817744686,17.6650498381816,0.00184190428087398,0.0117285348157697,"Helz"
"ENSMUSG00000100658",1.29074414461995,1.06079747579689,17.6563102791018,0.00184734107718201,0.0117560582195435,"F730311O21Rik"
"ENSMUSG00000034973",-2.16404064678473,3.32442656861974,17.6472578313162,0.00184832467054838,0.0117560582195435,"Dop1a"
"ENSMUSG00000079363",3.52639006920227,6.70131493281679,17.634898369934,0.00185228326947544,0.0117745539427177,"Gbp4"
"ENSMUSG00000072244",1.09717122765611,0.66469671481236,17.6216667504362,0.00186071901443767,0.0118135163298787,"Trim6"
"ENSMUSG00000025235",1.21520771194532,-0.0503693155817011,17.6479392885943,0.00186157489413454,0.0118135163298787,"Bbs4"
"ENSMUSG00000028238",2.32102758643526,4.51273774751025,17.6037189928733,0.0018632890676976,0.0118177026495116,"Atp6v0d2"
"ENSMUSG00000024589",-1.33820670244157,3.15938128362765,17.5791097757635,0.00187206115464686,0.0118537261718113,"Nedd4l"
"ENSMUSG00000045094",1.51482651631553,2.30624209964178,17.5791519718766,0.00187245067693826,0.0118537261718113,"Arhgef37"
"ENSMUSG00000020027",1.17192069985769,1.5872660802652,17.5739608543512,0.00187484612658364,0.0118537261718113,"Socs2"
"ENSMUSG00000040907",-2.75614141183886,5.60396867143116,17.55327472019,0.00188101698531037,0.0118825200317537,"Atp1a3"
"ENSMUSG00000051695",1.0023535731554,6.57699602050639,17.544470156782,0.00188414119200696,0.0118830271419478,"Pcbp1"
"ENSMUSG00000022191",1.06068125290084,1.32459106523415,17.543506131786,0.0018860730337207,0.0118842551275624,"Drosha"
"ENSMUSG00000026933",1.01111468754388,1.33418473100456,17.5421037893923,0.00188650752850304,0.0118842551275624,"Camsap1"
"ENSMUSG00000005973",1.2929623223029,1.08466856056854,17.5300478640839,0.00189176339955613,0.0119098532557324,"Rcn1"
"ENSMUSG00000039263",-1.58631835659462,1.84642333772958,17.5151776964637,0.00189577303625114,0.0119225187526748,"Npepl1"
"ENSMUSG00000082674",-1.56598015186508,-0.0705177941826205,17.5625141818307,0.00189803788876047,0.0119300676496571,"Gm11914"
"ENSMUSG00000036880",-1.1829743846395,1.32357961840872,17.4990305289885,0.0019021041664597,0.0119422304725568,"Acaa2"
"ENSMUSG00000041481",3.15399889009128,2.66864189719225,17.478275864838,0.00190981255689969,0.0119705085711269,"Serpina3g"
"ENSMUSG00000036606",1.13633195361468,2.76851753784513,17.4612423769266,0.00191436184120059,0.0119923159051621,"Plxnb2"
"ENSMUSG00000026048",-1.79626070646744,1.90522357386348,17.4501517775895,0.0019193688539721,0.0120169646628298,"Ercc5"
"ENSMUSG00000019792",1.3208655399288,1.28894784701041,17.4484660847719,0.00192069575071337,0.0120185579443019,"Trmt11"
"ENSMUSG00000061533",-1.25899957772109,3.92106263565908,17.4256623311174,0.0019271077155916,0.0120385151441667,"Cep128"
"ENSMUSG00000031229",-1.11618852890427,6.51300938649722,17.4092687891227,0.00193301913793566,0.012055284072813,"Atrx"
"ENSMUSG00000028066",-1.65285640169141,0.831521810556405,17.4073769179566,0.00193855900151753,0.0120831094160217,"Pmf1"
"ENSMUSG00000039031",-1.28346893915438,2.80958507845512,17.3327672372758,0.00196167168494968,0.012179014831189,"Arhgap18"
"ENSMUSG00000025757",-1.33047610770618,8.1040802393497,17.3162100477775,0.0019675501335698,0.0121968870066155,"Hspa4l"
"ENSMUSG00000040466",1.6916832300977,2.65109212654904,17.2952591094728,0.00197593305317127,0.0122209060302927,"Blvrb"
"ENSMUSG00000099238",-1.00221596650331,1.04839205547956,17.2892397419306,0.00197986983043023,0.0122385003803815,"Mir7001"
"ENSMUSG00000031605",-1.09267442309695,7.14464885738235,17.2577394811731,0.00198962730834739,0.0122920359672818,"Klhl2"
"ENSMUSG00000032519",-1.38299852203173,3.35998337559934,17.2396430631954,0.00199668216160678,0.0123184402450647,"Slc25a38"
"ENSMUSG00000025498",2.00565557675452,10.45125740586,17.2337750719144,0.0019987616644632,0.0123184402450647,"Irf7"
"ENSMUSG00000073002",-1.32818336289302,1.11651202438321,17.2294324241718,0.00200292089835895,0.0123333706087411,"Vamp5"
"ENSMUSG00000031112",-1.46483177782022,3.34942305581971,17.2009876284824,0.00201154655594266,0.0123796827306147,"Stk26"
"ENSMUSG00000036526",1.35191995952896,1.75282399769227,17.184428023739,0.0020188903237081,0.0124112473163997,"Card11"
"ENSMUSG00000022003",-1.0508269891456,3.79853117323183,17.1523038983644,0.00203029646654703,0.0124411744378813,"Slc25a30"
"ENSMUSG00000054203",2.21273784179336,6.7816313889951,17.1496698211248,0.0020312232779942,0.0124411744378813,"Ifi205"
"ENSMUSG00000087141",2.17205794653923,5.20839213578591,17.1429558312627,0.00203384801493921,0.0124411744378813,"Plcxd2"
"ENSMUSG00000004931",1.16520173994581,2.50305445113653,17.1374163357228,0.00203648833809537,0.0124411744378813,"Apba3"
"ENSMUSG00000015968",1.09224357393115,3.35164086871429,17.1151927621253,0.00204483008590472,0.0124817052139075,"Cacna1d"
"ENSMUSG00000026409",-1.04984293549317,0.853769537565098,17.0951195298515,0.00205561341824639,0.0125202497708083,"Pfkfb2"
"ENSMUSG00000021068",-1.68961423545115,6.39686702860786,17.0786055711935,0.00205914692988823,0.0125349590674945,"Nin"
"ENSMUSG00000046032",1.01485918458363,3.04169162725015,17.0754109806846,0.00206070939965836,0.012537660283372,"Snx12"
"ENSMUSG00000040693",-1.29283808969294,2.94139252078433,17.0624078856785,0.00206589282093396,0.0125555644491361,"Slco4c1"
"ENSMUSG00000000861",-1.49343403389602,1.21917109897074,17.0596029369565,0.00206926153007619,0.0125692216626362,"Bcl11a"
"ENSMUSG00000024570",-2.22268840271848,3.32604151074605,17.0125760552368,0.00208589352666698,0.0126496800613403,"Rbfa"
"ENSMUSG00000056203",-1.37290255184906,0.724606517044355,17.001131244771,0.00209477136914802,0.0126849138996858,"Tas2r135"
"ENSMUSG00000029449",-1.95819769644904,4.83028262913133,16.9631129507728,0.0021056146402745,0.0126990551327218,"Rhof"
"ENSMUSG00000020978",-2.0697190662268,1.50331947544462,16.9670503547436,0.00210687241874146,0.0126990551327218,"Klhdc2"
"ENSMUSG00000034612",-1.10410039758282,7.6002479971878,16.9572784232845,0.00210789669202664,0.0126990551327218,"Chst11"
"ENSMUSG00000046605",-1.19184109542675,2.06117466205732,16.9569472077971,0.00210876609279873,0.0126990551327218,"B3gntl1"
"ENSMUSG00000017550",-1.81587601233128,2.76834139858238,16.9398011602403,0.00211555296565073,0.0127129640116438,"Atad5"
"ENSMUSG00000040472",-1.01462670735594,1.49959826894096,16.9235003323882,0.00212305466618185,0.0127371914581906,"Rabggta"
"ENSMUSG00000036905",1.09495739979373,1.74521588143718,16.8934063850755,0.00213513620413784,0.0127723977535453,"C1qb"
"ENSMUSG00000027349",-1.61494490892981,2.10845155005015,16.8926610431123,0.00213531793274502,0.0127723977535453,"Fam98b"
"ENSMUSG00000022253",-1.43431861993821,2.74773609955799,16.882839104627,0.00213897917250575,0.0127723977535453,"Nadk2"
"ENSMUSG00000045954",-1.28315629942075,0.462166034020129,16.8598687819777,0.00215462108101899,0.0128357425866554,"Cavin2"
"ENSMUSG00000036825",-2.40393635788586,0.738764882835029,16.8656016586252,0.00216103072082775,0.0128487570029182,"Ssx2ip"
"ENSMUSG00000095028",-1.18935397877326,4.29345940719934,16.8286468407023,0.00216114097889718,0.0128487570029182,"Sirpb1b"
"ENSMUSG00000042724",-1.42567360648789,5.08727594025999,16.8064640069791,0.00217045278713787,0.0128954010216582,"Map3k9"
"ENSMUSG00000024338",2.2421561995296,8.20831453675131,16.7880434625344,0.0021782412585544,0.0129230014741234,"Psmb8"
"ENSMUSG00000033149",1.97876670300508,2.96239364649408,16.7855390972823,0.00217973477707451,0.0129250199188752,"Phldb2"
"ENSMUSG00000027361",-1.18646284432155,5.96496633807884,16.7787817561276,0.00218217287786143,0.0129257988595101,"Gabpb1"
"ENSMUSG00000031066",-1.11844300715034,1.32934432490626,16.7555816304442,0.00219384865690617,0.0129812364825488,"Usp11"
"ENSMUSG00000059248",-1.16927672557251,4.68174197335308,16.7383456913756,0.00219943961306412,0.0130030083817627,"Septin9"
"ENSMUSG00000025261",-1.22223627653815,6.64851839292692,16.7373791389151,0.00219984865635961,0.0130030083817627,"Huwe1"
"ENSMUSG00000029086",1.75665302330707,4.22920048725808,16.7128127022812,0.00221052458416859,0.0130317459309718,"Prom1"
"ENSMUSG00000028917",1.02967704742131,6.76485694714162,16.6951568757936,0.00221805287464709,0.0130486711633438,"Plekhm2"
"ENSMUSG00000022179",1.74128982363717,1.72695530832213,16.6648011986085,0.00223299611447126,0.0131169328205766,"4931414P19Rik"
"ENSMUSG00000025758",-1.30045616443316,3.19402820473791,16.6526915725173,0.0022367703592896,0.0131267871612526,"Plk4"
"ENSMUSG00000042106",1.80171495373742,1.06073148591854,16.6616050542801,0.00223718778245673,0.0131267871612526,"Inka1"
"ENSMUSG00000119584",2.19672127133425,13.827907261092,16.6389142438814,0.00224258460833713,0.0131396632436709,"Rn18s"
"ENSMUSG00000047921",-1.41895382511246,3.68562982754367,16.6282669539123,0.00224738353358909,0.0131521813373018,"Trappc9"
"ENSMUSG00000063445",2.03365032857484,0.245973791218991,16.6721471272067,0.00225161483097235,0.0131700664982814,"Nmral1"
"ENSMUSG00000073409",1.102234574357,5.5712599086566,16.6107209460049,0.00225500671932446,0.0131830257190763,"H2-Q6"
"ENSMUSG00000036249",1.44306147417409,5.03904826695291,16.6027955452587,0.00225851609821435,0.0131966579315372,"Rbm43"
"ENSMUSG00000064345",-1.21117440666761,8.73581378080556,16.5936624935179,0.00226256028652111,0.0131996424419792,"mt-Nd2"
"ENSMUSG00000035024",-2.83913251730893,3.34909737263064,16.5874690709228,0.00226590173531646,0.0132053878043118,"Ncapd3"
"ENSMUSG00000041263",-1.22742199379125,0.852660597229036,16.5876087928917,0.00226888402693078,0.0132158956807761,"Rusc1"
"ENSMUSG00000079057",1.90718509136446,4.26281743839571,16.5714703569949,0.00227254548188097,0.0132234772665836,"Cyp4v3"
"ENSMUSG00000003873",1.16837442309053,3.99400077440276,16.5653630573423,0.00227526702746512,0.013232442956306,"Bax"
"ENSMUSG00000042350",1.17165661120331,7.05011218544999,16.5349200852426,0.00228881218006901,0.0132699007253147,"Arel1"
"ENSMUSG00000033088",1.05206834538995,6.98836175631374,16.5151967982025,0.00229770861982162,0.0132939703161285,"Triobp"
"ENSMUSG00000034707",1.19913537209436,9.80800111143657,16.4754735227464,0.00231575288582561,0.0133501247898393,"Gns"
"ENSMUSG00000075010",3.6335758607489,6.07537549627943,16.4656294164182,0.00232035454065114,0.0133560417755919,"AW112010"
"ENSMUSG00000020732",-1.64768370642883,4.26973917528222,16.4360654346033,0.00233393046465118,0.0134066420898748,"Rab37"
"ENSMUSG00000025007",-1.93683238856416,1.19286767138346,16.4311994031103,0.00234039200846269,0.0134368715362917,"Aldh18a1"
"ENSMUSG00000038473",-1.26115738364015,1.64960846586624,16.4061253999839,0.00234899798823794,0.0134793755525769,"Nos1ap"
"ENSMUSG00000029322",1.27881597497523,7.39645253349655,16.3991840597496,0.00235088921074914,0.0134811876942496,"Plac8"
"ENSMUSG00000069910",1.12723065240253,0.888465459417682,16.3999855445005,0.00235387698719245,0.0134866561326512,"Spdl1"
"ENSMUSG00000050786",1.42234592623025,4.78485356159407,16.3771459837483,0.00236116511603097,0.0135215009991615,"Ccdc126"
"ENSMUSG00000039270",-1.04443419652874,3.73004166689476,16.3621124293061,0.00236830818333873,0.0135554799850241,"Megf9"
"ENSMUSG00000030254",-1.67088595503251,1.36254497634703,16.3612454829538,0.00237131923629432,0.0135657859526036,"Rad18"
"ENSMUSG00000110206",1.07329654109617,0.630355134459026,16.3431847173404,0.00238177656192714,0.0136186581273048,"Flt3l"
"ENSMUSG00000025375",-1.87639791465718,2.32541926157145,16.3301813195355,0.00238415400380846,0.0136253003165127,"Aatk"
"ENSMUSG00000020553",-2.15355365757002,1.01838119022523,16.3341175339651,0.00238869514038124,0.01364429482072,"Pctp"
"ENSMUSG00000080717",1.01524740747012,4.22016148739007,16.3010831004431,0.00239705404044312,0.0136641834340011,"B230307C23Rik"
"ENSMUSG00000039851",-1.4187912943318,0.31291576786295,16.3097216913272,0.00240333399672811,0.013683604935787,"Epcip"
"ENSMUSG00000002227",1.72805326337987,6.74769049424784,16.2856193735572,0.00240439126799731,0.013683604935787,"Mov10"
"ENSMUSG00000068758",1.26234387389048,4.22740296395415,16.282880132095,0.00240580499648908,0.013683604935787,"Il3ra"
"ENSMUSG00000038508",2.17250321151246,4.1392352990751,16.2810447509169,0.00240670397251956,0.013683604935787,"Gdf15"
"ENSMUSG00000026600",1.13134186903113,6.72147935248495,16.2786088329589,0.00240774162405814,0.013683604935787,"Soat1"
"ENSMUSG00000029162",-1.87078413341824,1.83353058992443,16.2822255671657,0.00240778700217471,0.013683604935787,"Khk"
"ENSMUSG00000039145",-1.64486635725642,3.80099632779252,16.2736682879427,0.00241023097030673,0.0136876154239623,"Camk1d"
"ENSMUSG00000028108",1.00720596452384,5.50659902751828,16.257817325407,0.00241771320728237,0.0137191452729182,"Ecm1"
"ENSMUSG00000087231",-1.35286249480965,2.01502945318872,16.2232416235783,0.00243535175889874,0.0137936724867435,"E230016M11Rik"
"ENSMUSG00000045598",1.40795660224927,0.107531976194614,16.2188340591063,0.0024519813595408,0.0138714563838333,"Zfp553"
"ENSMUSG00000030671",-2.05541574269585,2.73439700935693,16.1841936097765,0.00245411313473921,0.0138765115545017,"Pde3b"
"ENSMUSG00000038740",-2.07091016091632,2.79196360049543,16.1774969705872,0.00245735932520756,0.01388785978699,"Mvb12b"
"ENSMUSG00000078780",-1.34679107758078,2.77910967063282,16.1608550420648,0.00246528790913049,0.013918630527771,"Gm5150"
"ENSMUSG00000099241",2.62497394037181,2.36397807379263,16.148041839686,0.00247309337929463,0.013948644943007,"Gvin-ps2"
"ENSMUSG00000043004",-2.45330343290233,4.00240371411803,16.1381441649272,0.0024763170691828,0.0139561129328287,"Gng2"
"ENSMUSG00000021149",-1.31641314824869,3.55952830233531,16.0906141741329,0.0024998556439905,0.0140641978926714,"Gtpbp4"
"ENSMUSG00000015314",1.41715279839544,0.321623876376942,16.0826924254293,0.00251456605201317,0.0141115381797254,"Slamf6"
"ENSMUSG00000098112",-1.32437778408193,5.05275829625495,16.030599756836,0.00252998246476087,0.0141625941471404,"Bin2"
"ENSMUSG00000096727",1.73600550629964,6.97721913986226,16.0149782094222,0.00253792536564215,0.014175663037375,"Psmb9"
"ENSMUSG00000038482",-1.15283703677859,3.10428113209773,16.0141979805559,0.00253864153796837,0.014175663037375,"Tfdp1"
"ENSMUSG00000041765",-1.45434918944077,3.28068480043804,15.9640491596401,0.00256429080459543,0.014274444672825,"Ubac2"
"ENSMUSG00000074886",-2.44117984079433,6.28783066262011,15.9594378679089,0.00256642611919895,0.014274444672825,"Grk6"
"ENSMUSG00000002058",-1.07232110325153,3.809833536279,15.908555286232,0.00259299041957412,0.0144032420913896,"Unc119"
"ENSMUSG00000073795",-1.01285711631917,1.32234722155862,15.9102194133855,0.00259389975826073,0.0144032420913896,"Spef1l"
"ENSMUSG00000058135",1.18633885732164,4.26148468904976,15.9030454802634,0.00259584097131399,0.0144032420913896,"Gstm1"
"ENSMUSG00000034663",-1.1360776066141,5.7855400320256,15.9004688687898,0.00259710648704405,0.0144032420913896,"Bmp2k"
"ENSMUSG00000048920",1.12477595984056,1.93931051498979,15.8947391311808,0.00260107304591147,0.0144165309720722,"Fkrp"
"ENSMUSG00000039682",1.55004830820347,1.71966152267158,15.8807817535601,0.00260911927365451,0.0144539790903836,"Lap3"
"ENSMUSG00000025223",-1.60831914806417,3.67406928020859,15.8728171603776,0.00261178178553865,0.0144551882563708,"Ldb1"
"ENSMUSG00000030219",-1.17178736236518,0.417564801117673,15.8862203885108,0.00261191721416534,0.0144551882563708,"Erp27"
"ENSMUSG00000021262",1.37233551260502,3.37598897102987,15.8575258540833,0.002619921428417,0.0144765312099995,"Evl"
"ENSMUSG00000032410",1.04983002740943,6.92716718391762,15.8323710291666,0.00263308830113086,0.0145007472190533,"Xrn1"
"ENSMUSG00000055116",-1.1899829942449,0.606753885030195,15.8391873538298,0.00263507068846653,0.0145045369379393,"Bmal1"
"ENSMUSG00000073490",1.94779056431847,9.55927328855505,15.8115479449397,0.00264421073472818,0.0145477023584186,"Ifi207"
"ENSMUSG00000048480",1.29085220049233,2.49329749147515,15.8043520851455,0.00264866466711805,0.0145650563907713,"Cxcr1"
"ENSMUSG00000089549",-1.39838515267534,0.679085423780861,15.788806384968,0.00266244633973273,0.0145981034570099,"Gm25831"
"ENSMUSG00000032120",-2.4439160572354,1.78182746450639,15.7758624346904,0.00266693902649083,0.0146082041397276,"C2cd2l"
"ENSMUSG00000055401",1.3040063457106,4.1243002415718,15.7655435421475,0.00266910184842373,0.014609351247367,"Fbxo6"
"ENSMUSG00000023307",1.11107119144131,6.46762307699379,15.7445750167163,0.00268037103875955,0.0146543786934217,"Marchf5"
"ENSMUSG00000046718",2.67391390112615,7.27180518482248,15.7309433392094,0.00268780412643563,0.0146866020697046,"Bst2"
"ENSMUSG00000029833",-1.5097950748694,2.69120823042085,15.6627799664261,0.00272593601654309,0.014829885891941,"Trim24"
"ENSMUSG00000109921",-1.04713951105795,0.912663953641792,15.6485328668892,0.0027366246327483,0.0148808113824407,"Gm33326"
"ENSMUSG00000021340",-2.02507354849151,0.00385995101169529,15.675544797671,0.00275623508222449,0.0149416810198471,"Gpld1"
"ENSMUSG00000032265",1.1271956835963,7.85660403328169,15.6023630408858,0.00275914964523172,0.0149416810198471,"Tent5a"
"ENSMUSG00000021607",1.16743204809624,0.814090300847115,15.6080727105454,0.00276021640287995,0.0149416810198471,"Mrpl36"
"ENSMUSG00000027078",2.53641477316697,7.59044488284663,15.598814510628,0.00276115119051516,0.0149416810198471,"Ube2l6"
"ENSMUSG00000055296",-1.10113193973975,2.03260170461279,15.5620554280151,0.00278287389239888,0.015027030929,"Tmem245"
"ENSMUSG00000074305",-1.01873212388515,3.73089498214035,15.5583842581268,0.00278420126324832,0.015027030929,"Peak1"
"ENSMUSG00000019558",2.05087411338026,1.8790505667661,15.5574693817465,0.0027867288547993,0.0150292927217208,"Slc6a8"
"ENSMUSG00000028885",1.39257665867826,6.46697164100643,15.5354665897576,0.00279717195263535,0.0150638664455475,"Smpdl3b"
"ENSMUSG00000036964",1.50927473721816,0.770434400364033,15.5335511794801,0.00280440879156594,0.0150955856518153,"Trim17"
"ENSMUSG00000037331",1.67674705682606,7.59665149311209,15.5034861869558,0.00281557102644897,0.0151162943043822,"Larp1"
"ENSMUSG00000090231",2.62321206132575,3.70096311724261,15.4995701109661,0.00281830354273017,0.0151162943043822,"Cfb"
"ENSMUSG00000021693",-1.58968901512211,4.40332373026977,15.4864699262587,0.00282553874918797,0.0151293897573577,"Kif2a"
"ENSMUSG00000018167",1.3212331687199,6.39355212852028,15.4808081223019,0.00282870763409743,0.0151391243817239,"Stard3"
"ENSMUSG00000027865",-1.29134538501747,3.68920496544586,15.4355936283374,0.00285525368116586,0.0152182701890569,"Gdap2"
"ENSMUSG00000031803",1.52893350918361,0.472880281690339,15.4521216635521,0.00285571715959549,0.0152182701890569,"B3gnt3"
"ENSMUSG00000049553",-1.34521127539938,5.21576560621972,15.4314876830433,0.00285753512511588,0.0152207206022689,"Polr1a"
"ENSMUSG00000053436",-1.60270526705374,4.98362870525642,15.426056575686,0.0028607336429022,0.0152280221198107,"Mapk14"
"ENSMUSG00000061666",1.96465725565838,0.471761443203965,15.4448288840984,0.00286700073268107,0.0152493959236624,"Gdpd1"
"ENSMUSG00000020482",-1.09255868176374,3.01371438452512,15.4004018865566,0.00287625982046816,0.015273674074219,"Ccdc117"
"ENSMUSG00000030509",-2.40540844770619,3.74622138346157,15.3830092567644,0.00288650032973151,0.015295039808653,"Asb7"
"ENSMUSG00000024897",1.31880606378044,0.783037923997369,15.3529341184085,0.00290935057945152,0.0153870183784394,"Apba1"
"ENSMUSG00000022586",2.30883550163583,5.84748370685854,15.3274366056459,0.0029195162180416,0.0154262226570449,"Ly6i"
"ENSMUSG00000066861",2.00911003049994,6.12377181462186,15.3188942981111,0.00292467414322023,0.0154397841040716,"Oas1g"
"ENSMUSG00000064181",1.23385114038866,4.5132923918541,15.2927831653741,0.00294052293554318,0.0154812223078912,"Rab3ip"
"ENSMUSG00000041895",-1.36571289147463,3.19070395404883,15.2924748147522,0.00294097638025344,0.0154812223078912,"Wipi1"
"ENSMUSG00000037938",1.06500003779815,0.335253628765523,15.299938494563,0.0029446721742926,0.0154933995574165,"Chchd5"
"ENSMUSG00000066363",3.42593336773917,4.34447189686159,15.2828262377327,0.00294707479886254,0.0154982185614,"Serpina3f"
"ENSMUSG00000006179",-1.34691311803237,0.0202875525738947,15.2959269326695,0.00295728369626909,0.0155182583086141,"Prss16"
"ENSMUSG00000045636",-1.40461990366435,4.45552594747779,15.2630401314105,0.00295872254537397,0.0155182583086141,"Mtus1"
"ENSMUSG00000016756",-1.51369883435719,3.00998416761772,15.2630113068881,0.0029590896765868,0.0155182583086141,"Cmah"
"ENSMUSG00000044390",-1.26636340442262,1.09541856265949,15.2581103643843,0.00296491551844719,0.015538429599566,"Tigd3"
"ENSMUSG00000082806",-1.03024521089671,0.242823790340342,15.2576039277336,0.00297151665534226,0.0155543144121535,"Rpl13-ps1"
"ENSMUSG00000061458",-2.25970936996296,3.72082063182815,15.2337349783324,0.00297700637537334,0.0155651248336854,"Nol10"
"ENSMUSG00000075227",1.23736953703307,2.15846588099512,15.2316379092164,0.00297882010144295,0.0155651248336854,"Znhit2"
"ENSMUSG00000052435",1.09227160808463,3.05271522466946,15.2224305925486,0.00298409811039888,0.0155811416039301,"Cebpe"
"ENSMUSG00000030590",-1.54371081768144,1.86069133592197,15.2205953234785,0.00298637388821646,0.0155811416039301,"Fam98c"
"ENSMUSG00000001588",-1.05937000678278,4.75895151187282,15.2087062841914,0.0029922344438742,0.015604453891344,"Acap1"
"ENSMUSG00000021273",1.00837316080186,3.18250942607259,15.1939530179808,0.00300160495014885,0.015638766469697,"Fdft1"
"ENSMUSG00000038034",1.37988984515052,2.01382592272527,15.1800797079993,0.00301117564352362,0.0156606045380086,"Igsf8"
"ENSMUSG00000026546",-1.19457194246289,1.16548992208472,15.1817805253306,0.0030118521345206,0.0156606045380086,"Cfap45"
"ENSMUSG00000039754",1.26411633504929,0.210184705561083,15.186988018793,0.00301854740943789,0.0156704674407725,"Alkbh4"
"ENSMUSG00000051147",1.53371851121315,1.03775034392793,15.1590155865096,0.00302777058543403,0.0156837040313295,"Nat2"
"ENSMUSG00000070524",1.68021382199033,5.59698910262155,15.1320122497624,0.00304036475021678,0.0157356384281948,"Fcrlb"
"ENSMUSG00000024403",-1.08140025936512,0.133680901347394,15.1489249501818,0.00304178039784818,0.0157356384281948,"Atp6v1g2"
"ENSMUSG00000046556",1.0983594235129,4.96671482011319,15.1283888621864,0.00304266337770128,0.0157356384281948,"Zfp319"
"ENSMUSG00000006717",1.0299197956961,0.669200482800719,15.1312495107661,0.00304595941352521,0.0157454184259119,"Acot13"
"ENSMUSG00000028756",-1.01755482069984,4.42642337414728,15.116281855547,0.00305035855382431,0.0157489621735694,"Pink1"
"ENSMUSG00000026946",2.11582607486589,7.598366938535,15.1154778430126,0.00305086079047195,0.0157489621735694,"Nmi"
"ENSMUSG00000024301",1.21929590163101,1.47896326018204,15.1157232363058,0.0030527007152272,0.015751204841414,"Kifc5b"
"ENSMUSG00000033318",1.82858551901436,1.24986147885741,15.1052018308295,0.00306187406434148,0.0157710178563614,"Gstt2"
"ENSMUSG00000037849",2.85706840822018,7.20500735849182,15.0470663167273,0.00309476891976982,0.0158999486651693,"Ifi206"
"ENSMUSG00000019866",1.41809243847755,6.35540221388977,15.0410326161192,0.00309867749509125,0.0158999486651693,"Crybg1"
"ENSMUSG00000023026",-1.29442638725561,5.13910965728528,15.039041639101,0.00309997214539081,0.0158999486651693,"Dip2b"
"ENSMUSG00000042500",-1.02819150662557,2.60292422530887,15.0284958054896,0.0031072687858391,0.0159300829290479,"Ago4"
"ENSMUSG00000001999",1.34643044312797,0.367352908652818,15.0231095785633,0.00312116624620079,0.0159878864629581,"Blvra"
"ENSMUSG00000025647",1.29101791303705,8.95937603752103,14.9969278990284,0.00312743136015186,0.0160114770457844,"Shisa5"
"ENSMUSG00000119895",1.92778533320658,3.74981207096641,14.9907244584374,0.0031317473932618,0.016026252527984,"Gm22513"
"ENSMUSG00000021040",1.11806553022401,1.59893810201624,14.9754551796498,0.0031431336890594,0.0160710003469865,"Slirp"
"ENSMUSG00000032788",1.10272833047181,2.2914875766922,14.9593528060967,0.0031528831616213,0.0161123399873643,"Pdxk"
"ENSMUSG00000062345",-1.17851102220329,3.01051419863189,14.9555009524806,0.00315514246250614,0.0161165367262107,"Serpinb2"
"ENSMUSG00000015889",-1.07219276130781,3.46602105242603,14.9519694050106,0.00315722509435755,0.0161186471213376,"Lta4h"
"ENSMUSG00000019082",2.02462368938419,5.99462547508959,14.941535660564,0.00316400506094639,0.0161323952311311,"Slc25a22"
"ENSMUSG00000023348",-1.80571960307912,1.09296387442051,14.9227484302927,0.0031818865196348,0.0162038426798917,"Trip6"
"ENSMUSG00000022885",1.03064888751738,1.89660834940155,14.8753141831076,0.00320949850776027,0.0163124035267435,"St6gal1"
"ENSMUSG00000040998",-1.38405912174529,0.317632631666172,14.887192899127,0.00321255239107949,0.01632052341198,"Npnt"
"ENSMUSG00000064373",-1.69443614310665,3.57764359031185,14.8636798973449,0.00321652979624898,0.0163333255217772,"Selenop"
"ENSMUSG00000007891",1.28022552941963,8.22041746040735,14.8539865236892,0.00322286148313206,0.0163580655079081,"Ctsd"
"ENSMUSG00000006205",1.61681220341396,0.205378594624142,14.8460848808101,0.00324804992816849,0.0164338128871261,"Htra1"
"ENSMUSG00000000594",-1.96690469578931,5.70520030157251,14.7820177553485,0.00327224071625963,0.0165347651004771,"Gm2a"
"ENSMUSG00000008167",1.29168617196467,0.82675113387098,14.7117746831969,0.00332654327111718,0.0167628464205981,"Fbxw9"
"ENSMUSG00000050763",2.57852431785505,0.934762083504944,14.6984638178726,0.00335015410873296,0.0168364022854575,"Or2t26"
"ENSMUSG00000027883",1.14831763587369,0.441581328414404,14.6645325137444,0.00336321609165754,0.0168793384412029,"Gpsm2"
"ENSMUSG00000004709",-1.56289869039313,4.11617374161948,14.6487474781558,0.00336624119336924,0.0168823330583816,"Cd244a"
"ENSMUSG00000025436",1.33287934012666,0.561254793686451,14.6390616648145,0.00338121736368351,0.0169469154717357,"Atp23"
"ENSMUSG00000086425",-1.25797434326693,1.3380120820728,14.6059271760069,0.00339957584826193,0.0169886383710305,"F730016J06Rik"
"ENSMUSG00000031833",-2.03476308572611,4.87505866351175,14.6003899838276,0.0034010905369053,0.0169886383710305,"Mast3"
"ENSMUSG00000054708",-1.50943885848498,3.01242299325004,14.5943614895283,0.0034057619878864,0.0169886383710305,"Ankrd24"
"ENSMUSG00000037235",-1.4991888063851,2.4317731899681,14.591135225878,0.00340845637622038,0.0169886383710305,"Mxd4"
"ENSMUSG00000079429",-1.05057339191624,1.3288797068315,14.592172516638,0.00340924847831245,0.0169886383710305,"Mroh2a"
"ENSMUSG00000004070",1.5324066949928,6.25962305701916,14.5867996165972,0.00341083616460544,0.0169889959541036,"Hmox2"
"ENSMUSG00000073418",1.85230325465507,1.2188321059427,14.5714380092873,0.0034271611437217,0.017032458952412,"C4b"
"ENSMUSG00000043061",1.43175460955795,2.24125535471724,14.5278603507952,0.00345499777697271,0.0171328141975811,"Tmem18"
"ENSMUSG00000036980",1.05061261586248,0.598584142807038,14.5163496092789,0.00346882301834882,0.017186162496302,"Taf6"
"ENSMUSG00000000320",-1.26330913288966,0.592147260023937,14.4960006158709,0.0034850640595164,0.017251374962456,"Alox12"
"ENSMUSG00000045932",2.94426170107966,10.1442317930068,14.4827244838804,0.00348761631621061,0.0172538555272404,"Ifit2"
"ENSMUSG00000039067",1.11274696090432,4.04805290646223,14.4505039317143,0.00351194771824168,0.0173461428287063,"Psmd7"
"ENSMUSG00000041515",1.54002628861741,3.40150842812375,14.4388799827233,0.00352088756971433,0.017374983264548,"Irf8"
"ENSMUSG00000028107",-1.06452358578132,3.23347385077827,14.4193717720274,0.00353555411872476,0.017416683520241,"Tars2"
"ENSMUSG00000040774",1.17033732226403,6.21963752359614,14.3772268971838,0.00356758578216953,0.0175359359038482,"Cept1"
"ENSMUSG00000056019",1.18518865767176,0.95857115015978,14.3491441897762,0.00359346881159872,0.0176476796545078,"Zfp709"
"ENSMUSG00000027230",1.00311191177099,1.89254950410594,14.3310759462604,0.00360443264884172,0.0176860230716152,"Creb3l1"
"ENSMUSG00000118841",2.10117922378129,4.15262527072462,14.3265714968538,0.0036069310744054,0.0176887578438347,"Rn7s2"
"ENSMUSG00000020091",-1.0154535027387,5.6515057499862,14.3123195127231,0.00361788689818161,0.0177287531560653,"Eif4ebp2"
"ENSMUSG00000111818",-1.43486749966843,2.39432041322925,14.3082957432958,0.00362183328579241,0.0177403346301904,"Gm17749"
"ENSMUSG00000056724",-1.23880139806275,5.85597003364993,14.2822335218871,0.00364149184412892,0.0178054969882866,"Nbeal2"
"ENSMUSG00000025701",-1.19453180193746,6.00349144888132,14.2460796805025,0.00367010366081174,0.0179297522784294,"Alox5"
"ENSMUSG00000042377",-1.05077696411705,0.866751026510392,14.2142835123487,0.00369988380674387,0.0180070247513582,"Fam83g"
"ENSMUSG00000087366",1.19056294952493,3.53553453211104,14.1675892581165,0.00373332720124131,0.0181279887107068,"Junos"
"ENSMUSG00000118866",1.92452813893301,4.25043945810198,14.1404549325288,0.003755417280138,0.0181860619712274,"Rn7s1"
"ENSMUSG00000018500",1.34239944442841,6.04484592861353,14.1127662633325,0.00377797901586914,0.0182499184615713,"Adora2b"
"ENSMUSG00000032044",1.42566908312302,0.361316613871954,14.0910768367546,0.0038094197031881,0.01834984132494,"Rpusd4"
"ENSMUSG00000031896",2.10670096221155,0.73517423168191,14.0929292690113,0.00381012588231778,0.01834984132494,"Ctrl"
"ENSMUSG00000055866",-1.06675374786777,7.49655344133309,14.0675936934717,0.00381539557501135,0.0183582157904103,"Per2"
"ENSMUSG00000035969",1.26015674339734,0.447320249086141,14.0749172007618,0.00381927241244883,0.0183582157904103,"Rusc2"
"ENSMUSG00000010358",1.92756375835072,7.24457847199492,14.0616464275419,0.00382035545593819,0.0183582157904103,"Ifi35"
"ENSMUSG00000056116",1.34121612014995,7.52074521472421,14.0117805187403,0.00386224684180532,0.0185212667334669,"H2-T22"
"ENSMUSG00000037355",-1.18976830295988,3.74570538751492,13.9964997600584,0.00387535537786301,0.0185729045144578,"Uvssa"
"ENSMUSG00000020592",1.12681044766363,1.93492729145639,13.9917835883718,0.00388046937110996,0.0185847949752262,"Sdc1"
"ENSMUSG00000026069",-1.57040213307438,0.944940391776858,13.9858974492266,0.00389024504591058,0.0186107323681822,"Il1rl1"
"ENSMUSG00000028961",1.04942172253659,7.89057593027776,13.9542504104897,0.00391126757601453,0.0186923563856694,"Pgd"
"ENSMUSG00000020787",-1.55596953398383,1.422166776067,13.9201507242198,0.00394382985317103,0.018815879593226,"P2rx1"
"ENSMUSG00000024663",-1.56221362150742,0.788826962688824,13.8833248121517,0.00398049233450451,0.0189022786410136,"Rab3il1"
"ENSMUSG00000046861",-1.38249469426831,3.02866162386887,13.8655233471025,0.00398880938466432,0.0189177260998447,"Hectd3"
"ENSMUSG00000032329",-1.0030123867913,1.87201973653811,13.8372441368119,0.00401456801562835,0.0190077159911901,"Hmg20a"
"ENSMUSG00000007646",-1.5434570017311,1.30119744807193,13.8303630401689,0.00402321053610688,0.019021249892598,"Rad51c"
"ENSMUSG00000029780",1.78084326434606,7.65754699565626,13.800887463669,0.00404566094873185,0.0190675586914796,"Nt5c3"
"ENSMUSG00000041607",-1.11897065764298,3.91818586412382,13.7988681519668,0.00404762399634424,0.0190675586914796,"Mbp"
"ENSMUSG00000019362",-1.05816717171778,4.14462556583242,13.7922800491276,0.00405351671436812,0.0190872948814805,"D8Ertd738e"
"ENSMUSG00000118667",1.72826028322805,2.75164072149638,13.790737031365,0.00405554962005177,0.0190888469516674,"Ahnak2"
"ENSMUSG00000036136",1.10191072822519,0.156155009924159,13.8011866214324,0.00406011649264011,0.0190954925220678,"Fam110c"
"ENSMUSG00000029759",-1.11552930217454,0.959222467719538,13.7687884770168,0.00407878396728631,0.019159375905851,"Pon3"
"ENSMUSG00000039853",2.003924483702,5.43096100533818,13.7593443994546,0.00408302666364191,0.0191618424704501,"Trim14"
"ENSMUSG00000051396",-1.03487239345665,2.45090057167168,13.749614979314,0.00409259980696078,0.0191845951659133,"Msantd7"
"ENSMUSG00000032220",1.08076409983562,1.759708262993,13.7500114164555,0.00409301035439446,0.0191845951659133,"Myo1e"
"ENSMUSG00000054675",-1.26861172988666,1.01464587013202,13.7387695478204,0.00410612789245772,0.0192036223760593,"Tmem119"
"ENSMUSG00000030966",1.66268567657665,7.20828630068157,13.72525665152,0.00411398603649738,0.0192106006295942,"Trim21"
"ENSMUSG00000024472",1.70365387759869,5.56384442803847,13.7128311890518,0.00412534781479147,0.0192236062205272,"Dcp2"
"ENSMUSG00000021918",1.17161898738243,2.1169733068191,13.6884022110334,0.00414878836413338,0.019306469840542,"Nek4"
"ENSMUSG00000017765",1.1501766785775,2.41461323023329,13.6651247787118,0.00417011416605401,0.0193638124319617,"Slc12a4"
"ENSMUSG00000030208",1.19772918390677,2.78745514256383,13.6368675806392,0.0041961423191328,0.0194483734369401,"Emp1"
"ENSMUSG00000072109",1.17089493583253,1.55565459982307,13.6222694205592,0.00421137504278299,0.0195016319767582,"A530040E14Rik"
"ENSMUSG00000059834",-1.00814727125591,1.70192997683397,13.6133255223951,0.00421925090683721,0.0195070729838798,"Sclt1"
"ENSMUSG00000039285",1.41102502433443,7.9277046422335,13.5765653041107,0.00425241863071518,0.0196199487832133,"Azi2"
"ENSMUSG00000047388",-1.80471186614064,3.0560621138546,13.5580586732517,0.004270658336198,0.019687893037339,"Atmin"
"ENSMUSG00000032596",1.71823692974249,8.79141355430476,13.5197437659455,0.00430680011419844,0.0198218927637872,"Uba7"
"ENSMUSG00000067818",-1.54603108256067,0.600676000781085,13.5023465196706,0.00433444799347896,0.0199001059659642,"Myl9"
"ENSMUSG00000006728",1.14453472172765,1.01650400961177,13.4653663393659,0.00436392898973261,0.0200108642340153,"Cdk4"
"ENSMUSG00000000794",1.43320427599615,0.123843446414131,13.4560871956478,0.00439149322871208,0.0201043564600394,"Kcnn3"
"ENSMUSG00000045322",1.31892679021077,6.84982232718867,13.4147212958315,0.00440953952279951,0.0201617639201273,"Tlr9"
"ENSMUSG00000050627",-1.90793841243819,2.36950059854579,13.4125887213904,0.00441302818738933,0.0201617639201273,"Gpd1l"
"ENSMUSG00000032192",-1.72684621030638,1.16225809152508,13.3940798630953,0.00443577117048208,0.0202574113722872,"Gnb5"
"ENSMUSG00000059851",-1.64601646412327,2.03528322943225,13.3683212466662,0.00445750926969478,0.0203359830782698,"Kmt5c"
"ENSMUSG00000074115",1.75975908309443,5.79802443103916,13.3631243363772,0.00446110012959119,0.0203359830782698,"Saa1"
"ENSMUSG00000067212",1.37601618924565,8.19710044021736,13.349000518934,0.00447533647365638,0.020388250349702,"H2-T23"
"ENSMUSG00000097392",-1.35863438636358,1.96138391191267,13.3147868141868,0.00451162155944137,0.0204952342183459,"Thoc2l"
"ENSMUSG00000028969",-1.66631669821378,1.74021435407634,13.3104526950385,0.00451701985429759,0.0205114430741949,"Cdk5"
"ENSMUSG00000013275",-2.35988088260752,3.10988124936245,13.2901940180458,0.00453598446153303,0.0205725527561314,"Slc41a1"
"ENSMUSG00000031808",1.13821772183265,0.705723245396884,13.2806547016183,0.00455182565590477,0.0206193654509801,"Slc27a1"
"ENSMUSG00000045827",1.45186695645455,-0.00347682489268353,13.2684147995975,0.00458762800385157,0.0207480012264587,"Serpinb9"
"ENSMUSG00000032370",-1.61742381032565,1.38024541465616,13.2325313245659,0.00459878892753645,0.0207649587070512,"Lactb"
"ENSMUSG00000031779",-2.37510178018514,2.86111673287807,13.1814722013892,0.00464965245974832,0.0209355785923662,"Ccl22"
"ENSMUSG00000071203",1.07500664906205,6.2695506250899,13.1458744819665,0.00468632604284481,0.0210584025509871,"Naip5"
"ENSMUSG00000028076",1.15905198103856,1.66629199579924,13.1143273201005,0.0047221387325732,0.0211599395345653,"Cd1d1"
"ENSMUSG00000054000",1.68522383320914,0.327828624264887,13.1247768326293,0.00473101255190182,0.0211912300835986,"Tusc1"
"ENSMUSG00000024798",1.49775062939938,0.568023958281158,13.0875899655436,0.00476095627399919,0.0212743369069812,"Htr7"
"ENSMUSG00000026737",-1.12090772476395,5.86703313601395,13.0731503898413,0.00476477169418223,0.0212829001102831,"Pip4k2a"
"ENSMUSG00000027551",-1.24228406164263,0.870272612896767,13.0706700564444,0.00477337562222149,0.0213013203394067,"Zfp64"
"ENSMUSG00000028494",1.28562816883708,9.20547937284324,13.0642428663306,0.00477448664519364,0.0213013203394067,"Plin2"
"ENSMUSG00000022218",-1.00910763751856,2.43414336194858,13.0614430173418,0.00477839915528407,0.0213013203394067,"Tgm1"
"ENSMUSG00000022205",-1.14363647794991,6.44963077127657,13.0146538406999,0.00482902117282973,0.0214533807726263,"Sub1"
"ENSMUSG00000085081",1.66585424916604,0.896643158611621,13.0196476115016,0.00483194213917989,0.0214533807726263,"Rptoros"
"ENSMUSG00000009418",-1.24638442769865,1.32005034133601,13.0115245124475,0.00483584039807085,0.0214533807726263,"Nav1"
"ENSMUSG00000025746",1.38327897897078,2.90661304124784,13.0005913309063,0.00484520381736065,0.0214540494591706,"Il6"
"ENSMUSG00000021820",-1.78034829656765,4.09555511443802,12.9855914910103,0.00486151714348329,0.0215007981953501,"Camk2g"
"ENSMUSG00000019194",-1.3223291039323,1.23668369022921,12.9496342894442,0.00490560638627878,0.0216121067245114,"Scn1b"
"ENSMUSG00000032009",-1.31977061061004,2.57009003014918,12.9465956447994,0.00490596943938226,0.0216121067245114,"Sesn3"
"ENSMUSG00000042638",-1.03507756356406,1.56230369966053,12.9232232895744,0.00493367830119104,0.0217166176818999,"Gucy2c"
"ENSMUSG00000073678",1.07141920642718,1.78231365506913,12.9212266631308,0.00493550684713116,0.0217166176818999,"Pgap1"
"ENSMUSG00000052776",1.9249294379363,8.16340197640851,12.9122890436794,0.00494398975629123,0.0217454054940172,"Oas1a"
"ENSMUSG00000024013",-1.79830210213995,1.12596676612623,12.9132915975223,0.00494966089867942,0.0217532743888236,"Fgd2"
"ENSMUSG00000073775",1.04664292942685,0.658783353467171,12.843635238005,0.00503024840250668,0.0220469275897115,"Kti12"
"ENSMUSG00000027076",1.07590509147188,0.619139473828094,12.8131096923418,0.0050664317850374,0.0221708321026608,"Timm10"
"ENSMUSG00000041438",-1.51111383104589,3.32074236617968,12.799063285173,0.00507541892577819,0.0222014909840734,"Utp4"
"ENSMUSG00000031641",1.00979284738878,0.719129031618327,12.8016456623494,0.0050785864493881,0.0222066790239144,"Cbr4"
"ENSMUSG00000030654",1.27611012292602,6.73677904678143,12.7870510135107,0.00508917715656842,0.0222295440732123,"Arl6ip1"
"ENSMUSG00000030340",-1.13154056360619,3.42426201338452,12.7867304529515,0.00508976622573951,0.0222295440732123,"Scnn1a"
"ENSMUSG00000020526",-1.08429623199802,0.507187111965843,12.7661385148534,0.00512329956340642,0.0223373170881264,"Znhit3"
"ENSMUSG00000047248",1.13318227134369,4.04010029890247,12.7414158919626,0.00514353611765301,0.0223654772412101,"C2cd3"
"ENSMUSG00000034675",-1.11620767488836,1.15489634379577,12.7434073751256,0.0051448380769019,0.0223654772412101,"Dbn1"
"ENSMUSG00000062908",-1.58634355063119,1.73146227293484,12.7338314628243,0.00515504566538845,0.0223694144332283,"Acadm"
"ENSMUSG00000009741",-1.11571215268114,6.77201073623449,12.7288377627277,0.00515841304256888,0.0223694144332283,"Ubp1"
"ENSMUSG00000049491",1.18073972637477,0.755098709016164,12.6940246872351,0.00520751520737865,0.0225330590459817,"Slc36a3"
"ENSMUSG00000025085",-1.26287617100058,0.762920157063946,12.6435823931458,0.00526928656558545,0.0227476481280879,"Ablim1"
"ENSMUSG00000021614",1.04391592046963,4.69496498143941,12.580198251901,0.00534043270153445,0.0230104687758926,"Vcan"
"ENSMUSG00000087477",1.95216181604432,4.08318127901986,12.5695008790699,0.00535402710636832,0.0230424661217626,"Gm13822"
"ENSMUSG00000026601",1.29956926521416,2.14381905759519,12.5682425168541,0.00535665468449739,0.023044924778949,"Axdnd1"
"ENSMUSG00000035778",1.06483487400514,7.58827326963252,12.5630336412996,0.00536193700637644,0.0230499532145994,"Ggta1"
"ENSMUSG00000020154",-1.08895999020186,1.09673491431037,12.5492808516586,0.00538345108709737,0.0231158376755173,"Ptprb"
"ENSMUSG00000054072",2.98162710758106,4.73609869896403,12.5324062419575,0.00540080976735278,0.0231460325287658,"Iigp1"
"ENSMUSG00000059323",-1.12186759037463,0.905504563216258,12.5295221034076,0.00540982601470924,0.0231696298542899,"Tonsl"
"ENSMUSG00000064367",-1.08903920667516,9.49805575277867,12.5231522309391,0.00541232933262544,0.0231696298542899,"mt-Nd5"
"ENSMUSG00000049488",2.04683937344764,5.20545042468109,12.5067616836694,0.00543321730369979,0.0232493571296539,"Tmem67"
"ENSMUSG00000042507",-1.66576521834561,7.5218623137476,12.5033136375261,0.00543760979841895,0.0232592721415577,"Mideas"
"ENSMUSG00000097006",2.04831683004965,3.3384234713078,12.4716824560212,0.00547874375649865,0.0233994974386739,"9530082P21Rik"
"ENSMUSG00000029730",1.1343578633779,1.59745734774455,12.4665254180739,0.00548718053599118,0.0234176817467072,"Mcm7"
"ENSMUSG00000000204",1.61127907237877,13.4454565927671,12.4561143485264,0.00549833062802276,0.0234563347347739,"Slfn4"
"ENSMUSG00000041115",1.16642824477944,1.46653493211132,12.4551330160954,0.0055025892368884,0.0234655698545694,"Iqsec2"
"ENSMUSG00000009654",1.51466664742969,1.09192294086879,12.4491021019935,0.00551348325541568,0.0235030836224585,"Oit3"
"ENSMUSG00000004936",1.33514398642855,7.407302931824,12.3722736033716,0.00560822281907047,0.0238163520778033,"Map2k1"
"ENSMUSG00000025485",-1.02875150409023,5.48770588693117,12.353811510205,0.00563277971955204,0.0239025226493827,"Ric8a"
"ENSMUSG00000029095",1.63293080916556,0.309053154924171,12.3439304911444,0.00567012063064398,0.0240336769696018,"Ablim2"
"ENSMUSG00000026094",-1.41451912473336,7.73343757260747,12.2974304283158,0.00570856911571535,0.0241418619169139,"Stk17b"
"ENSMUSG00000071711",-1.02071608803369,1.50625098112782,12.2890063651547,0.00572258045938159,0.024175653775854,"Mpst"
"ENSMUSG00000032068",-1.45819227548945,2.56009750693337,12.2859225453176,0.00572518828599236,0.024175653775854,"Plet1"
"ENSMUSG00000001751",1.43367035021318,5.29811048554136,12.2718691920175,0.00574334216305457,0.0242191505214516,"Naglu"
"ENSMUSG00000043015",-1.37686143600397,1.22469138857642,12.2720156749536,0.00574774031676866,0.0242191505214516,"Nemp2"
"ENSMUSG00000024308",1.48774158618545,10.3807760834293,12.2571396664566,0.00576348671735664,0.024273354243298,"Tapbp"
"ENSMUSG00000028780",-1.05032382469954,0.373174530510994,12.2495166940986,0.00578602744056879,0.0243390730698116,"Sema3c"
"ENSMUSG00000000392",1.45948274668604,5.05448809073955,12.1512912825571,0.00591083971830496,0.024671426712493,"Fap"
"ENSMUSG00000037242",1.27327168098488,8.38767698355701,12.1326635479454,0.00593723002803373,0.0247039460533731,"Clic4"
"ENSMUSG00000035047",-1.08446181374045,5.49723201325466,12.1158685102733,0.00596115739869711,0.0247707419233217,"Kri1"
"ENSMUSG00000022673",-2.393962529776,3.17662210897645,12.1091061286888,0.00597169902525638,0.0247961581978689,"Mcm4"
"ENSMUSG00000025224",-1.29591132865434,3.89652664407468,12.0997527504155,0.00598442708101063,0.0248306087733751,"Gbf1"
"ENSMUSG00000061887",-1.01659367473308,2.01347829929309,12.0857891533641,0.00600572164382595,0.0249005262531844,"Ssbp3"
"ENSMUSG00000037905",-1.21030603942945,1.70283550770176,12.0776231712286,0.00601832260957637,0.0249435434487878,"Bri3bp"
"ENSMUSG00000020577",-1.54547245657235,5.12997231802579,12.0599911051495,0.00604160035765798,0.0250307634781046,"Tspan13"
"ENSMUSG00000072214",-1.16961285377222,1.15347451830965,12.052430605362,0.0060570214230738,0.0250853802987391,"Septin5"
"ENSMUSG00000004768",-1.31286574926729,1.91939625594579,12.0428464207162,0.00606844751918969,0.025123417564669,"Rab23"
"ENSMUSG00000004567",1.04218427135303,4.63236122396142,12.029738619559,0.00608570036004658,0.0251762436083581,"Mcoln1"
"ENSMUSG00000038775",-1.14161363847656,2.73893414297223,12.0194183140572,0.00610149954932199,0.0252016494363536,"Vill"
"ENSMUSG00000086859",1.04807501126697,0.549115908334537,12.0126198116997,0.00612053560451686,0.0252458014427017,"Snhg20"
"ENSMUSG00000030159",-1.07558971753771,1.03884065244801,11.972385969994,0.00617526223715552,0.0254621647872708,"Clec1b"
"ENSMUSG00000073650",-1.48020354043101,0.0473135583739641,11.9863480094397,0.00618280708749549,0.0254769544364815,"Catip"
"ENSMUSG00000032840",-1.03753195464475,2.53987663062797,11.9642097927996,0.00618339574080751,0.0254769544364815,"Spring1"
"ENSMUSG00000027832",2.73415815929192,3.19191534781716,11.9591668607173,0.0061913552826191,0.0255003743668917,"Ptx3"
"ENSMUSG00000035919",-1.58440697654518,1.18303859976539,11.9456617975969,0.00621634437795175,0.0255844919000019,"Bbs9"
"ENSMUSG00000048696",1.14180826541672,0.941506536454804,11.9352766129706,0.00623188535533008,0.0256151434795878,"Mex3d"
"ENSMUSG00000026020",-1.44376299438199,2.78899378083658,11.9258880263388,0.00624102335125683,0.0256295891159895,"Nop58"
"ENSMUSG00000031303",-1.75474442568,3.1732174662476,11.9236431615034,0.00624394011110319,0.025632174661221,"Map3k15"
"ENSMUSG00000000673",-1.19606810389787,2.07004800496094,11.9197827222118,0.00625073034529225,0.0256506535993007,"Haao"
"ENSMUSG00000036555",-1.7657386580972,0.951016915450778,11.8405306685803,0.00638050306917829,0.0260401667502844,"Iqce"
"ENSMUSG00000019996",-1.19848126057579,2.11523415606336,11.8296145900393,0.00638872287570232,0.0260642217939555,"Map7"
"ENSMUSG00000038507",1.96697257183506,8.43960390072983,11.8044110964083,0.00642666161629542,0.0261182646936358,"Parp12"
"ENSMUSG00000027884",-2.71286791738138,3.33388750999465,11.804474965978,0.00642760542741569,0.0261182646936358,"Clcc1"
"ENSMUSG00000028862",-1.72362609611297,3.16006295272199,11.7930306585633,0.00644499469591984,0.026150997667333,"Map3k6"
"ENSMUSG00000031960",1.00526951056542,5.55246358552811,11.7612488228813,0.0064945884041369,0.0262856093337531,"Aars1"
"ENSMUSG00000031161",-1.689485529273,1.6997016718974,11.7451010601927,0.00652364446330388,0.0263651220700492,"Hdac6"
"ENSMUSG00000019790",1.27317732494139,7.07201394210254,11.7404972177845,0.00652755062956176,0.0263713986681682,"Stxbp5"
"ENSMUSG00000015133",-1.84895487194302,3.42442136883211,11.6840694751084,0.00661869624694832,0.0266387637335573,"Lrrk1"
"ENSMUSG00000029298",1.99846962750527,8.94982675788035,11.6735782518753,0.00663524068318708,0.0266814288971932,"Gbp9"
"ENSMUSG00000054452",-1.49536910661246,4.26426052029555,11.6580924527566,0.00666067610406426,0.0267549093542108,"Tle5"
"ENSMUSG00000031819",1.22432510845075,0.757099477972691,11.6449932591287,0.00669049137096229,0.0268521473705734,"Emc8"
"ENSMUSG00000028268",2.16971707755946,8.80055637587887,11.6300389682188,0.0067064606851096,0.0268906278704913,"Gbp3"
"ENSMUSG00000067825",1.05603522083455,1.71808522902339,11.6098026402584,0.00674205680526446,0.0269754482744016,"Pex26"
"ENSMUSG00000022102",1.1059376363577,1.27927912925321,11.6033118663191,0.00675464571817594,0.0270065339149475,"Dok2"
"ENSMUSG00000012519",2.46189438465259,6.07036693762193,11.5933433979422,0.00676721070509945,0.0270374796335293,"Mlkl"
"ENSMUSG00000112918",1.03073428870509,1.79335607778687,11.573897014948,0.00680165049246825,0.0271653945363834,"Gm18120"
"ENSMUSG00000017830",1.49936014191057,8.40777003222753,11.5652958725759,0.00681408130197367,0.0272053470435408,"Dhx58"
"ENSMUSG00000061603",2.22985817053436,0.672895526021175,11.5766691577546,0.00682510113959479,0.0272299424960622,"Akap6"
"ENSMUSG00000040483",1.70274818748104,8.03454580145654,11.5518179020607,0.00683674722326022,0.0272569996908849,"Xaf1"
"ENSMUSG00000022867",1.06128477529496,8.76790174220032,11.5459536321578,0.00684663742209658,0.027277022961051,"Usp25"
"ENSMUSG00000017843",-1.00137126475901,5.35293200963161,11.5328397967768,0.00686882151957341,0.0273071595494357,"Ppp2r5c"
"ENSMUSG00000022014",1.6816717283613,7.18528926206668,11.5099873813815,0.00690767634720728,0.0274033022382839,"Epsti1"
"ENSMUSG00000020056",1.01158922271867,1.76174922822174,11.5032055629606,0.00692131148860156,0.0274302390914508,"Washc3"
"ENSMUSG00000060093",1.00939545923059,0.191389501564055,11.4651847535473,0.00700275494324283,0.0276240319073997,"H4c1"
"ENSMUSG00000026536",2.17767327432349,8.76909582890524,11.4376667179807,0.0070324143129912,0.0277072560536504,"Ifi211"
"ENSMUSG00000026634",1.07001304455789,5.26951617036743,11.436908484804,0.0070337417214808,0.0277072560536504,"Angel2"
"ENSMUSG00000022035",1.01320987842901,4.68656518568993,11.399536368871,0.00709928882251979,0.0279261950979218,"Ccdc25"
"ENSMUSG00000031608",-1.38217679334805,3.01900182828644,11.3875836289977,0.00712105864929511,0.0279921796852509,"Galnt7"
"ENSMUSG00000021768",1.19514513680908,1.22752592490904,11.3876177466168,0.00712500724103134,0.0279978808380919,"Dusp13b"
"ENSMUSG00000031381",-1.28125521641723,3.50503307652322,11.3740910270126,0.00714458549791201,0.0280521571714493,"Piga"
"ENSMUSG00000024104",-1.01257449955115,7.62194653012847,11.3697444547489,0.00715205377715999,0.0280565419354552,"Washc2"
"ENSMUSG00000039236",1.70281704800726,9.32193697981444,11.369224429551,0.00715297904272699,0.0280565419354552,"Isg20"
"ENSMUSG00000029287",-1.06951883955439,1.18258110549389,11.3706132932264,0.00715495644253869,0.0280565419354552,"Tgfbr3"
"ENSMUSG00000066510",-1.84092497100764,3.58210342710037,11.3657920818144,0.00715956690676348,0.0280648010927241,"Ankdd1a"
"ENSMUSG00000007570",-1.58060925452017,1.9687850702975,11.3231446143586,0.00723792928224755,0.0283026774131711,"Fance"
"ENSMUSG00000054263",-1.26347466694045,2.97525177311177,11.3143683669287,0.00725213208123275,0.0283285619499391,"Lifr"
"ENSMUSG00000062382",1.38106843723162,3.29779018276538,11.3014001349947,0.00727540922107278,0.0284095857632623,"Ftl1-ps2"
"ENSMUSG00000031613",-1.58372672437541,0.510616703680847,11.2852812608858,0.00732257720121674,0.028524199754618,"Hpgd"
"ENSMUSG00000030083",-1.26531019793394,5.22820235687499,11.2694536748854,0.00733324566210879,0.0285459132112724,"Abtb1"
"ENSMUSG00000042772",1.01253394600964,6.85666489433317,11.2557694919703,0.00735838952894281,0.028620439682156,"Smg7"
"ENSMUSG00000018474",-1.01621478067137,3.44785374227667,11.2509663982096,0.00736749975528336,0.028620439682156,"Chd3"
"ENSMUSG00000025764",-1.37790400334473,2.33597696218912,11.2196811713841,0.00742651200452246,0.0287889726858122,"Jade1"
"ENSMUSG00000037989",1.56995332622356,2.10135421334852,11.1837219044377,0.00749454393636726,0.0289425754289689,"Wnk2"
"ENSMUSG00000071984",1.45721082522749,0.651167174639102,11.1861372203054,0.0075012224694001,0.0289484160518481,"Fndc1"
"ENSMUSG00000063268",1.49649434418373,8.94685918681162,11.1716420169684,0.00751531720446865,0.0289736228101492,"Parp10"
"ENSMUSG00000053310",-1.50457999187267,1.77596756283124,11.1720453210462,0.00751750263242095,0.0289736228101492,"Nrgn"
"ENSMUSG00000030275",1.3782415726629,7.53216553863458,11.1701719741293,0.00751809539858247,0.0289736228101492,"Etnk1"
"ENSMUSG00000087361",1.55368629117853,1.5149348026471,11.1622654501598,0.00753730987636141,0.029026717874431,"0610043K17Rik"
"ENSMUSG00000034858",-1.27724728635029,1.01740123546363,11.1579750019905,0.00754774627386354,0.0290360667382721,"Atosa"
"ENSMUSG00000031875",1.26327710625868,0.782771536038252,11.159228473216,0.00754800102377904,0.0290360667382721,"Cmtm3"
"ENSMUSG00000092695",-1.20091438846429,0.531403069321891,11.1600297115574,0.00754984371154857,0.0290360667382721,"Mir3092"
"ENSMUSG00000018774",1.32424519031532,7.2076247925321,11.1322534353706,0.00759018100490018,0.0291611787870814,"Cd68"
"ENSMUSG00000035765",-1.08713817396851,3.50285673675269,11.1294058357556,0.0075958891187979,0.0291731080720932,"Dym"
"ENSMUSG00000089774",-1.03856585536355,1.58870963835283,11.1091098196906,0.00763723363893922,0.0292817233635278,"Slc5a3"
"ENSMUSG00000032741",-1.35271152884068,1.7246752816478,11.0827633706521,0.00768835304811817,0.0294173344521203,"Tpcn1"
"ENSMUSG00000027111",-1.01289191032011,2.10263705575621,11.0775407238934,0.00769714787053127,0.0294308891794759,"Itga6"
"ENSMUSG00000054383",-1.71855906485056,0.96549839265488,11.060172783414,0.00774004810947435,0.0295798097098331,"Pnma1"
"ENSMUSG00000024516",-1.02630522394539,4.26841248822281,11.054128995352,0.00774137430881953,0.0295798097098331,"Sec11c"
"ENSMUSG00000049401",1.20635146117023,8.89595394673033,11.045804995212,0.00775767320358444,0.0296180950089717,"Ogfr"
"ENSMUSG00000024215",1.21864433015594,0.160356348393162,11.0578853457896,0.00775847478427826,0.0296180950089717,"Spdef"
"ENSMUSG00000115338",1.74037333211032,6.19672988218937,11.0277753038515,0.00779316936784684,0.0297169272220005,"Pnp"
"ENSMUSG00000029699",1.73736114661049,3.46638191799969,11.0227157519329,0.0078036734552791,0.0297468600045282,"Ssc4d"
"ENSMUSG00000029676",-1.09529134174643,1.76693024448021,11.0162870122558,0.00781816499783609,0.0297818406290786,"Pot1a"
"ENSMUSG00000032239",-1.56102741056376,3.17231295400153,11.0077120673213,0.00783343836656986,0.0298298823561496,"Rp9"
"ENSMUSG00000014782",1.20259190584964,0.769824148414727,11.009701912143,0.0078381138238666,0.0298302765634327,"Plekhg4"
"ENSMUSG00000047250",-1.21967143868831,1.66150305055802,10.9826048431216,0.00788576032835467,0.0299431980361273,"Ptgs1"
"ENSMUSG00000045795",1.68400268902201,7.74041419705001,10.979130487182,0.00788991378608762,0.0299431980361273,"Whamm"
"ENSMUSG00000048852",2.47414805973882,3.81818563368139,10.9243552989784,0.00800115691089765,0.0302017398115291,"Gm12185"
"ENSMUSG00000034459",2.0024692512736,10.4770115165548,10.9155802088398,0.00801850265206252,0.0302366619184605,"Ifit1"
"ENSMUSG00000022902",1.04256583685875,3.21577432915841,10.9049148987852,0.00804063322721126,0.0303099147586131,"Stfa2"
"ENSMUSG00000027009",-1.36821988872025,6.54449188309596,10.8811602814401,0.00808920790806176,0.0304622826027044,"Itga4"
"ENSMUSG00000017167",-1.56826057715091,0.274611989467907,10.8666174724206,0.00814823840030514,0.0306331122952766,"Cntnap1"
"ENSMUSG00000039997",1.74908078778915,6.59138043541185,10.8337873173135,0.00818775715837674,0.0307507354135148,"Ifi203"
"ENSMUSG00000086782",1.2153282991138,3.57220234195621,10.8299352482169,0.00819610704008175,0.0307717827799652,"E130102H24Rik"
"ENSMUSG00000029372",-1.88909612617835,0.992814140101723,10.8327404454319,0.00820239316163541,0.0307798210197286,"Ppbp"
"ENSMUSG00000049907",-1.07130196013972,4.33533278670822,10.8116300893085,0.00823436810947705,0.0308843920357795,"Rasl11b"
"ENSMUSG00000027207",1.06287955130007,0.59466289465767,10.813459972732,0.00824145543124205,0.0309006326590598,"Galk2"
"ENSMUSG00000037221",-1.3512277419123,1.85329994860926,10.8016469337929,0.00825799510360982,0.0309212666642684,"Mospd3"
"ENSMUSG00000033697",-1.18370091217782,1.17793954303945,10.7914559171148,0.00828233037082738,0.0309916782857638,"Arhgap39"
"ENSMUSG00000026029",1.17841831151671,7.3240388847676,10.7875464257737,0.00828535344091858,0.0309926421937165,"Casp8"
"ENSMUSG00000030089",-1.22567222248721,3.28321085812134,10.7628632174575,0.00833833747344531,0.0311284970236181,"Slc41a3"
"ENSMUSG00000049093",1.0531847834006,0.685848526638963,10.7531592695222,0.00836851844091457,0.0311995961967164,"Il23r"
"ENSMUSG00000061273",-1.31909825343001,1.94871312167161,10.7390693187468,0.00839145262613973,0.0312034850177156,"Mmgt1"
"ENSMUSG00000039501",1.71879720303541,9.68237954296549,10.7379604448358,0.00839157888526772,0.0312034850177156,"Znfx1"
"ENSMUSG00000015757",-1.053968285586,4.85409358756287,10.725752370816,0.00841799427874353,0.0312489108585223,"Ppil4"
"ENSMUSG00000053091",-1.50865611990957,0.816507237113713,10.7235909558281,0.00843399915944591,0.0312726743563612,"Lins1"
"ENSMUSG00000020697",-1.20711418375389,2.11618051098569,10.7092382059543,0.00845544335376231,0.0313323470437149,"Lig3"
"ENSMUSG00000078810",1.48864776853135,2.45656755280763,10.6939773495396,0.00848854970067453,0.0313964278862903,"Gp6"
"ENSMUSG00000005142",-1.143554695638,5.86155309760065,10.6914262239103,0.00849277155818728,0.0314016795950527,"Man2b1"
"ENSMUSG00000052974",-1.65048046467977,0.225000875441271,10.6928646737203,0.00852523624028095,0.0314698032097591,"Cyp2f2"
"ENSMUSG00000097092",-1.01946728189026,0.435782824373283,10.6610979472068,0.00857320412899431,0.0315948367884378,"Gm26725"
"ENSMUSG00000078970",1.00422403119453,0.31660278006678,10.6563652824014,0.00858654826708611,0.0316336115809448,"Dnaaf10"
"ENSMUSG00000078606",1.91442009468837,5.06457062724625,10.6186673704858,0.0086539768339215,0.0318297073770129,"Gvin2"
"ENSMUSG00000059994",-1.05886437209129,1.21692233750307,10.6122751540824,0.00867306563266424,0.0318698082423532,"Fcrl1"
"ENSMUSG00000071253",-1.85828876688883,2.46025955533931,10.5870648622127,0.00872693255454979,0.0320454564675096,"Slc25a16"
"ENSMUSG00000004668",1.11532892203413,5.68682619278754,10.5835297182743,0.00873313254068078,0.0320539569697054,"Abca13"
"ENSMUSG00000026826",-1.39892097658814,1.90182206227212,10.5631573339186,0.0087820271360736,0.0321950206457235,"Nr4a2"
"ENSMUSG00000052056",-1.19207343392029,4.68642599273649,10.5017266713254,0.00892087564075721,0.0325462192858112,"Zfp217"
"ENSMUSG00000050860",-1.01364712600585,1.42725425339812,10.4860542997817,0.00896113814412761,0.0326487240511177,"Phospho1"
"ENSMUSG00000046879",1.73135151585274,9.46042158291519,10.4607525915136,0.00901672731621857,0.0328085918937862,"Irgm1"
"ENSMUSG00000035790",-1.37632103364067,1.42884722184252,10.4339957159722,0.00908472376460948,0.0330135917296079,"Cep19"
"ENSMUSG00000027133",1.03511834989845,0.86981300874664,10.4231723772995,0.00911349762971274,0.0330855095355331,"Nop10"
"ENSMUSG00000078921",2.47002272618289,5.67020898252449,10.4096236867242,0.00913812089888888,0.0331534221151983,"Tgtp2"
"ENSMUSG00000019768",1.02992699350438,3.05965168061057,10.3953585387153,0.00917310509785228,0.0332480558963876,"Esr1"
"ENSMUSG00000078920",2.07780577408864,8.76404414595267,10.3863035166258,0.00919412569937702,0.0333027041735353,"Ifi47"
"ENSMUSG00000032369",-1.37224271249253,6.58387547272314,10.3846509804782,0.00919811219554326,0.0333063791196941,"Plscr1"
"ENSMUSG00000024953",1.00371683547256,10.9904650926872,10.3669824820882,0.00924085234269123,0.0334071716788841,"Prdx5"
"ENSMUSG00000006930",1.42078659514893,1.70452330227682,10.3564491208416,0.00926991127609604,0.0334906175600285,"Hap1"
"ENSMUSG00000035692",1.79060723532006,10.4765869121466,10.3443432012633,0.00929597026666166,0.0335019987864992,"Isg15"
"ENSMUSG00000025854",1.54486929065003,7.78797649240343,10.3291931268239,0.00933307739078267,0.0335996782263095,"Fam20c"
"ENSMUSG00000050708",1.27232057407912,11.3097829905978,10.2966866955401,0.00941330134875738,0.0338558627135828,"Ftl1"
"ENSMUSG00000024136",-1.481577958163,0.314796667339484,10.3042078686079,0.00942131685352312,0.0338629563750589,"Dnase1l2"
"ENSMUSG00000044167",-1.09783460938671,2.21794041461783,10.2692700185272,0.00948305331958365,0.0340085051368237,"Foxo1"
"ENSMUSG00000078941",1.16370623365015,0.112695398037151,10.2593434153522,0.00953505488841701,0.0341451733819941,"Taf9"
"ENSMUSG00000095620",1.39522157986567,2.84747238426685,10.2448393829567,0.009543977326814,0.0341451733819941,"Csta2"
"ENSMUSG00000024524",-1.01491440571099,2.22783591432614,10.2326751710406,0.00957514914085679,0.0342183343181065,"Gnal"
"ENSMUSG00000027634",-1.30300486767092,0.904817746513006,10.2190054901126,0.00961746781568359,0.0342795402208811,"Ndrg3"
"ENSMUSG00000011832",-1.18617376252506,1.89077879125077,10.2126348077503,0.00962702997013886,0.0342943817149861,"Evi5l"
"ENSMUSG00000066677",2.17590671973398,7.02396581148441,10.2067259586692,0.00963971153574068,0.0343068425471724,"Ifi208"
"ENSMUSG00000033953",-1.4601627490676,3.79913014485228,10.1997757844004,0.00965776718107722,0.0343492849248913,"Ppp3r1"
"ENSMUSG00000021236",-1.44133568555758,1.64353799085439,10.1834317072115,0.00970321074440491,0.034467157785276,"Entpd5"
"ENSMUSG00000053835",1.5210827443714,7.28513392953226,10.1607784579324,0.00975789043235992,0.034615660591256,"H2-T24"
"ENSMUSG00000038352",-1.11059428108488,2.59999150268655,10.1492835657433,0.00978883995133766,0.0346724176152469,"Arl5c"
"ENSMUSG00000026770",1.4820731022487,3.29991671835882,10.1278111334853,0.00984435183977996,0.0348314711621361,"Il2ra"
"ENSMUSG00000022668",1.1414322154098,0.556366872677868,10.1242709392244,0.0098668295407288,0.0348935180381659,"Gtpbp8"
"ENSMUSG00000024413",1.46494862759268,6.92491204068765,10.1113240688686,0.0098870560792672,0.034920969896107,"Npc1"
"ENSMUSG00000102752",-1.28576459339884,0.814931638351919,10.1068566230068,0.00990913204084838,0.0349755687138503,"Gm7694"
"ENSMUSG00000020638",1.75977774895808,9.46527952992678,10.0814246845229,0.00996615082267789,0.0350897430944867,"Cmpk2"
"ENSMUSG00000046805",1.26982604699455,10.7285347823452,10.069762594348,0.00999720911322258,0.0351549176441435,"Mpeg1"
"ENSMUSG00000003623",-1.21655211624352,1.6490756966062,10.0421768438654,0.0100744206929211,0.0353377254164527,"Crot"
"ENSMUSG00000090272",1.82165155404213,6.73578431993795,10.0232795938052,0.0101221738129265,0.0354339526506006,"Mndal"
"ENSMUSG00000029836",-1.80909832091167,1.17785920140547,10.0211430868484,0.0101379637022592,0.0354496596602866,"Cbx3"
"ENSMUSG00000043099",1.13163509001568,1.8585420947751,10.0062671154354,0.0101708863400202,0.0355503882294248,"Hic1"
"ENSMUSG00000021952",-1.09781168557737,2.06438486032212,9.98447352416218,0.0102298532026951,0.0356930152062902,"Xpo4"
"ENSMUSG00000019961",-1.03199745683363,3.1580397969412,9.95895422393585,0.0102987690416535,0.035784597907718,"Tmpo"
"ENSMUSG00000031443",1.13353597295606,5.23650430576409,9.95663626642822,0.0103046571760021,0.035784597907718,"F7"
"ENSMUSG00000032085",-1.02315287142769,0.80475954151629,9.92391179002313,0.0104046660568225,0.0360783083226516,"Tagln"
"ENSMUSG00000039395",1.20455056701398,9.31952261747722,9.90915612456483,0.0104370891790454,0.0361683544927526,"Mreg"
"ENSMUSG00000034739",-1.0694208142147,0.911202221762899,9.88057005707044,0.0105258101708796,0.036397023938614,"Mfrp"
"ENSMUSG00000001053",-1.0587179304836,2.05487213774731,9.85671934527516,0.0105877311816956,0.0365660102783553,"N4bp3"
"ENSMUSG00000067369",-1.53908322077732,1.09492834991592,9.84106706571898,0.0106396059651896,0.0366886350928861,"Trmt2b"
"ENSMUSG00000032496",1.11929936452524,7.46519513719328,9.7508521124594,0.0108938041947331,0.0373354322967504,"Ltf"
"ENSMUSG00000072875",-1.16851734180738,1.67415358626068,9.74313168544813,0.010919919100569,0.0373961604619174,"Gpr27"
"ENSMUSG00000005469",-1.16173288159345,1.51822969218786,9.74285179839638,0.0109215341475734,0.0373961604619174,"Prkaca"
"ENSMUSG00000058392",-1.44874716252475,1.98295337283941,9.73784896958953,0.0109351209580669,0.0374208265512734,"Rrp1b"
"ENSMUSG00000020641",1.86868958286752,12.7546893873995,9.73257324019538,0.0109480839598325,0.0374298892427832,"Rsad2"
"ENSMUSG00000109277",-1.57283194058735,0.87146288223169,9.72346693176267,0.0109881397739873,0.037543927575328,"Gm39121"
"ENSMUSG00000009628",-1.10893566185398,1.20316258627282,9.71461599208756,0.0110074754753105,0.0375756252366142,"Tex15"
"ENSMUSG00000035640",-1.36233166856704,0.770450192700354,9.71114271085188,0.011024470919274,0.0376221819708599,"Cbarp"
"ENSMUSG00000026434",-1.04479578625532,2.64972406571025,9.69002109465768,0.011076702548051,0.0377365727683559,"Nucks1"
"ENSMUSG00000051166",-1.07035634472155,1.87538027970651,9.68171395964195,0.0111032973806322,0.0378064011775113,"Eml5"
"ENSMUSG00000053846",1.04714987780643,10.0201303963823,9.68019748207337,0.0111054405885935,0.0378064011775113,"Lipg"
"ENSMUSG00000005054",1.38654600172122,8.13469445521399,9.65602636636511,0.0111789831642966,0.0379667605356872,"Cstb"
"ENSMUSG00000055407",1.3469941021439,2.71133523340717,9.6520862391288,0.0111924161846797,0.0379871012058467,"Map6"
"ENSMUSG00000034898",1.6001072325712,1.4209741700546,9.63538222542757,0.0112485392238165,0.0380968205141466,"Filip1"
"ENSMUSG00000063235",1.14542247662095,0.490445024323159,9.58963180232382,0.0114006489231754,0.0385072551181516,"Ptpmt1"
"ENSMUSG00000030042",1.07661978722935,1.21295362546803,9.57993548407862,0.0114201571925245,0.0385615250547218,"Pole4"
"ENSMUSG00000078153",1.5947884553684,5.25480503032196,9.56145410521517,0.01147246704518,0.0387141636503649,"Psme2b"
"ENSMUSG00000026799",-1.13136131354654,1.45930383448289,9.52188375175177,0.0116025394539875,0.0389660352594659,"Med27"
"ENSMUSG00000030921",1.22851551250046,9.6781584919419,9.51388616093494,0.011623592447929,0.0390177721657972,"Trim30a"
"ENSMUSG00000042616",-1.14760646264017,0.631350903842157,9.4820879888512,0.0117392320068,0.03928383789197,"Oscp1"
"ENSMUSG00000034842",1.90232816944094,4.24202477006353,9.46838481352092,0.0117707406926564,0.0393422877848493,"Art3"
"ENSMUSG00000037826",1.11869947279868,3.69602722033395,9.46184879988932,0.011792021991113,0.0393783745406672,"Ppm1k"
"ENSMUSG00000109865",-1.63446141827331,3.42115668584281,9.44903411825359,0.0118341943282988,0.0394954782124017,"Hspa14"
"ENSMUSG00000002307",1.63712863444277,9.15927030650078,9.43307815541222,0.0118859113507136,0.0396208829587886,"Daxx"
"ENSMUSG00000028270",2.06553042014017,11.0947500003103,9.41770130607667,0.0119366368042902,0.039742688254807,"Gbp2"
"ENSMUSG00000078922",2.89014852176896,5.88980524420501,9.404787416056,0.0119794592413485,0.0398261049296331,"Tgtp1"
"ENSMUSG00000005370",-1.11021033209995,2.14199493401808,9.39780888419051,0.0120044104268039,0.0398735707330147,"Msh6"
"ENSMUSG00000022686",-1.31295847765405,3.94728614962288,9.33984075753178,0.0121978617577905,0.0403487121368234,"B3gnt5"
"ENSMUSG00000039126",-1.10379066557584,0.158427023835737,9.33153880299885,0.0122538997288582,0.0404862777893024,"Prune2"
"ENSMUSG00000027514",1.89365686479353,9.11425367806441,9.29855596629801,0.0123386983332004,0.0406944650441955,"Zbp1"
"ENSMUSG00000074513",-1.66155829652974,0.544314191529917,9.27806976935454,0.0124350708989704,0.0409159834306403,"Arfip1"
"ENSMUSG00000019256",-1.15939599701283,2.81994635691803,9.22712089315838,0.0125886502532631,0.0413115235414161,"Ahr"
"ENSMUSG00000030263",-1.15039352237393,3.85485140545786,9.21540181089573,0.0126293722855723,0.041421532105475,"Irag2"
"ENSMUSG00000020836",-1.02325346426462,0.405670568485819,9.21593310852059,0.0126451090350792,0.0414610113973471,"Coro6"
"ENSMUSG00000090215",1.18748533611191,0.677748867197371,9.19265445077215,0.0127235572049491,0.0416572905626248,"Trim34b"
"ENSMUSG00000058748",-1.22520618514012,0.771241922569994,9.16207310819738,0.0128317550547137,0.0418891578497456,"Zfp958"
"ENSMUSG00000026027",-1.05724366530278,1.00689846263107,9.14988329375448,0.0128714700129703,0.0419699052765081,"Stradb"
"ENSMUSG00000002814",1.25886122102647,4.66036271783809,9.13901122223901,0.0129031403224151,0.0420242643398158,"Top3a"
"ENSMUSG00000028864",-1.26202655783308,1.87093317592905,9.1376159928383,0.0129112283029361,0.0420308166498957,"Hgf"
"ENSMUSG00000045868",1.82004026856006,5.18422646056243,9.13116338295558,0.012931698345623,0.0420665931711542,"Gvin1"
"ENSMUSG00000072694",-1.00983701516927,2.06020582066346,9.12025007141817,0.0129736694800933,0.04213153111081,"1500011B03Rik"
"ENSMUSG00000030188",1.09224250657916,1.09258959603866,9.09263947306002,0.0130802816938142,0.0423672592319582,"Magohb"
"ENSMUSG00000011267",1.47071752906453,3.70070596528557,9.07059338863603,0.0131550876101065,0.0425480712399607,"Zfp296"
"ENSMUSG00000034575",1.13049254195382,5.48249959910279,9.06781248993359,0.0131650829617908,0.0425681144699335,"Tent4a"
"ENSMUSG00000042726",1.26515375795493,10.253592739147,9.06223741547183,0.0131858599705773,0.042602454670919,"Trafd1"
"ENSMUSG00000049184",-1.15915007375545,0.881931252035506,9.04911474909234,0.013245008017416,0.0427279231005125,"Purg"
"ENSMUSG00000035273",1.37019070477353,1.8740164232101,9.03662779120605,0.0132852207439558,0.0428242422511361,"Hpse"
"ENSMUSG00000054676",1.30438646437362,8.81627741387852,9.03246459732314,0.0132975242762587,0.0428480030373867,"1600014C10Rik"
"ENSMUSG00000034761",-1.25613060878348,2.58075892899903,9.0302574733923,0.0133074102692631,0.0428552146228825,"Map4k5"
"ENSMUSG00000027611",1.03323816961798,2.74435700334299,9.0031081783054,0.0134098107071486,0.0430612460157634,"Procr"
"ENSMUSG00000039697",1.48811633360379,4.90561671666536,8.99699971829521,0.0134320549400304,0.0430832969985464,"Ncoa7"
"ENSMUSG00000041488",1.02232750982255,3.56520454375564,8.94773232221281,0.0136220054298582,0.0435430162157503,"Stx3"
"ENSMUSG00000030035",-1.30146155495613,1.21436228161179,8.94246790934411,0.0136494278001439,0.0436182313533539,"Wbp1"
"ENSMUSG00000037818",-1.44468970900933,1.46581949404227,8.93565018434375,0.0136744443591301,0.0436812407357933,"Abhd18"
"ENSMUSG00000061175",1.56048917441603,10.1425580536624,8.86613352370126,0.0139428879094244,0.0442531704335654,"Fnip2"
"ENSMUSG00000020826",2.35623104538771,9.34238781332425,8.85163248918279,0.0140009331688018,0.0443685793352925,"Nos2"
"ENSMUSG00000067297",1.40116977668475,6.9790273265805,8.83713745865656,0.0140592483559263,0.0444839063593636,"Ifit1bl2"
"ENSMUSG00000066829",-1.39740110229604,1.14421043905389,8.83672864463074,0.0140696052650929,0.0445041112633067,"Zfp810"
"ENSMUSG00000022353",-1.5226407673842,1.86221460375635,8.8323375882054,0.014082509561799,0.0445323602311176,"Mtss1"
"ENSMUSG00000097534",1.48447249642407,3.38812107590592,8.82730773130923,0.0140996578275725,0.0445614397274691,"Gm16675"
"ENSMUSG00000022634",-1.44338488433372,2.29288289484462,8.76443693035852,0.0143582863767792,0.0451414768686717,"Yaf2"
"ENSMUSG00000004110",-1.05756378994117,1.16909916501183,8.76306474067425,0.0143685854465397,0.045156684548337,"Cacna1e"
"ENSMUSG00000026357",-1.40466052400646,1.6557634046363,8.74771537198548,0.0144301395832061,0.0453120129753406,"Rgs18"
"ENSMUSG00000041827",1.58704299528004,10.3232132574671,8.7430347805827,0.0144450777096748,0.0453462145356653,"Oasl1"
"ENSMUSG00000078515",-1.2583647942778,6.00013159764562,8.73348145781913,0.0144849646189223,0.0454136623290011,"Ddi2"
"ENSMUSG00000024169",-1.29974384802182,1.35899568422951,8.71421700587517,0.0145722012021066,0.0456175024782147,"Ift140"
"ENSMUSG00000039206",-1.15375146670602,2.47862029342841,8.68714615139441,0.0146819849999828,0.045817609399624,"Daglb"
"ENSMUSG00000057596",1.05470979236922,7.88536907428145,8.68503844430123,0.0146892719347595,0.045817609399624,"Trim30d"
"ENSMUSG00000087088",-1.23525319029094,1.84999905963872,8.65086845856633,0.0148387784289369,0.046129872358695,"Gm16638"
"ENSMUSG00000024493",1.01875671697004,2.28428404495881,8.64881194828138,0.0148461231694544,0.0461362412684126,"Lars1"
"ENSMUSG00000096054",1.23582729967806,10.505757473756,8.58888478851253,0.0151052620855154,0.0468025082091155,"Syne1"
"ENSMUSG00000025041",-1.0470100301291,7.19230368774356,8.56853915282846,0.0151951082818784,0.0470288811143362,"Nt5c2"
"ENSMUSG00000001313",1.08006562082746,0.760661433182823,8.50478114783583,0.015493427803989,0.0477412277699489,"Rnd2"
"ENSMUSG00000027495",-1.03201927618447,1.83337449599595,8.4846346334115,0.0155755613435594,0.0479021174471105,"Fam210b"
"ENSMUSG00000031556",-1.37568470261425,2.50004341834912,8.43751665250495,0.0157913054110672,0.048373692734805,"Tm2d2"
"ENSMUSG00000060586",-1.39197357963322,4.93183870646393,8.43539081692033,0.0157993899605178,0.0483780774009625,"H2-Eb1"
"ENSMUSG00000040033",1.21127433429465,9.67172485760482,8.3944533587438,0.0159909949006538,0.0488047603081774,"Stat2"
"ENSMUSG00000033355",1.15663709838549,8.78280884777327,8.3798084554301,0.0160602299667145,0.0488962231015944,"Rtp4"
"ENSMUSG00000042111",-1.27091488267617,3.09789867636756,8.37152315019204,0.0161004969975801,0.0489789006112595,"Ccdc115"
"ENSMUSG00000024127",-1.01062515003699,0.823830775026206,8.36373730178069,0.016147634767645,0.0490956437441666,"Prepl"
"ENSMUSG00000032484",1.08643180740963,9.61095169846448,8.35519541435867,0.0161774118691339,0.0491654649789261,"Ngp"
"ENSMUSG00000046982",-1.36526876073288,0.577710726885498,8.35834092310378,0.0161829746974742,0.0491654649789261,"Tshz1"
"ENSMUSG00000035517",1.05694069624642,7.48862425764377,8.29742522349256,0.0164565577880955,0.049724627428198,"Tdrd7"
"ENSMUSG00000068129",1.24953622395597,2.39044567389712,8.2902557762641,0.016493493530492,0.0498206312920098,"Cst7"
